action_encoded,discount_pct,confidence,retry_count_so_far,amount_log,is_escalation,hour_of_day,is_weekend,channel_encoded,is_anomaly
1,5.0,0.7,6,11.33683,0,18,0,1,0
3,0.0,0.88,0,9.475922,1,11,0,3,0
1,5.0,0.73,5,13.2235,0,13,0,2,0
1,5.0,0.79,3,8.554439,0,15,1,0,0
2,0.0,0.85,1,9.237349,0,11,0,0,0
1,5.0,0.79,3,12.637186,0,12,0,1,0
1,5.0,0.65,8,10.353556,0,14,0,1,0
1,5.0,0.65,11,12.28252,0,15,1,1,0
1,5.0,0.82,2,13.55288,0,23,0,1,0
3,0.0,0.85,1,11.685847,1,14,0,0,0
1,5.0,0.79,3,11.291927,0,6,1,1,0
2,0.0,0.88,0,11.71054,0,19,1,2,0
1,5.0,0.82,2,11.180302,0,13,0,0,0
2,0.0,0.88,0,9.295676,0,8,1,0,0
0,0.0,0.85,1,11.845949,0,15,1,1,0
1,5.0,0.76,4,6.721161,0,2,0,0,0
2,0.0,0.88,0,8.123442,0,10,0,0,0
0,64.2,0.1726,2,13.505817,0,6,0,1,1
1,5.0,0.82,2,12.893897,0,13,1,1,0
1,5.0,0.7,6,9.42877,0,12,0,1,0
1,5.0,0.82,2,12.456857,0,11,1,2,0
0,71.1,0.0881,5,12.71454,0,0,0,1,1
1,5.0,0.79,3,13.30943,0,11,0,1,0
1,5.0,0.82,2,10.125808,0,12,1,1,0
3,0.0,0.85,1,12.080647,1,23,1,0,0
1,5.0,0.7,6,12.302742,0,12,0,1,0
2,0.0,0.85,1,10.118495,0,15,1,1,0
1,5.0,0.79,3,12.676993,0,12,1,2,0
2,0.0,0.88,0,9.501723,0,14,0,0,0
2,0.0,0.88,0,12.117869,0,22,0,2,0
1,5.0,0.82,2,11.348924,0,13,0,0,0
2,0.0,0.85,1,8.701268,0,18,0,0,0
2,0.0,0.85,1,10.894981,0,14,0,2,0
2,0.0,0.88,0,9.525872,0,16,0,0,0
1,5.0,0.79,3,13.398292,0,2,0,1,0
3,0.0,0.88,0,13.756557,1,19,0,2,0
3,0.0,0.88,0,12.291632,1,9,1,1,0
2,0.0,0.88,0,9.97479,0,4,0,1,0
3,0.0,0.88,0,13.173398,1,0,1,1,0
2,0.0,0.85,1,9.549404,0,14,1,2,0
0,58.6,0.1563,0,2.394252,0,20,0,1,1
1,5.0,0.79,3,10.620576,0,19,0,1,0
0,0.0,0.85,1,11.312023,0,19,0,1,0
1,5.0,0.7,6,13.322708,0,10,0,2,0
3,0.0,0.85,1,12.558116,1,22,0,1,0
1,5.0,0.73,5,9.756312,0,11,1,0,0
2,0.0,0.88,0,6.828831,0,16,0,0,0
1,5.0,0.82,2,11.744226,0,0,0,2,0
1,5.0,0.79,3,10.113405,0,18,1,1,0
2,0.0,0.85,1,8.429924,0,14,0,0,0
2,0.0,0.88,0,8.349617,0,17,0,3,0
2,0.0,0.85,1,11.379941,0,15,0,1,0
1,5.0,0.79,3,11.634265,0,16,0,1,0
1,5.0,0.79,3,11.924471,0,0,1,2,0
2,0.0,0.88,0,8.112684,0,12,0,0,0
1,5.0,0.76,4,13.246069,0,11,0,2,0
0,0.0,0.85,1,12.074277,0,0,0,1,0
0,0.0,0.85,1,8.566562,0,17,0,2,0
2,0.0,0.88,0,10.681971,0,11,0,0,0
0,0.0,0.85,1,9.630762,0,19,0,0,0
1,5.0,0.65,8,9.835717,0,14,0,0,0
1,5.0,0.79,3,13.698888,0,13,0,2,0
0,0.0,0.85,1,13.003325,0,18,0,0,0
1,5.0,0.79,3,9.030471,0,21,0,0,0
0,0.0,0.85,1,11.395673,0,9,1,0,0
1,5.0,0.82,2,8.805474,0,16,0,1,0
3,0.0,0.85,1,9.193308,1,21,1,3,0
1,5.0,0.73,5,13.392164,0,18,0,2,0
3,0.0,0.88,0,11.996352,1,11,1,1,0
3,0.0,0.88,0,12.558891,1,0,0,1,0
2,0.0,0.85,1,8.781873,0,14,0,0,0
2,0.0,0.88,0,10.634929,0,18,0,1,0
2,0.0,0.88,0,8.149735,0,12,0,3,0
2,0.0,0.88,0,10.287049,0,17,0,2,0
2,0.0,0.88,0,8.087293,0,17,0,0,0
3,0.0,0.88,0,12.51204,1,2,0,1,0
1,5.0,0.79,3,12.548841,0,0,0,1,0
0,0.0,0.85,1,10.78037,0,19,0,2,0
2,0.0,0.88,0,8.689705,0,11,0,1,0
0,0.0,0.85,1,7.397984,0,13,1,3,0
1,5.0,0.79,3,11.187856,0,20,0,0,0
1,5.0,0.79,3,11.02093,0,11,0,1,0
1,5.0,0.65,8,13.103486,0,13,0,2,0
2,0.0,0.85,1,10.705961,0,12,0,2,0
1,5.0,0.82,2,9.413723,0,16,0,2,0
3,0.0,0.85,1,12.81866,1,12,0,2,0
3,0.0,0.85,1,10.140248,1,1,0,3,0
1,5.0,0.73,5,11.959866,0,13,0,1,0
1,5.0,0.79,3,10.268207,0,23,0,1,0
1,5.0,0.76,4,12.585849,0,13,0,1,0
2,0.0,0.88,0,9.383413,0,3,0,0,0
3,0.0,0.88,0,12.908974,1,17,0,2,0
0,0.0,0.85,1,11.295677,0,19,1,1,0
1,5.0,0.82,2,10.628772,0,16,0,1,0
1,5.0,0.82,2,9.067813,0,10,1,3,0
1,5.0,0.82,2,10.846627,0,12,1,1,0
1,5.0,0.82,2,12.300054,0,13,0,2,0
0,0.0,0.85,1,11.304719,0,12,1,1,0
3,0.0,0.79,3,12.442748,1,0,0,1,0
0,0.0,0.88,0,10.843532,0,21,1,1,0
1,5.0,0.79,3,13.702434,0,13,0,2,0
1,5.0,0.73,5,13.024739,0,3,1,2,0
1,5.0,0.82,2,11.702357,0,15,1,1,0
1,5.0,0.82,2,11.4524,0,11,1,1,0
2,0.0,0.88,0,10.646904,0,17,0,0,0
1,5.0,0.7,6,9.066284,0,11,0,1,0
1,5.0,0.79,3,12.554717,0,21,1,1,0
1,5.0,0.65,8,11.43002,0,20,0,0,0
3,0.0,0.85,1,13.028257,1,1,1,2,0
0,0.0,0.85,1,11.440412,0,11,0,1,0
2,0.0,0.85,1,11.081995,0,10,0,1,0
0,0.0,0.88,0,10.94902,0,20,0,2,0
3,0.0,0.85,1,11.567672,1,6,0,1,0
2,0.0,0.88,0,9.297171,0,14,0,0,0
2,0.0,0.88,0,10.009337,0,14,0,1,0
2,0.0,0.85,1,12.389917,0,12,0,2,0
1,5.0,0.79,3,11.692594,0,14,0,1,0
3,0.0,0.85,1,11.961447,1,23,0,1,0
0,74.7,0.1449,1,5.318806,0,3,0,3,1
3,0.0,0.76,4,11.966029,1,18,0,0,0
1,5.0,0.76,4,9.069406,0,23,0,0,0
1,5.0,0.79,3,11.971996,0,12,1,2,0
2,0.0,0.88,0,8.584177,0,16,0,0,0
1,5.0,0.76,4,12.927729,0,11,0,1,0
1,5.0,0.79,3,12.770318,0,11,1,1,0
0,0.0,0.85,1,9.773764,0,1,0,3,0
1,5.0,0.76,4,9.83891,0,14,1,3,0
2,0.0,0.88,0,11.874837,0,15,1,2,0
1,5.0,0.79,3,9.816842,0,12,1,0,0
1,5.0,0.76,4,9.066818,0,14,1,2,0
1,5.0,0.79,3,8.433968,0,13,1,3,0
2,0.0,0.88,0,9.039624,0,12,0,1,0
1,5.0,0.79,3,11.241903,0,18,0,0,0
2,0.0,0.88,0,6.994392,0,9,0,0,0
2,0.0,0.85,1,9.178246,0,23,0,0,0
1,5.0,0.73,5,11.261082,0,14,0,0,0
2,0.0,0.88,0,8.446429,0,11,0,0,0
3,0.0,0.88,0,13.813065,1,0,1,2,0
2,0.0,0.88,0,10.838021,0,19,1,1,0
3,0.0,0.85,1,12.403102,1,21,0,1,0
2,0.0,0.88,0,11.564241,0,17,0,2,0
3,0.0,0.85,1,13.025568,1,2,0,2,0
2,0.0,0.85,1,7.47183,0,13,0,0,0
1,5.0,0.79,3,14.213695,0,11,1,2,0
2,0.0,0.88,0,8.92975,0,11,0,0,0
1,5.0,0.82,2,12.967103,0,17,1,1,0
1,5.0,0.82,2,8.724321,0,18,0,2,0
2,0.0,0.88,0,11.723535,0,10,0,2,0
2,0.0,0.88,0,9.242929,0,13,1,0,0
1,5.0,0.76,4,11.00744,0,22,1,0,0
1,5.0,0.79,3,11.878658,0,18,0,1,0
2,0.0,0.85,1,7.635439,0,1,1,2,0
0,0.0,0.85,1,13.572227,0,15,1,2,0
1,5.0,0.76,4,13.455174,0,2,0,2,0
1,5.0,0.7,6,11.103019,0,18,0,2,0
1,5.0,0.73,5,10.603389,0,12,1,3,0
1,5.0,0.7,6,9.945783,0,16,0,0,0
2,0.0,0.88,0,9.025296,0,16,0,0,0
1,5.0,0.79,3,10.814219,0,10,0,0,0
1,5.0,0.79,3,10.758512,0,10,0,0,0
1,5.0,0.76,4,11.975926,0,9,0,1,0
0,0.0,0.85,1,9.045995,0,19,0,0,0
1,5.0,0.82,2,11.629392,0,21,1,1,0
2,0.0,0.88,0,9.21941,0,8,1,1,0
0,0.0,0.85,1,8.556387,0,18,0,0,0
1,5.0,0.82,2,11.811577,0,21,1,1,0
2,0.0,0.88,0,10.897189,0,13,1,1,0
1,5.0,0.73,5,10.863556,0,7,1,0,0
3,0.0,0.88,0,13.520382,1,1,0,1,0
1,5.0,0.82,2,8.77999,0,9,0,3,0
0,0.0,0.85,1,10.299394,0,11,0,2,0
2,0.0,0.85,1,9.050501,0,12,0,0,0
0,0.0,0.85,1,11.068936,0,4,0,1,0
1,5.0,0.73,5,12.31043,0,16,0,2,0
1,5.0,0.7,6,10.682692,0,23,0,0,0
2,0.0,0.88,0,9.939361,0,15,1,1,0
1,44.3,0.0526,14,12.574657,0,9,0,2,1
0,0.0,0.85,1,11.596688,0,12,1,0,0
1,5.0,0.82,2,11.663958,0,19,0,1,0
3,0.0,0.85,1,11.466427,1,15,0,0,0
1,5.0,0.82,2,10.551669,0,2,1,2,0
1,5.0,0.73,5,13.038633,0,1,1,2,0
3,0.0,0.88,0,10.41062,1,1,0,1,0
2,0.0,0.85,1,7.637635,0,10,0,2,0
0,0.0,0.85,1,9.755642,0,17,0,0,0
0,0.0,0.85,1,11.549078,0,21,0,1,0
3,0.0,0.82,2,11.621677,1,9,0,1,0
1,5.0,0.82,2,11.814977,0,17,0,1,0
3,0.0,0.88,0,9.845209,1,3,0,1,0
1,42.1,0.1357,1,14.322907,0,12,0,2,1
3,0.0,0.88,0,12.620862,1,12,0,1,0
3,0.0,0.85,1,11.996416,1,2,0,1,0
1,5.0,0.79,3,11.175401,0,19,0,1,0
2,0.0,0.88,0,10.257733,0,11,1,1,0
2,0.0,0.88,0,9.232008,0,12,0,0,0
1,5.0,0.79,3,11.242705,0,16,0,1,0
2,0.0,0.82,2,10.859508,0,16,1,1,0
3,0.0,0.88,0,12.792663,1,0,1,1,0
1,5.0,0.67,7,11.401528,0,9,0,0,0
1,5.0,0.73,5,9.586861,0,11,0,0,0
2,0.0,0.85,1,12.040014,0,19,0,2,0
2,0.0,0.85,1,8.958032,0,19,1,0,0
2,0.0,0.88,0,6.945783,0,13,0,0,0
2,0.0,0.85,1,9.280453,0,8,0,1,0
3,0.0,0.85,1,12.736936,1,22,1,1,0
3,0.0,0.88,0,11.246827,1,2,0,0,0
0,0.0,0.85,1,6.082698,0,23,0,3,0
3,0.0,0.88,0,12.479913,1,0,0,1,0
2,0.0,0.88,0,9.203011,0,11,0,0,0
1,5.0,0.73,5,9.516776,0,16,1,3,0
0,0.0,0.85,1,12.218392,0,6,0,1,0
2,0.0,0.85,1,12.211125,0,10,1,1,0
0,0.0,0.85,1,11.800096,0,17,0,0,0
1,5.0,0.76,4,10.422869,0,0,1,0,0
2,0.0,0.85,1,11.556771,0,17,0,2,0
1,5.0,0.79,3,10.221426,0,11,0,2,0
2,0.0,0.85,1,9.786365,0,9,0,1,0
2,0.0,0.88,0,6.638542,0,11,0,0,0
2,0.0,0.88,0,11.680209,0,9,0,2,0
2,0.0,0.85,1,9.324508,0,14,1,0,0
2,0.0,0.85,1,10.914577,0,9,0,2,0
0,0.0,0.85,1,12.235253,0,17,0,1,0
1,5.0,0.79,3,9.625585,0,13,1,1,0
1,5.0,0.7,6,13.005092,0,3,0,1,0
0,0.0,0.85,1,11.349247,0,18,0,1,0
0,0.0,0.85,1,10.289806,0,17,0,0,0
2,0.0,0.88,0,11.250305,0,19,0,1,0
2,0.0,0.85,1,8.888526,0,14,0,0,0
1,5.0,0.7,6,10.534214,0,9,0,2,0
2,0.0,0.88,0,7.572421,0,13,1,3,0
2,0.0,0.85,1,9.19404,0,11,0,0,0
3,0.0,0.85,1,11.34238,1,22,1,1,0
0,0.0,0.85,1,12.069066,0,20,0,1,0
0,0.0,0.85,1,11.342994,0,7,0,1,0
1,5.0,0.65,11,9.830245,0,15,0,3,0
1,5.0,0.79,3,10.252872,0,11,0,1,0
1,5.0,0.65,11,11.618043,0,10,0,0,0
1,5.0,0.82,2,11.838569,0,19,0,1,0
3,0.0,0.88,0,13.564196,1,0,0,2,0
1,5.0,0.73,5,9.987859,0,22,0,0,0
0,0.0,0.85,1,12.007308,0,11,0,1,0
2,0.0,0.88,0,12.46391,0,9,0,2,0
3,0.0,0.85,1,12.529341,1,10,1,2,0
0,0.0,0.88,0,11.676633,0,16,0,2,0
0,0.0,0.88,0,12.574586,0,23,0,1,0
0,0.0,0.85,1,9.987163,0,7,0,2,0
2,0.0,0.85,1,10.316122,0,1,0,1,0
1,5.0,0.73,5,13.258146,0,16,0,1,0
3,0.0,0.88,0,12.433622,1,9,0,0,0
0,0.0,0.85,1,10.235226,0,2,0,0,0
1,5.0,0.82,2,10.33183,0,11,1,0,0
2,0.0,0.88,0,9.388152,0,11,0,1,0
3,0.0,0.85,1,10.321888,1,1,0,0,0
1,5.0,0.65,8,11.909537,0,13,0,1,0
0,0.0,0.85,1,10.69689,0,21,0,2,0
0,0.0,0.85,1,8.915859,0,3,0,3,0
1,5.0,0.7,6,10.227633,0,14,0,0,0
1,5.0,0.82,2,8.833933,0,10,0,3,0
1,5.0,0.79,3,10.605066,0,9,0,1,0
1,5.0,0.82,2,8.345033,0,13,0,0,0
1,5.0,0.79,3,10.228443,0,20,0,2,0
3,0.0,0.85,1,13.296191,1,1,0,2,0
3,0.0,0.88,0,13.720529,1,20,0,2,0
2,0.0,0.88,0,9.901892,0,14,0,1,0
1,5.0,0.79,3,10.056663,0,11,0,1,0
2,0.0,0.85,1,6.871807,0,7,0,0,0
3,0.0,0.88,0,9.221704,1,0,0,3,0
1,5.0,0.76,4,11.361834,0,23,1,0,0
1,5.0,0.73,5,11.136563,0,12,0,1,0
2,0.0,0.85,1,8.317908,0,14,0,0,0
2,0.0,0.88,0,12.164418,0,14,0,2,0
1,5.0,0.73,5,13.190124,0,8,0,2,0
0,0.0,0.85,1,10.853603,0,12,1,0,0
2,0.0,0.88,0,8.505183,0,8,0,3,0
2,0.0,0.88,0,10.560761,0,10,0,2,0
1,5.0,0.76,4,8.945987,0,13,0,0,0
2,0.0,0.88,0,10.03185,0,9,0,2,0
1,5.0,0.79,3,10.018475,0,19,0,0,0
1,5.0,0.65,10,8.678184,0,16,0,3,0
3,0.0,0.85,1,11.79794,1,0,0,2,0
1,5.0,0.79,3,10.555725,0,12,1,1,0
3,0.0,0.88,0,11.725189,1,1,0,0,0
1,5.0,0.79,3,11.231652,0,10,0,1,0
1,5.0,0.79,3,8.595355,0,18,0,0,0
1,5.0,0.82,2,10.510415,0,18,0,2,0
0,0.0,0.85,1,12.173538,0,21,0,1,0
2,0.0,0.88,0,8.623898,0,11,0,2,0
2,0.0,0.88,0,7.024222,0,10,1,0,0
1,5.0,0.79,3,12.319435,0,20,0,1,0
2,0.0,0.85,1,11.838073,0,16,0,2,0
2,0.0,0.85,1,9.127287,0,12,1,0,0
1,5.0,0.82,2,10.934934,0,20,1,1,0
1,5.0,0.82,2,11.223982,0,16,0,1,0
0,49.7,0.0804,2,13.485427,0,15,0,2,1
2,0.0,0.85,1,8.294565,0,15,1,0,0
1,5.0,0.76,4,7.656838,0,13,0,1,0
1,5.0,0.82,2,9.306497,0,18,0,2,0
3,0.0,0.88,0,11.566733,1,8,0,1,0
2,0.0,0.88,0,9.360395,0,21,0,0,0
2,0.0,0.88,0,11.290234,0,10,0,1,0
2,0.0,0.85,1,10.59521,0,15,0,1,0
1,5.0,0.82,2,12.346478,0,11,0,1,0
0,0.0,0.85,1,11.98857,0,20,0,1,0
2,0.0,0.88,0,7.402695,0,13,0,1,0
3,0.0,0.88,0,9.863115,1,7,0,3,0
1,5.0,0.79,3,7.929217,0,12,1,0,0
0,52.7,0.2009,10,8.170519,0,12,0,3,1
1,5.0,0.7,6,12.885218,0,14,0,2,0
2,0.0,0.85,1,10.394592,0,9,0,2,0
1,5.0,0.79,3,10.644467,0,1,0,0,0
1,5.0,0.79,3,12.906113,0,15,0,1,0
2,0.0,0.82,2,9.657222,0,11,0,0,0
1,5.0,0.7,6,13.049821,0,12,0,1,0
1,5.0,0.82,2,10.662792,0,18,0,2,0
2,0.0,0.85,1,11.418586,0,11,0,1,0
2,0.0,0.88,0,9.595165,0,11,0,0,0
3,0.0,0.88,0,12.165384,1,8,1,1,0
2,0.0,0.88,0,9.411559,0,12,0,0,0
0,0.0,0.85,1,12.316236,0,15,0,1,0
1,5.0,0.79,3,12.10544,0,21,0,1,0
1,5.0,0.82,2,10.953387,0,0,0,0,0
2,0.0,0.88,0,9.052454,0,13,0,1,0
1,5.0,0.82,2,10.678416,0,13,0,1,0
2,0.0,0.73,5,8.921955,0,14,0,1,0
2,0.0,0.85,1,10.612839,0,17,0,2,0
3,0.0,0.85,1,10.88186,1,3,0,1,0
2,0.0,0.88,0,10.756262,0,13,1,1,0
2,0.0,0.85,1,7.719543,0,16,1,0,0
3,0.0,0.85,1,12.658284,1,21,0,1,0
2,0.0,0.85,1,11.796697,0,12,0,2,0
1,5.0,0.7,6,11.326514,0,10,1,1,0
1,5.0,0.82,2,10.944304,0,14,1,0,0
0,53.1,0.2361,0,8.621544,0,1,1,0,1
1,5.0,0.7,6,11.43043,0,12,0,0,0
3,0.0,0.85,1,12.399828,1,3,0,1,0
0,0.0,0.85,1,7.837464,0,10,0,2,0
1,5.0,0.76,4,12.609694,0,12,1,1,0
1,5.0,0.76,4,9.107674,0,14,0,2,0
2,0.0,0.88,0,10.561245,0,13,0,1,0
1,5.0,0.79,3,12.43295,0,15,0,1,0
1,5.0,0.65,9,9.654872,0,18,1,2,0
0,0.0,0.85,1,9.38666,0,22,0,1,0
2,0.0,0.85,1,12.956223,0,12,0,3,0
1,5.0,0.73,5,9.894461,0,13,1,3,0
2,0.0,0.85,1,11.666079,0,12,0,2,0
1,5.0,0.65,12,11.707915,0,13,0,2,0
1,5.0,0.67,7,11.321455,0,14,0,0,0
0,0.0,0.85,1,11.136344,0,13,1,1,0
0,0.0,0.85,1,10.054512,0,11,1,2,0
3,0.0,0.88,0,8.629133,1,0,0,1,0
3,0.0,0.85,1,12.606352,1,12,0,1,0
2,0.0,0.88,0,10.459756,0,12,1,1,0
2,0.0,0.88,0,7.640633,0,10,1,0,0
2,0.0,0.88,0,6.653431,0,12,0,1,0
2,0.0,0.88,0,7.153849,0,12,1,0,0
1,5.0,0.79,3,10.104764,0,8,0,1,0
0,0.0,0.85,1,11.329416,0,13,0,0,0
0,0.0,0.88,0,10.693552,0,14,0,0,0
1,5.0,0.7,6,10.641797,0,11,0,0,0
2,0.0,0.88,0,8.976622,0,18,1,0,0
1,5.0,0.73,5,9.317967,0,0,0,3,0
1,5.0,0.73,5,11.080532,0,14,1,1,0
2,0.0,0.85,1,6.410964,0,11,0,0,0
1,5.0,0.79,3,9.833309,0,18,0,2,0
1,5.0,0.82,2,9.679211,0,15,1,1,0
1,5.0,0.79,3,11.681047,0,4,0,1,0
1,5.0,0.76,4,9.464216,0,16,1,0,0
0,0.0,0.85,1,11.540298,0,19,0,1,0
1,5.0,0.82,2,8.063929,0,23,0,0,0
1,5.0,0.82,2,13.792405,0,10,0,2,0
2,0.0,0.88,0,12.178459,0,14,1,2,0
0,0.0,0.85,1,8.971658,0,20,1,0,0
1,5.0,0.73,5,10.987764,0,22,1,0,0
1,5.0,0.82,2,9.213043,0,12,0,1,0
1,5.0,0.73,5,10.088781,0,22,1,0,0
2,0.0,0.85,1,9.28896,0,15,0,0,0
2,0.0,0.85,1,9.337772,0,19,0,1,0
1,5.0,0.82,2,9.496615,0,12,0,0,0
2,0.0,0.85,1,8.722328,0,11,1,0,0
1,5.0,0.79,3,12.550352,0,12,1,1,0
1,5.0,0.7,6,13.101379,0,18,1,2,0
1,5.0,0.7,6,10.922408,0,1,0,0,0
2,0.0,0.88,0,8.88778,0,0,1,1,0
2,0.0,0.88,0,11.246133,0,17,0,1,0
1,5.0,0.76,4,10.463674,0,22,0,1,0
1,5.0,0.7,6,11.207833,0,13,0,2,0
2,0.0,0.85,1,7.776757,0,14,0,3,0
2,0.0,0.85,1,10.991885,0,11,0,1,0
0,0.0,0.85,1,12.430496,0,18,1,2,0
0,0.0,0.85,1,11.529376,0,12,1,0,0
1,5.0,0.82,2,11.668575,0,11,0,2,0
3,0.0,0.85,1,12.69211,1,10,0,1,0
1,5.0,0.82,2,10.068797,0,21,1,1,0
1,5.0,0.7,6,12.871471,0,11,0,2,0
1,5.0,0.73,5,9.872422,0,16,0,3,0
3,0.0,0.85,1,11.478054,1,19,0,1,0
1,5.0,0.79,3,11.315755,0,0,0,1,0
1,5.0,0.76,4,12.883478,0,10,1,1,0
2,0.0,0.85,1,11.414647,0,19,0,2,0
2,0.0,0.88,0,8.503859,0,16,0,0,0
2,0.0,0.85,1,8.324484,0,15,0,0,0
1,5.0,0.82,2,10.327218,0,21,0,2,0
2,0.0,0.88,0,10.899312,0,13,0,1,0
2,0.0,0.88,0,8.444775,0,11,0,0,0
2,0.0,0.88,0,7.838103,0,11,0,0,0
1,5.0,0.76,4,12.947032,0,14,1,1,0
1,5.0,0.82,2,13.457482,0,11,0,2,0
1,5.0,0.82,2,4.242046,0,17,0,2,0
1,5.0,0.76,4,12.836615,0,1,1,1,0
1,5.0,0.65,10,12.687158,0,10,0,2,0
1,5.0,0.73,5,11.171067,0,8,1,0,0
2,0.0,0.85,1,10.696707,0,16,0,1,0
0,0.0,0.88,0,9.702174,0,17,0,0,0
2,0.0,0.88,0,6.291884,0,7,0,0,0
1,79.2,0.0577,1,3.135929,0,0,1,1,1
3,0.0,0.85,1,11.2735,1,1,1,0,0
3,0.0,0.85,1,12.54526,1,17,0,1,0
1,5.0,0.7,6,13.469271,0,13,0,2,0
1,5.0,0.79,3,10.470118,0,15,0,0,0
1,5.0,0.79,3,9.298899,0,19,1,3,0
1,5.0,0.79,3,10.363868,0,16,1,1,0
3,0.0,0.85,1,10.225348,1,23,0,0,0
3,0.0,0.85,1,11.241448,1,1,0,0,0
1,5.0,0.79,3,11.21311,0,12,1,1,0
1,5.0,0.67,7,13.533741,0,15,0,2,0
0,0.0,0.85,1,12.14896,0,14,1,1,0
0,0.0,0.85,1,10.693894,0,23,1,0,0
1,5.0,0.79,3,10.955247,0,19,0,1,0
2,0.0,0.85,1,11.813562,0,17,1,2,0
0,51.1,0.128,0,3.600868,0,4,0,2,1
1,5.0,0.67,7,13.259394,0,16,1,2,0
1,5.0,0.76,4,11.475598,0,10,0,1,0
0,0.0,0.85,1,8.532036,0,13,0,0,0
3,0.0,0.85,1,12.088685,1,11,1,1,0
0,71.9,0.0955,2,9.612093,0,0,0,0,1
2,0.0,0.88,0,9.7209,0,13,0,0,0
1,5.0,0.73,5,12.523145,0,12,1,1,0
1,5.0,0.79,3,12.546317,0,15,0,1,0
1,5.0,0.76,4,9.397633,0,1,0,0,0
2,0.0,0.88,0,7.612698,0,13,0,3,0
2,0.0,0.88,0,6.187894,0,14,0,0,0
0,0.0,0.85,1,7.754987,0,16,1,2,0
2,0.0,0.85,1,7.731733,0,11,0,0,0
2,0.0,0.88,0,12.019159,0,9,1,2,0
2,0.0,0.85,1,12.211619,0,15,1,2,0
2,0.0,0.85,1,9.297078,0,16,1,0,0
2,0.0,0.88,0,11.654091,0,2,1,2,0
1,5.0,0.82,2,11.264757,0,13,0,1,0
2,0.0,0.85,1,8.556506,0,16,0,3,0
0,0.0,0.85,1,11.223699,0,5,1,0,0
0,0.0,0.85,1,11.088372,0,12,0,0,0
3,0.0,0.88,0,13.568778,1,0,0,2,0
1,5.0,0.7,6,9.267746,0,12,1,0,0
0,0.0,0.85,1,10.397678,0,17,1,1,0
2,0.0,0.85,1,10.275487,0,17,0,1,0
1,5.0,0.76,4,8.299656,0,14,1,0,0
1,5.0,0.79,3,14.223472,0,15,0,2,0
1,5.0,0.79,3,11.301762,0,20,1,1,0
1,5.0,0.79,3,11.477115,0,20,0,1,0
1,5.0,0.76,4,9.872649,0,9,1,1,0
1,5.0,0.82,2,10.486106,0,22,0,2,0
2,0.0,0.88,0,7.557828,0,9,0,0,0
3,0.0,0.88,0,9.89784,1,11,0,3,0
1,5.0,0.73,5,11.631352,0,14,0,0,0
1,5.0,0.82,2,10.410657,0,20,1,2,0
0,0.0,0.85,1,7.085667,0,21,0,0,0
1,5.0,0.7,6,9.917002,0,23,0,3,0
0,0.0,0.85,1,8.427096,0,12,0,3,0
1,5.0,0.79,3,11.249561,0,18,0,0,0
1,5.0,0.82,2,11.561117,0,18,0,1,0
2,0.0,0.85,1,9.7168,0,11,1,1,0
1,5.0,0.76,4,12.58757,0,14,0,1,0
3,0.0,0.88,0,12.65549,1,23,0,1,0
1,5.0,0.79,3,10.191034,0,19,0,3,0
2,0.0,0.85,1,9.296645,0,16,0,0,0
1,5.0,0.82,2,10.25965,0,14,0,1,0
1,5.0,0.79,3,10.748199,0,10,0,2,0
2,0.0,0.88,0,11.107293,0,10,0,2,0
1,5.0,0.79,3,7.577746,0,19,1,1,0
1,5.0,0.65,10,13.137555,0,0,0,1,0
2,0.0,0.88,0,6.476403,0,9,1,0,0
2,0.0,0.85,1,9.414525,0,11,1,0,0
1,5.0,0.82,2,9.566671,0,20,0,2,0
2,0.0,0.85,1,7.512262,0,10,0,0,0
3,0.0,0.88,0,12.868299,1,21,0,1,0
2,0.0,0.88,0,7.995698,0,10,0,0,0
2,0.0,0.85,1,6.781557,0,9,0,0,0
1,5.0,0.73,5,12.475729,0,20,1,1,0
0,0.0,0.85,1,11.452245,0,11,0,0,0
1,5.0,0.73,5,8.205481,0,23,0,3,0
2,0.0,0.88,0,8.892806,0,18,0,1,0
3,0.0,0.88,0,12.792904,1,15,1,1,0
2,0.0,0.88,0,9.830431,0,14,0,1,0
2,0.0,0.85,1,9.737139,0,11,0,0,0
2,0.0,0.88,0,10.50772,0,16,1,1,0
0,0.0,0.85,1,12.260265,0,22,0,1,0
1,5.0,0.82,2,13.003672,0,13,0,1,0
1,5.0,0.82,2,14.340287,0,19,0,2,0
0,0.0,0.85,1,9.470751,0,2,0,2,0
1,5.0,0.73,5,13.301835,0,13,0,2,0
2,0.0,0.85,1,9.080997,0,11,1,0,0
2,0.0,0.88,0,10.502583,0,1,0,1,0
0,0.0,0.88,0,12.582413,0,1,0,2,0
2,0.0,0.85,1,10.210049,0,10,0,0,0
1,5.0,0.79,3,11.049784,0,7,0,1,0
1,5.0,0.76,4,11.258294,0,20,0,0,0
1,5.0,0.82,2,8.261028,0,19,0,1,0
1,5.0,0.82,2,12.768571,0,2,1,2,0
0,0.0,0.85,1,10.210616,0,19,0,1,0
3,0.0,0.88,0,5.816129,1,0,0,3,0
2,0.0,0.88,0,4.770091,0,10,0,0,0
2,0.0,0.85,1,10.728299,0,11,1,1,0
1,5.0,0.79,3,8.912141,0,13,0,2,0
1,5.0,0.73,5,9.123398,0,10,0,3,0
1,5.0,0.82,2,11.151562,0,8,0,1,0
0,0.0,0.85,1,11.964358,0,12,1,1,0
2,0.0,0.88,0,7.475163,0,2,0,0,0
1,5.0,0.79,3,8.340549,0,11,1,1,0
2,0.0,0.85,1,9.199931,0,10,1,1,0
1,5.0,0.65,10,6.434177,0,12,0,2,0
3,0.0,0.85,1,11.405044,1,3,0,1,0
2,0.0,0.88,0,12.600537,0,12,0,3,0
2,0.0,0.88,0,8.355022,0,14,0,3,0
1,5.0,0.79,3,11.347716,0,17,1,0,0
2,0.0,0.85,1,10.526202,0,0,0,3,0
0,0.0,0.85,1,12.137189,0,20,1,1,0
1,5.0,0.82,2,10.734594,0,17,0,0,0
2,0.0,0.88,0,10.627793,0,14,0,1,0
2,0.0,0.88,0,9.346442,0,10,0,0,0
2,0.0,0.88,0,11.398771,0,16,0,2,0
1,5.0,0.82,2,10.766339,0,14,0,1,0
1,5.0,0.65,11,12.904161,0,14,0,1,0
2,0.0,0.85,1,7.953652,0,0,0,3,0
2,0.0,0.85,1,8.820044,0,10,0,0,0
1,5.0,0.82,2,10.689365,0,16,0,1,0
3,0.0,0.85,1,11.596687,1,23,0,1,0
1,5.0,0.82,2,5.674663,0,15,0,0,0
3,0.0,0.88,0,11.334547,1,2,0,0,0
1,5.0,0.79,3,9.738592,0,12,1,2,0
0,0.0,0.85,1,8.667609,0,16,1,0,0
1,5.0,0.65,11,13.123816,0,11,1,2,0
1,5.0,0.82,2,11.830086,0,12,0,2,0
1,65.3,0.1903,8,13.959767,0,16,0,0,1
1,76.6,0.1959,1,16.249793,0,21,0,1,1
3,0.0,0.85,1,13.635919,1,0,0,2,0
2,0.0,0.85,1,10.341935,0,12,0,2,0
1,5.0,0.79,3,7.778525,0,17,0,0,0
2,0.0,0.85,1,8.462557,0,15,0,0,0
0,79.1,0.178,2,11.657893,0,1,0,1,1
3,0.0,0.85,1,13.31128,1,16,0,2,0
0,0.0,0.85,1,10.922282,0,17,0,1,0
1,5.0,0.73,5,11.360267,0,11,1,0,0
3,0.0,0.85,1,12.392673,1,11,0,1,0
1,5.0,0.79,3,10.223023,0,12,0,1,0
3,0.0,0.85,1,10.460504,1,0,1,0,0
3,0.0,0.88,0,12.908467,1,23,0,2,0
2,0.0,0.85,1,8.564002,0,12,0,3,0
0,67.7,0.0529,12,12.653554,0,0,0,2,1
1,5.0,0.7,6,12.024794,0,19,0,1,0
1,5.0,0.82,2,10.962655,0,17,0,1,0
1,5.0,0.65,12,12.059222,0,1,0,2,0
1,5.0,0.7,6,11.023263,0,16,1,0,0
1,5.0,0.73,5,8.72765,0,16,0,3,0
1,5.0,0.79,3,11.945435,0,20,0,1,0
3,0.0,0.88,0,12.647101,1,3,0,2,0
1,5.0,0.7,6,13.339241,0,12,0,2,0
1,5.0,0.82,2,11.505436,0,1,0,0,0
0,0.0,0.85,1,12.169363,0,15,0,1,0
1,5.0,0.82,2,9.951292,0,16,1,2,0
1,5.0,0.76,4,12.36599,0,12,0,1,0
3,0.0,0.88,0,13.509396,1,21,1,0,0
1,5.0,0.76,4,13.665245,0,11,1,2,0
1,5.0,0.7,6,11.04104,0,17,0,0,0
0,0.0,0.85,1,14.309706,0,18,0,2,0
0,0.0,0.85,1,10.104496,0,17,0,0,0
2,0.0,0.88,0,11.503483,0,9,1,1,0
1,5.0,0.7,6,12.969739,0,14,0,2,0
1,5.0,0.79,3,7.450998,0,12,0,1,0
1,5.0,0.73,5,9.354978,0,5,0,0,0
1,5.0,0.82,2,10.827222,0,11,1,0,0
1,5.0,0.82,2,9.792421,0,22,0,2,0
2,0.0,0.85,1,9.180487,0,17,0,0,0
0,0.0,0.85,1,10.287333,0,11,1,0,0
2,0.0,0.85,1,7.298675,0,17,1,0,0
1,5.0,0.82,2,11.150587,0,14,0,1,0
1,5.0,0.79,3,10.40703,0,18,1,0,0
1,5.0,0.79,3,9.311801,0,17,0,2,0
1,5.0,0.82,2,11.393957,0,23,1,0,0
1,5.0,0.73,5,11.099129,0,16,0,0,0
2,0.0,0.88,0,9.537731,0,16,0,1,0
2,0.0,0.88,0,7.724778,0,11,0,0,0
2,0.0,0.88,0,7.850076,0,7,0,3,0
0,0.0,0.85,1,10.364879,0,13,1,0,0
1,5.0,0.73,5,9.322953,0,8,0,3,0
1,5.0,0.82,2,10.938296,0,13,0,1,0
2,0.0,0.85,1,11.401002,0,13,1,1,0
1,5.0,0.65,9,10.071526,0,0,0,0,0
1,5.0,0.79,3,11.683415,0,11,0,2,0
3,0.0,0.88,0,11.789038,1,1,1,0,0
1,5.0,0.73,5,13.886987,0,18,1,2,0
1,5.0,0.76,4,12.951257,0,11,0,1,0
0,0.0,0.85,1,10.460378,0,20,1,2,0
1,5.0,0.7,6,11.057404,0,16,0,0,0
1,5.0,0.79,3,9.521336,0,14,0,2,0
1,5.0,0.7,6,10.76893,0,11,1,1,0
0,0.0,0.85,1,10.658112,0,17,0,1,0
2,0.0,0.88,0,7.372753,0,17,0,3,0
0,0.0,0.85,1,11.0486,0,8,0,2,0
3,0.0,0.85,1,8.984241,1,0,0,0,0
1,5.0,0.79,3,9.479888,0,19,0,2,0
3,0.0,0.88,0,12.123238,1,10,0,1,0
0,0.0,0.85,1,13.339684,0,17,1,1,0
3,0.0,0.88,0,9.227762,1,12,0,3,0
0,0.0,0.85,1,6.309773,0,13,0,0,0
1,5.0,0.65,9,12.177779,0,12,1,1,0
1,5.0,0.79,3,13.228668,0,11,0,2,0
0,0.0,0.85,1,11.193875,0,9,1,0,0
0,0.0,0.85,1,10.830216,0,16,0,1,0
0,0.0,0.85,1,8.730718,0,23,0,3,0
2,0.0,0.88,0,10.773809,0,9,0,2,0
2,0.0,0.85,1,8.594584,0,7,0,3,0
0,0.0,0.85,1,7.647824,0,18,0,1,0
2,0.0,0.88,0,10.87205,0,16,0,1,0
1,5.0,0.65,10,14.188989,0,13,0,2,0
2,0.0,0.88,0,10.70996,0,17,1,1,0
0,0.0,0.85,1,10.96236,0,14,0,1,0
1,5.0,0.65,10,9.754012,0,23,0,3,0
1,5.0,0.79,3,11.180003,0,10,0,0,0
1,5.0,0.73,5,10.059661,0,5,1,3,0
2,0.0,0.85,1,9.500093,0,15,1,0,0
2,0.0,0.85,1,10.665,0,20,0,1,0
1,5.0,0.7,6,13.700717,0,10,0,2,0
0,0.0,0.85,1,5.270638,0,20,1,1,0
3,0.0,0.88,0,12.265691,1,13,0,2,0
1,5.0,0.65,8,10.671125,0,11,0,0,0
2,0.0,0.85,1,10.830017,0,12,0,2,0
1,5.0,0.7,6,11.694554,0,16,1,1,0
1,5.0,0.67,7,8.526977,0,12,0,0,0
1,5.0,0.65,8,9.793837,0,8,1,0,0
0,0.0,0.85,1,11.099072,0,12,0,1,0
1,5.0,0.79,3,11.481319,0,17,0,1,0
0,0.0,0.85,1,11.702666,0,13,1,0,0
2,0.0,0.88,0,10.594069,0,10,0,1,0
1,5.0,0.79,3,11.372476,0,23,0,1,0
1,5.0,0.73,5,9.979209,0,0,1,0,0
2,0.0,0.88,0,8.576995,0,15,0,3,0
0,0.0,0.85,1,12.726683,0,18,1,0,0
3,0.0,0.88,0,12.539837,1,11,1,1,0
0,0.0,0.85,1,9.339624,0,14,1,1,0
2,0.0,0.85,1,9.161227,0,20,1,0,0
1,5.0,0.79,3,8.832449,0,3,0,3,0
2,0.0,0.85,1,7.900637,0,17,0,0,0
1,5.0,0.82,2,7.494247,0,16,0,1,0
3,0.0,0.88,0,13.145133,1,1,0,1,0
0,0.0,0.85,1,8.770326,0,13,0,3,0
2,0.0,0.88,0,7.639878,0,17,1,3,0
1,5.0,0.82,2,10.083514,0,21,1,1,0
1,5.0,0.79,3,9.245323,0,20,0,0,0
2,0.0,0.88,0,9.081593,0,15,0,0,0
1,64.1,0.2236,2,12.771952,0,1,0,2,1
0,0.0,0.85,1,11.032186,0,14,0,0,0
0,0.0,0.85,1,6.99808,0,18,0,0,0
3,0.0,0.88,0,10.897131,1,4,0,0,0
1,5.0,0.82,2,12.491838,0,22,0,1,0
1,5.0,0.7,6,13.035613,0,10,0,2,0
1,5.0,0.82,2,7.00959,0,17,0,3,0
1,5.0,0.65,11,10.591674,0,12,0,1,0
0,62.4,0.2162,0,9.410368,0,12,0,0,1
2,0.0,0.85,1,7.471124,0,9,1,0,0
2,0.0,0.85,1,8.056953,0,22,1,0,0
3,0.0,0.85,1,12.6806,1,22,0,1,0
2,0.0,0.85,1,8.595002,0,13,0,0,0
1,5.0,0.73,5,12.29982,0,18,0,1,0
1,5.0,0.79,3,10.274043,0,22,0,1,0
1,5.0,0.73,5,11.566649,0,12,0,1,0
2,0.0,0.85,1,9.046271,0,15,0,0,0
1,5.0,0.65,12,12.950738,0,14,0,1,0
1,5.0,0.76,4,10.524165,0,10,0,0,0
2,0.0,0.85,1,8.108328,0,13,0,3,0
2,0.0,0.88,0,7.257665,0,14,0,3,0
1,5.0,0.79,3,9.060172,0,23,1,3,0
1,5.0,0.82,2,9.414898,0,17,0,2,0
2,0.0,0.88,0,11.661559,0,16,1,2,0
1,5.0,0.76,4,10.965345,0,12,0,1,0
2,0.0,0.85,1,8.590968,0,11,0,0,0
2,0.0,0.85,1,6.968427,0,15,0,3,0
2,0.0,0.85,1,6.584874,0,17,1,3,0
2,0.0,0.88,0,9.61775,0,15,0,0,0
1,5.0,0.82,2,13.816366,0,2,0,2,0
3,0.0,0.88,0,12.350434,1,15,1,2,0
1,5.0,0.79,3,13.094741,0,23,0,2,0
0,0.0,0.85,1,6.209153,0,21,0,3,0
2,0.0,0.85,1,8.631805,0,14,0,0,0
1,5.0,0.7,6,12.468418,0,15,0,1,0
1,5.0,0.7,6,12.744865,0,11,0,1,0
1,5.0,0.82,2,10.120796,0,17,0,1,0
1,5.0,0.79,3,11.125895,0,21,1,1,0
3,0.0,0.85,1,12.076265,1,21,0,1,0
1,5.0,0.82,2,10.28187,0,13,1,0,0
2,0.0,0.88,0,11.578492,0,14,1,2,0
1,5.0,0.76,4,12.907758,0,9,0,2,0
1,5.0,0.79,3,9.756149,0,19,0,1,0
3,0.0,0.88,0,9.906665,1,23,1,3,0
1,5.0,0.73,5,11.2563,0,17,1,0,0
3,0.0,0.88,0,13.849422,1,3,1,2,0
3,0.0,0.88,0,12.015528,1,2,0,1,0
1,5.0,0.79,3,11.879036,0,21,1,1,0
1,43.3,0.0805,1,1.193922,0,11,0,2,1
1,5.0,0.73,5,9.603884,0,4,0,0,0
1,5.0,0.7,6,10.001302,0,12,1,0,0
2,0.0,0.85,1,10.798863,0,11,0,1,0
1,5.0,0.73,5,11.242168,0,9,0,1,0
1,5.0,0.65,11,10.998069,0,23,0,0,0
0,49.2,0.0722,0,11.846744,0,14,1,1,1
1,5.0,0.7,6,8.586018,0,13,0,0,0
0,0.0,0.85,1,10.606936,0,20,0,1,0
1,5.0,0.73,5,11.541807,0,23,0,0,0
1,5.0,0.73,5,12.650472,0,0,0,1,0
2,0.0,0.88,0,9.014794,0,5,1,0,0
1,5.0,0.82,2,6.596245,0,16,0,1,0
2,0.0,0.88,0,11.729531,0,14,0,2,0
2,0.0,0.88,0,8.59779,0,12,0,0,0
1,5.0,0.79,3,10.900342,0,21,0,1,0
2,0.0,0.88,0,10.940214,0,17,0,1,0
0,0.0,0.85,1,13.041296,0,23,0,2,0
3,0.0,0.85,1,9.98757,1,1,0,0,0
1,5.0,0.7,6,13.693457,0,21,1,2,0
1,5.0,0.76,4,9.462417,0,16,1,3,0
1,5.0,0.79,3,12.175584,0,18,0,1,0
0,0.0,0.85,1,10.641582,0,12,0,0,0
0,0.0,0.85,1,11.381024,0,12,0,0,0
1,5.0,0.82,2,13.718718,0,13,0,2,0
3,0.0,0.88,0,13.060679,1,0,0,2,0
2,0.0,0.88,0,8.617028,0,11,1,0,0
1,5.0,0.79,3,11.993018,0,22,1,1,0
2,0.0,0.88,0,10.74574,0,13,1,1,0
3,0.0,0.88,0,9.498884,1,20,0,3,0
1,5.0,0.73,5,11.723924,0,11,0,3,0
2,0.0,0.85,1,9.847832,0,15,0,1,0
1,5.0,0.67,7,12.631537,0,11,1,1,0
2,0.0,0.88,0,10.999919,0,9,1,1,0
1,56.3,0.2378,1,2.230014,0,18,1,0,1
0,0.0,0.85,1,11.784621,0,18,0,1,0
1,5.0,0.82,2,12.148782,0,15,0,1,0
2,0.0,0.85,1,10.587292,0,12,0,1,0
3,0.0,0.88,0,12.515265,1,14,0,1,0
2,0.0,0.85,1,4.137085,0,12,0,3,0
1,5.0,0.7,6,13.107823,0,15,1,1,0
1,5.0,0.79,3,8.721775,0,20,0,0,0
2,0.0,0.88,0,10.683603,0,14,0,1,0
0,0.0,0.85,1,11.637652,0,17,1,1,0
0,0.0,0.85,1,10.837003,0,11,1,1,0
1,5.0,0.82,2,12.210697,0,10,0,1,0
0,0.0,0.85,1,10.429646,0,6,0,1,0
2,0.0,0.85,1,11.94891,0,18,0,2,0
1,5.0,0.65,12,12.656661,0,22,0,1,0
0,0.0,0.85,1,9.714088,0,12,0,0,0
2,0.0,0.88,0,8.085567,0,15,0,0,0
1,5.0,0.7,6,10.892452,0,13,1,0,0
0,0.0,0.85,1,8.765262,0,11,0,2,0
1,5.0,0.79,3,7.396016,0,0,0,0,0
1,5.0,0.82,2,8.978276,0,15,0,1,0
1,5.0,0.82,2,10.152772,0,3,0,1,0
2,0.0,0.88,0,8.360921,0,16,0,0,0
2,0.0,0.88,0,12.135112,0,11,0,2,0
2,0.0,0.88,0,8.766059,0,12,0,3,0
1,5.0,0.73,5,8.303416,0,11,0,0,0
2,0.0,0.88,0,8.677267,0,12,1,3,0
0,0.0,0.88,0,12.836072,0,15,0,1,0
1,5.0,0.79,3,10.19806,0,11,0,0,0
3,0.0,0.85,1,12.352822,1,22,1,1,0
0,76.3,0.236,15,10.92208,0,13,0,0,1
1,5.0,0.79,3,13.165132,0,13,0,2,0
0,0.0,0.85,1,9.822874,0,14,0,0,0
3,0.0,0.85,1,11.876699,1,10,1,2,0
0,0.0,0.85,1,10.506531,0,17,0,1,0
1,5.0,0.82,2,9.662576,0,16,0,1,0
1,5.0,0.65,8,11.071909,0,19,0,0,0
2,0.0,0.85,1,9.491344,0,16,0,0,0
1,5.0,0.79,3,8.074686,0,14,0,0,0
1,5.0,0.65,12,11.105873,0,1,0,1,0
1,5.0,0.67,7,11.299474,0,1,1,0,0
1,5.0,0.82,2,10.241062,0,21,0,0,0
3,0.0,0.85,1,12.677827,1,3,0,1,0
1,5.0,0.76,4,12.856564,0,4,0,2,0
1,5.0,0.82,2,10.663132,0,19,0,1,0
1,5.0,0.67,7,12.338211,0,12,0,2,0
1,5.0,0.79,3,10.462249,0,11,0,0,0
3,0.0,0.85,1,11.623131,1,1,1,0,0
1,5.0,0.76,4,10.481956,0,13,0,2,0
0,0.0,0.85,1,6.55729,0,13,1,2,0
2,0.0,0.88,0,10.738064,0,11,0,1,0
0,0.0,0.85,1,9.651454,0,14,0,0,0
1,5.0,0.76,4,12.974821,0,13,1,2,0
0,0.0,0.85,1,11.634065,0,13,0,1,0
0,0.0,0.85,1,10.243694,0,14,0,1,0
1,5.0,0.73,5,11.307944,0,10,0,0,0
0,0.0,0.85,1,10.155713,0,12,0,0,0
0,0.0,0.88,0,12.810727,0,19,0,2,0
1,5.0,0.67,7,10.856901,0,6,0,0,0
1,5.0,0.73,5,9.583765,0,10,1,0,0
2,0.0,0.88,0,8.84453,0,12,0,0,0
1,5.0,0.82,2,8.865283,0,21,0,2,0
1,5.0,0.73,5,8.513553,0,15,0,3,0
0,0.0,0.85,1,11.362922,0,19,0,1,0
1,5.0,0.76,4,12.205246,0,13,0,2,0
3,0.0,0.85,1,11.497229,1,23,1,0,0
2,0.0,0.88,0,10.82327,0,15,0,1,0
1,5.0,0.82,2,11.601431,0,19,1,1,0
2,0.0,0.88,0,8.904936,0,18,0,0,0
2,0.0,0.76,4,8.118162,0,1,0,0,0
3,0.0,0.85,1,13.542082,1,15,0,2,0
2,0.0,0.85,1,11.040679,0,13,1,1,0
1,5.0,0.76,4,10.780752,0,1,0,0,0
2,0.0,0.88,0,11.943787,0,11,0,2,0
1,5.0,0.7,6,13.499684,0,10,0,2,0
1,5.0,0.65,9,12.989042,0,13,0,1,0
2,0.0,0.88,0,8.833506,0,13,0,0,0
2,0.0,0.85,1,11.712917,0,13,0,2,0
1,5.0,0.76,4,10.834096,0,14,0,2,0
2,0.0,0.85,1,8.86453,0,17,1,0,0
2,0.0,0.85,1,8.19978,0,17,0,0,0
1,5.0,0.79,3,13.499123,0,21,1,1,0
1,5.0,0.79,3,10.238421,0,17,1,1,0
2,0.0,0.85,1,10.252265,0,15,0,2,0
2,0.0,0.88,0,9.295041,0,13,1,1,0
2,0.0,0.85,1,7.725418,0,12,0,3,0
3,0.0,0.85,1,12.013153,1,0,1,1,0
1,5.0,0.82,2,8.49074,0,21,1,1,0
3,0.0,0.88,0,12.821365,1,16,0,1,0
3,0.0,0.88,0,12.615013,1,0,0,1,0
3,0.0,0.79,3,11.180511,1,0,1,1,0
1,5.0,0.73,5,12.380948,0,14,0,2,0
2,0.0,0.88,0,10.049846,0,8,0,1,0
1,5.0,0.79,3,11.448139,0,19,0,1,0
2,0.0,0.85,1,8.704307,0,23,0,0,0
0,0.0,0.85,1,12.340376,0,12,0,2,0
1,5.0,0.79,3,10.535777,0,9,1,0,0
0,0.0,0.85,1,11.106367,0,18,0,1,0
0,0.0,0.85,1,11.695582,0,12,0,1,0
1,5.0,0.79,3,11.560108,0,12,1,0,0
1,5.0,0.79,3,11.620398,0,20,0,1,0
1,5.0,0.79,3,10.706149,0,12,0,0,0
3,0.0,0.88,0,11.343956,1,13,0,1,0
1,5.0,0.82,2,11.240587,0,21,0,1,0
1,5.0,0.82,2,7.979308,0,21,0,1,0
1,5.0,0.82,2,11.010196,0,14,0,0,0
1,5.0,0.7,6,11.364109,0,23,0,0,0
0,0.0,0.85,1,11.377278,0,17,0,1,0
1,5.0,0.73,5,13.806681,0,22,0,2,0
2,0.0,0.88,0,6.643946,0,13,0,3,0
1,5.0,0.76,4,12.224311,0,14,0,2,0
2,0.0,0.85,1,8.339842,0,11,0,0,0
1,5.0,0.73,5,11.635992,0,23,0,1,0
1,5.0,0.73,5,11.823744,0,14,0,1,0
3,0.0,0.88,0,12.427551,1,0,0,1,0
2,0.0,0.85,1,6.831619,0,17,0,3,0
1,5.0,0.79,3,11.294026,0,12,1,1,0
1,5.0,0.79,3,7.362258,0,20,0,0,0
0,0.0,0.85,1,12.131887,0,9,0,1,0
0,0.0,0.85,1,11.572554,0,19,0,1,0
1,5.0,0.76,4,8.968506,0,19,0,0,0
1,5.0,0.76,4,9.122791,0,10,0,1,0
2,0.0,0.88,0,12.119865,0,5,0,2,0
2,0.0,0.85,1,11.386506,0,12,1,1,0
0,0.0,0.85,1,12.021792,0,23,1,2,0
2,0.0,0.88,0,8.334099,0,16,1,0,0
1,5.0,0.79,3,10.707316,0,11,1,1,0
2,0.0,0.85,1,9.649131,0,14,0,0,0
0,0.0,0.85,1,11.065086,0,18,0,1,0
1,5.0,0.76,4,10.840091,0,18,0,1,0
1,5.0,0.79,3,11.667107,0,19,0,1,0
2,0.0,0.88,0,9.747618,0,10,0,0,0
2,0.0,0.85,1,8.38708,0,11,1,0,0
0,0.0,0.85,1,9.216458,0,11,0,3,0
1,5.0,0.82,2,11.714478,0,18,1,1,0
1,5.0,0.79,3,12.02694,0,11,0,1,0
1,5.0,0.73,5,13.438119,0,14,0,2,0
1,5.0,0.82,2,9.56355,0,18,0,0,0
1,5.0,0.79,3,10.227544,0,17,0,0,0
3,0.0,0.85,1,12.588041,1,9,0,1,0
1,5.0,0.73,5,12.17341,0,2,0,1,0
2,0.0,0.85,1,10.413651,0,18,0,1,0
2,0.0,0.88,0,10.913315,0,20,1,2,0
0,0.0,0.85,1,13.094269,0,10,1,2,0
1,5.0,0.79,3,11.458885,0,14,0,1,0
2,0.0,0.85,1,7.783407,0,22,0,0,0
1,5.0,0.7,6,10.256501,0,0,1,0,0
2,0.0,0.85,1,8.084658,0,14,0,0,0
1,5.0,0.82,2,12.082415,0,11,0,1,0
1,5.0,0.76,4,13.492671,0,23,1,2,0
1,5.0,0.76,4,12.317703,0,18,1,1,0
1,5.0,0.82,2,11.672034,0,7,0,1,0
0,0.0,0.85,1,9.411378,0,23,1,0,0
2,0.0,0.85,1,12.669137,0,16,1,0,0
2,0.0,0.85,1,10.552689,0,12,0,2,0
2,0.0,0.85,1,9.748817,0,13,0,1,0
3,0.0,0.88,0,10.309805,1,12,0,0,0
3,0.0,0.85,1,11.811981,1,0,1,0,0
1,5.0,0.82,2,12.567809,0,13,1,1,0
1,5.0,0.73,5,9.475718,0,23,0,3,0
1,5.0,0.73,5,12.633239,0,13,0,2,0
3,0.0,0.88,0,10.948246,1,4,0,0,0
1,5.0,0.76,4,12.164617,0,17,0,2,0
1,5.0,0.7,6,12.687275,0,15,0,2,0
3,0.0,0.85,1,12.154863,1,15,0,1,0
1,5.0,0.76,4,8.973856,0,19,1,0,0
2,0.0,0.85,1,9.348988,0,12,0,1,0
1,5.0,0.65,9,11.248526,0,12,1,0,0
0,0.0,0.85,1,10.944959,0,15,1,1,0
2,0.0,0.88,0,10.507787,0,9,0,1,0
2,0.0,0.88,0,6.597841,0,9,0,0,0
3,0.0,0.88,0,13.439898,1,19,0,1,0
0,0.0,0.88,0,10.537268,0,12,0,0,0
2,0.0,0.85,1,7.7301,0,9,0,1,0
1,5.0,0.82,2,9.903031,0,5,0,1,0
3,0.0,0.88,0,13.134503,1,16,0,1,0
1,5.0,0.7,6,10.031218,0,16,0,2,0
1,5.0,0.67,7,9.78899,0,17,0,0,0
3,0.0,0.88,0,11.976255,1,23,0,1,0
0,0.0,0.85,1,11.291315,0,20,0,0,0
1,5.0,0.82,2,11.435352,0,4,0,1,0
0,0.0,0.85,1,9.709335,0,19,0,1,0
2,0.0,0.85,1,10.310465,0,14,0,1,0
1,5.0,0.7,6,13.217601,0,13,1,2,0
1,5.0,0.82,2,12.349892,0,12,0,2,0
1,5.0,0.82,2,10.21901,0,20,0,1,0
2,0.0,0.88,0,8.423506,0,13,0,1,0
2,0.0,0.85,1,10.904754,0,2,1,2,0
2,0.0,0.85,1,6.986955,0,0,0,3,0
3,0.0,0.88,0,9.594115,1,19,1,0,0
3,0.0,0.85,1,12.200829,1,14,0,1,0
2,0.0,0.85,1,8.551392,0,15,0,0,0
2,0.0,0.85,1,9.355046,0,12,1,0,0
0,0.0,0.85,1,9.682321,0,13,0,2,0
1,5.0,0.79,3,8.407662,0,12,0,0,0
1,5.0,0.79,3,8.021204,0,14,0,0,0
1,5.0,0.65,12,12.938976,0,11,1,2,0
1,5.0,0.82,2,8.640325,0,20,1,3,0
1,5.0,0.82,2,9.386522,0,17,0,2,0
1,5.0,0.79,3,10.98289,0,20,1,2,0
1,5.0,0.82,2,10.420324,0,23,0,1,0
1,5.0,0.82,2,10.142334,0,13,0,3,0
1,5.0,0.82,2,8.897499,0,11,1,2,0
0,0.0,0.85,1,7.834179,0,15,0,0,0
1,5.0,0.82,2,12.612084,0,17,1,1,0
1,5.0,0.82,2,13.535077,0,12,1,2,0
1,5.0,0.73,5,11.200906,0,1,1,0,0
0,0.0,0.88,0,11.014024,0,18,0,1,0
1,5.0,0.65,9,11.531785,0,12,0,1,0
1,5.0,0.73,5,11.485079,0,23,0,1,0
0,0.0,0.85,1,10.453,0,21,0,1,0
2,0.0,0.85,1,8.076863,0,15,0,0,0
1,5.0,0.76,4,10.757964,0,19,1,0,0
2,0.0,0.85,1,7.412112,0,21,0,1,0
1,5.0,0.76,4,12.034914,0,11,0,1,0
2,0.0,0.88,0,9.217937,0,12,0,1,0
2,0.0,0.85,1,10.490172,0,12,0,1,0
0,0.0,0.88,0,12.389918,0,12,0,1,0
1,5.0,0.73,5,9.12749,0,14,1,0,0
2,0.0,0.82,2,6.873247,0,10,0,0,0
0,0.0,0.85,1,8.005464,0,0,0,0,0
1,5.0,0.76,4,9.12703,0,12,0,0,0
1,5.0,0.73,5,12.991728,0,0,1,1,0
3,0.0,0.88,0,12.142023,1,17,0,1,0
3,0.0,0.85,1,10.724982,1,10,1,3,0
2,0.0,0.85,1,9.047358,0,9,1,0,0
1,5.0,0.79,3,11.638304,0,12,1,0,0
2,0.0,0.85,1,11.029819,0,15,1,1,0
1,5.0,0.7,6,11.449223,0,2,0,0,0
3,0.0,0.88,0,13.825788,1,6,0,2,0
1,5.0,0.73,5,12.230942,0,16,0,1,0
3,0.0,0.88,0,12.324289,1,3,1,1,0
1,5.0,0.82,2,11.707067,0,16,0,1,0
1,5.0,0.82,2,13.449447,0,0,1,2,0
1,5.0,0.7,6,7.323191,0,17,0,0,0
1,5.0,0.76,4,13.481513,0,15,1,2,0
3,0.0,0.7,6,10.098695,1,14,0,0,0
1,5.0,0.79,3,12.248551,0,13,0,1,0
1,5.0,0.79,3,11.391291,0,19,1,0,0
0,0.0,0.85,1,10.440942,0,10,0,1,0
1,5.0,0.79,3,10.824802,0,23,1,2,0
3,0.0,0.88,0,13.133988,1,4,0,1,0
2,0.0,0.88,0,8.664639,0,15,0,0,0
1,5.0,0.65,11,12.865861,0,21,0,1,0
2,0.0,0.88,0,9.573699,0,11,0,0,0
2,0.0,0.85,1,8.378538,0,17,0,3,0
0,0.0,0.85,1,12.565354,0,17,0,1,0
0,53.3,0.1326,1,12.163589,0,3,1,2,1
2,0.0,0.88,0,9.041605,0,11,1,0,0
2,0.0,0.85,1,7.464842,0,13,0,0,0
0,0.0,0.85,1,11.088754,0,13,0,1,0
1,5.0,0.7,6,11.560103,0,13,0,0,0
2,0.0,0.88,0,9.566954,0,15,0,0,0
3,0.0,0.88,0,13.108888,1,21,0,2,0
1,5.0,0.79,3,10.674333,0,0,1,0,0
1,5.0,0.73,5,10.854303,0,10,0,0,0
2,0.0,0.88,0,8.338248,0,15,0,3,0
0,0.0,0.85,1,12.134371,0,16,1,1,0
2,0.0,0.88,0,7.06393,0,15,0,0,0
1,5.0,0.73,5,11.461249,0,15,0,0,0
1,5.0,0.7,6,9.493327,0,13,0,2,0
0,0.0,0.85,1,11.679059,0,2,0,1,0
2,0.0,0.85,1,10.506816,0,15,0,1,0
1,5.0,0.7,6,11.100118,0,14,1,0,0
1,5.0,0.7,6,12.10688,0,14,0,2,0
2,0.0,0.85,1,10.59854,0,17,1,1,0
1,5.0,0.79,3,11.224906,0,18,1,1,0
2,0.0,0.88,0,10.740767,0,16,0,1,0
1,5.0,0.79,3,11.479023,0,17,1,1,0
1,5.0,0.79,3,8.461164,0,11,0,1,0
3,0.0,0.85,1,10.857836,1,22,0,0,0
3,0.0,0.85,1,12.980598,1,6,0,1,0
0,0.0,0.85,1,10.583836,0,12,1,2,0
0,0.0,0.85,1,11.27816,0,3,0,1,0
0,0.0,0.85,1,11.375249,0,18,0,1,0
2,0.0,0.88,0,8.79441,0,8,0,0,0
1,5.0,0.79,3,7.809273,0,16,0,1,0
1,5.0,0.82,2,8.305373,0,16,0,2,0
1,5.0,0.65,9,13.192314,0,13,0,2,0
2,0.0,0.85,1,10.0811,0,15,0,1,0
1,5.0,0.76,4,9.165698,0,0,0,3,0
2,0.0,0.88,0,9.094301,0,12,0,0,0
2,0.0,0.88,0,8.504509,0,14,0,0,0
0,0.0,0.85,1,11.797387,0,17,0,1,0
0,0.0,0.85,1,11.518413,0,17,0,1,0
1,5.0,0.79,3,11.232063,0,19,0,1,0
1,5.0,0.76,4,10.389139,0,2,0,1,0
3,0.0,0.88,0,12.486386,1,0,0,1,0
2,0.0,0.88,0,9.530604,0,17,1,1,0
1,5.0,0.76,4,13.53261,0,16,1,2,0
1,5.0,0.79,3,11.425204,0,14,1,1,0
2,0.0,0.85,1,6.954333,0,17,0,0,0
0,62.3,0.0875,10,11.860928,0,16,1,2,1
1,5.0,0.76,4,10.577781,0,12,0,1,0
2,0.0,0.85,1,11.287343,0,13,0,2,0
1,5.0,0.76,4,13.838578,0,6,0,2,0
1,5.0,0.76,4,10.552701,0,13,0,0,0
2,0.0,0.85,1,10.689081,0,18,0,1,0
0,0.0,0.85,1,13.30118,0,13,1,2,0
0,0.0,0.85,1,12.610972,0,15,0,2,0
1,5.0,0.79,3,8.117017,0,14,0,0,0
0,0.0,0.85,1,10.903583,0,18,0,2,0
1,5.0,0.79,3,11.426027,0,15,0,1,0
1,5.0,0.82,2,11.600995,0,4,0,2,0
1,5.0,0.79,3,9.113386,0,12,0,0,0
1,5.0,0.7,6,11.354375,0,19,0,1,0
0,71.3,0.0527,19,11.14543,0,12,0,1,1
2,0.0,0.88,0,11.149389,0,8,0,1,0
2,0.0,0.85,1,9.514934,0,14,0,1,0
1,5.0,0.79,3,10.536418,0,13,0,2,0
2,0.0,0.88,0,8.468688,0,10,1,0,0
1,5.0,0.82,2,9.648129,0,16,0,2,0
3,0.0,0.88,0,11.249497,1,1,0,0,0
3,0.0,0.88,0,12.303185,1,21,0,2,0
0,0.0,0.85,1,13.135882,0,2,0,2,0
2,0.0,0.88,0,8.699078,0,12,0,1,0
2,0.0,0.85,1,8.055704,0,18,0,0,0
1,5.0,0.76,4,12.843483,0,14,0,1,0
3,0.0,0.88,0,12.300556,1,11,0,2,0
0,0.0,0.85,1,10.524596,0,17,0,1,0
0,0.0,0.88,0,8.338583,0,8,0,2,0
2,0.0,0.88,0,7.757286,0,18,1,0,0
2,0.0,0.88,0,11.215528,0,17,1,2,0
0,0.0,0.85,1,11.703522,0,13,0,1,0
1,5.0,0.7,6,11.25902,0,10,0,0,0
1,5.0,0.7,6,12.14787,0,16,1,1,0
0,0.0,0.85,1,8.613566,0,18,1,3,0
2,0.0,0.88,0,9.622685,0,16,0,0,0
2,0.0,0.88,0,9.155184,0,19,0,0,0
2,0.0,0.88,0,8.694003,0,16,0,0,0
1,5.0,0.73,5,13.592815,0,23,0,2,0
3,0.0,0.85,1,12.673184,1,1,0,1,0
0,0.0,0.85,1,11.438093,0,10,1,1,0
2,0.0,0.85,1,10.290744,0,4,0,1,0
1,5.0,0.79,3,11.690107,0,9,0,1,0
2,0.0,0.85,1,7.453481,0,20,0,3,0
1,5.0,0.65,9,9.378517,0,17,0,3,0
1,5.0,0.82,2,10.762471,0,17,0,1,0
0,0.0,0.88,0,13.985007,0,12,0,2,0
3,0.0,0.85,1,11.825154,1,22,0,0,0
1,5.0,0.79,3,10.838568,0,10,0,0,0
1,5.0,0.73,5,10.311488,0,21,0,0,0
1,5.0,0.73,5,11.6766,0,12,0,0,0
1,5.0,0.79,3,13.523778,0,23,0,1,0
1,5.0,0.76,4,13.598698,0,23,0,2,0
1,5.0,0.73,5,12.031952,0,17,0,1,0
3,0.0,0.85,1,8.14579,1,9,0,2,0
1,5.0,0.73,5,11.05779,0,21,1,0,0
0,0.0,0.85,1,9.716643,0,13,0,0,0
1,5.0,0.76,4,11.605787,0,3,0,1,0
3,0.0,0.88,0,11.864168,1,9,0,1,0
0,0.0,0.85,1,7.782032,0,18,0,1,0
2,0.0,0.85,1,11.793888,0,16,0,2,0
1,5.0,0.82,2,13.457303,0,9,0,2,0
3,0.0,0.88,0,13.400922,1,10,0,1,0
1,5.0,0.79,3,10.892645,0,13,0,1,0
1,5.0,0.79,3,11.444423,0,19,0,1,0
1,5.0,0.76,4,8.871538,0,11,0,3,0
0,0.0,0.85,1,11.173073,0,10,0,1,0
1,5.0,0.82,2,10.994445,0,16,0,0,0
1,5.0,0.7,6,9.159163,0,13,0,1,0
1,5.0,0.79,3,11.529641,0,17,0,1,0
1,5.0,0.82,2,8.684335,0,21,0,0,0
1,5.0,0.82,2,11.008017,0,23,1,2,0
1,5.0,0.7,6,9.794592,0,15,0,0,0
1,5.0,0.73,5,11.930569,0,14,0,1,0
1,5.0,0.79,3,10.992323,0,17,0,1,0
2,0.0,0.88,0,7.952116,0,13,1,3,0
2,0.0,0.88,0,10.000351,0,20,0,2,0
0,0.0,0.85,1,10.657334,0,20,0,1,0
2,0.0,0.85,1,11.753103,0,15,0,2,0
1,5.0,0.76,4,8.459121,0,0,0,3,0
1,5.0,0.76,4,10.102034,0,1,0,2,0
1,5.0,0.82,2,12.820678,0,20,1,1,0
3,0.0,0.88,0,12.113034,1,5,0,0,0
2,0.0,0.85,1,6.671754,0,16,0,0,0
1,5.0,0.7,6,12.6181,0,10,0,1,0
2,0.0,0.85,1,10.935324,0,4,1,1,0
3,0.0,0.85,1,12.075125,1,14,1,1,0
1,5.0,0.73,5,8.356865,0,11,1,3,0
1,5.0,0.73,5,13.667212,0,10,0,2,0
3,0.0,0.85,1,13.972665,1,22,0,2,0
1,5.0,0.65,8,10.853379,0,0,0,0,0
1,5.0,0.82,2,6.862392,0,21,0,3,0
1,5.0,0.79,3,11.801136,0,14,0,1,0
0,0.0,0.85,1,13.266963,0,14,0,1,0
2,0.0,0.88,0,9.476006,0,14,0,0,0
1,5.0,0.82,2,10.922292,0,14,0,0,0
3,0.0,0.85,1,10.46843,1,1,1,1,0
3,0.0,0.88,0,11.814746,1,14,0,1,0
2,0.0,0.85,1,7.887103,0,16,0,0,0
3,0.0,0.85,1,7.381253,1,1,0,1,0
2,0.0,0.85,1,7.430298,0,20,0,0,0
0,0.0,0.85,1,12.411614,0,11,1,1,0
3,0.0,0.85,1,13.079881,1,15,0,2,0
1,5.0,0.82,2,10.798375,0,15,0,1,0
2,0.0,0.88,0,8.981519,0,18,1,1,0
0,0.0,0.85,1,9.866719,0,2,1,0,0
2,0.0,0.82,2,8.274487,0,17,0,3,0
1,5.0,0.7,6,9.915124,0,1,0,0,0
1,5.0,0.67,7,11.240462,0,14,0,1,0
2,0.0,0.85,1,10.915065,0,9,0,1,0
0,0.0,0.85,1,10.786442,0,13,0,0,0
0,0.0,0.85,1,12.951591,0,12,0,2,0
2,0.0,0.85,1,10.981597,0,11,1,1,0
3,0.0,0.85,1,8.760213,1,20,1,3,0
1,5.0,0.73,5,11.263137,0,13,0,0,0
1,5.0,0.73,5,14.018075,0,11,1,2,0
2,0.0,0.88,0,9.120898,0,16,1,0,0
2,0.0,0.88,0,7.993015,0,13,1,0,0
1,5.0,0.76,4,12.457095,0,23,0,2,0
1,5.0,0.82,2,13.597476,0,14,0,2,0
1,5.0,0.79,3,10.823957,0,11,0,1,0
3,0.0,0.85,1,10.773631,1,23,1,0,0
1,5.0,0.79,3,11.02573,0,23,0,2,0
3,0.0,0.88,0,13.03693,1,22,0,1,0
0,0.0,0.85,1,10.85755,0,18,1,0,0
2,0.0,0.85,1,9.244527,0,12,0,0,0
1,5.0,0.82,2,8.154448,0,4,1,3,0
0,0.0,0.85,1,11.313971,0,19,1,1,0
0,0.0,0.85,1,12.019291,0,21,0,2,0
1,5.0,0.73,5,12.475689,0,8,0,1,0
1,5.0,0.73,5,9.178263,0,0,0,0,0
1,5.0,0.65,8,13.58837,0,0,0,2,0
3,0.0,0.88,0,12.373963,1,0,1,0,0
2,0.0,0.85,1,13.682859,0,16,1,2,0
1,5.0,0.79,3,12.004823,0,14,1,1,0
2,0.0,0.88,0,11.300215,0,14,0,1,0
0,0.0,0.85,1,10.585256,0,11,0,1,0
2,0.0,0.88,0,7.870651,0,14,0,3,0
3,0.0,0.85,1,11.137514,1,1,0,0,0
1,5.0,0.79,3,10.085444,0,2,0,0,0
1,5.0,0.79,3,11.063441,0,21,0,1,0
2,0.0,0.88,0,10.542171,0,11,0,1,0
2,0.0,0.76,4,10.484705,0,23,0,1,0
0,0.0,0.85,1,6.789298,0,14,0,1,0
1,5.0,0.82,2,11.494913,0,16,0,0,0
1,5.0,0.65,10,12.126305,0,17,1,2,0
0,0.0,0.85,1,11.412077,0,3,0,0,0
1,5.0,0.7,6,13.370273,0,21,1,2,0
1,5.0,0.79,3,10.023177,0,16,0,2,0
0,0.0,0.85,1,13.128566,0,13,0,1,0
2,0.0,0.88,0,8.571827,0,14,0,0,0
2,0.0,0.85,1,8.322865,0,12,1,0,0
2,0.0,0.85,1,10.045937,0,14,0,2,0
1,5.0,0.7,6,11.651654,0,17,0,1,0
2,0.0,0.85,1,9.345411,0,16,0,0,0
1,5.0,0.82,2,8.38574,0,12,1,0,0
1,5.0,0.82,2,10.947737,0,20,1,1,0
1,5.0,0.73,5,13.107732,0,16,1,1,0
0,0.0,0.85,1,13.116465,0,15,0,2,0
3,0.0,0.85,1,11.974521,1,12,0,1,0
0,0.0,0.85,1,13.25267,0,12,1,2,0
1,5.0,0.73,5,13.377303,0,11,0,2,0
2,0.0,0.85,1,10.246049,0,9,0,2,0
1,5.0,0.76,4,13.705311,0,10,1,2,0
2,0.0,0.88,0,6.575857,0,7,0,0,0
2,0.0,0.85,1,9.522906,0,17,0,1,0
0,0.0,0.85,1,8.358952,0,18,0,2,0
1,5.0,0.82,2,7.25763,0,20,0,0,0
1,5.0,0.79,3,7.711101,0,12,1,3,0
1,5.0,0.82,2,9.43365,0,11,1,0,0
0,0.0,0.85,1,13.330782,0,14,1,2,0
2,0.0,0.88,0,10.918731,0,11,0,1,0
0,0.0,0.88,0,9.547461,0,10,0,2,0
2,0.0,0.85,1,9.984578,0,8,1,1,0
1,5.0,0.7,6,12.903574,0,12,0,2,0
2,0.0,0.88,0,7.107425,0,11,0,0,0
1,5.0,0.82,2,9.113919,0,20,0,1,0
1,5.0,0.82,2,10.814777,0,6,1,1,0
1,5.0,0.79,3,10.43901,0,9,1,1,0
2,0.0,0.85,1,11.155414,0,13,1,1,0
0,0.0,0.85,1,11.507188,0,23,0,1,0
1,5.0,0.82,2,10.306692,0,19,1,1,0
3,0.0,0.88,0,10.325123,1,8,0,3,0
2,0.0,0.88,0,11.195335,0,17,1,1,0
1,5.0,0.82,2,9.277489,0,21,0,0,0
2,0.0,0.88,0,8.492179,0,10,0,2,0
1,5.0,0.65,10,11.664838,0,11,1,1,0
0,0.0,0.85,1,11.603524,0,15,0,0,0
1,5.0,0.79,3,11.327398,0,17,0,1,0
1,5.0,0.7,6,13.275501,0,14,0,2,0
3,0.0,0.85,1,12.203329,1,0,0,1,0
2,0.0,0.88,0,8.136814,0,11,0,3,0
1,5.0,0.82,2,13.760446,0,12,0,2,0
0,55.2,0.1538,2,16.411536,0,15,0,1,1
1,5.0,0.73,5,12.28383,0,11,0,0,0
2,0.0,0.88,0,9.060101,0,12,0,0,0
2,0.0,0.88,0,8.341808,0,15,0,3,0
1,5.0,0.82,2,12.565305,0,13,1,1,0
3,0.0,0.88,0,12.913672,1,23,0,1,0
1,5.0,0.82,2,13.551978,0,14,0,2,0
1,5.0,0.79,3,11.515076,0,10,0,1,0
3,0.0,0.85,1,13.622533,1,1,1,2,0
2,0.0,0.88,0,9.342608,0,16,0,2,0
1,5.0,0.82,2,9.563871,0,14,0,2,0
2,0.0,0.82,2,6.516445,0,16,1,0,0
1,5.0,0.79,3,11.379772,0,17,1,1,0
1,5.0,0.73,5,10.756648,0,8,0,0,0
1,5.0,0.82,2,9.899539,0,19,0,0,0
2,0.0,0.85,1,10.80698,0,11,0,1,0
2,0.0,0.85,1,9.11622,0,12,0,1,0
2,0.0,0.85,1,9.219765,0,13,0,0,0
2,0.0,0.88,0,10.009446,0,17,0,1,0
1,5.0,0.7,6,13.420744,0,11,0,2,0
0,0.0,0.85,1,11.632355,0,15,0,2,0
1,5.0,0.79,3,11.006085,0,14,1,1,0
2,0.0,0.85,1,11.135535,0,21,0,0,0
2,0.0,0.85,1,8.14137,0,14,1,0,0
3,0.0,0.85,1,12.553953,1,22,0,1,0
1,5.0,0.82,2,12.91508,0,10,0,1,0
0,0.0,0.85,1,11.946757,0,15,1,1,0
2,0.0,0.88,0,10.383606,0,15,0,1,0
0,0.0,0.85,1,9.246262,0,22,1,0,0
0,64.8,0.0783,0,3.824066,0,9,0,3,1
3,0.0,0.88,0,10.905269,1,23,0,0,0
0,0.0,0.85,1,9.909793,0,21,0,2,0
2,0.0,0.85,1,11.060278,0,13,1,2,0
3,0.0,0.85,1,11.777324,1,9,0,2,0
1,5.0,0.79,3,11.313414,0,13,1,1,0
1,5.0,0.82,2,11.282691,0,19,1,1,0
3,0.0,0.88,0,14.028651,1,0,1,2,0
0,0.0,0.85,1,11.698147,0,0,0,1,0
1,5.0,0.7,6,10.573204,0,11,0,0,0
1,5.0,0.76,4,10.441011,0,9,0,3,0
3,0.0,0.85,1,13.244347,1,13,0,1,0
2,0.0,0.85,1,8.370902,0,10,1,3,0
2,0.0,0.85,1,8.673605,0,12,0,3,0
2,0.0,0.85,1,8.447907,0,19,1,0,0
1,5.0,0.79,3,8.709605,0,14,0,0,0
1,5.0,0.82,2,11.25023,0,22,0,1,0
1,5.0,0.79,3,9.927641,0,17,1,1,0
1,5.0,0.82,2,11.434898,0,15,1,0,0
2,0.0,0.88,0,12.16396,0,17,1,2,0
2,0.0,0.88,0,8.644409,0,13,0,0,0
2,0.0,0.88,0,11.533157,0,20,0,2,0
1,5.0,0.82,2,8.369568,0,11,0,3,0
0,0.0,0.85,1,11.658543,0,21,0,1,0
0,0.0,0.85,1,11.648293,0,20,0,1,0
1,5.0,0.7,6,12.169393,0,12,0,0,0
1,5.0,0.7,6,10.903492,0,11,1,0,0
1,5.0,0.82,2,10.847618,0,16,1,1,0
3,0.0,0.85,1,12.191244,1,0,0,1,0
0,0.0,0.88,0,11.505929,0,19,0,1,0
1,5.0,0.7,6,9.800253,0,9,0,3,0
1,5.0,0.79,3,8.629829,0,14,0,0,0
1,5.0,0.82,2,11.539075,0,4,1,0,0
1,5.0,0.7,6,11.148586,0,13,0,0,0
1,5.0,0.82,2,8.951232,0,19,0,2,0
1,5.0,0.82,2,9.88873,0,18,0,0,0
1,5.0,0.82,2,9.965366,0,17,0,2,0
1,5.0,0.76,4,11.392362,0,17,0,0,0
2,0.0,0.85,1,9.863315,0,11,0,2,0
1,5.0,0.65,11,10.401169,0,15,1,1,0
2,0.0,0.85,1,8.577102,0,9,0,3,0
2,0.0,0.85,1,11.469583,0,12,0,2,0
2,0.0,0.88,0,8.642189,0,19,1,0,0
1,5.0,0.82,2,11.445932,0,15,0,1,0
1,5.0,0.73,5,13.086052,0,12,0,2,0
0,78.3,0.1092,1,14.431952,0,20,0,1,1
1,5.0,0.79,3,11.883172,0,10,1,1,0
2,0.0,0.85,1,11.591443,0,9,0,0,0
0,0.0,0.85,1,11.310384,0,19,0,1,0
1,5.0,0.7,6,13.197475,0,19,0,2,0
3,0.0,0.88,0,10.948149,1,0,0,0,0
1,5.0,0.76,4,12.282527,0,17,1,2,0
1,5.0,0.67,7,9.169342,0,17,0,0,0
0,0.0,0.88,0,11.932953,0,10,1,1,0
1,5.0,0.82,2,11.237793,0,15,0,0,0
1,5.0,0.82,2,11.635108,0,8,0,3,0
1,5.0,0.79,3,7.408027,0,15,0,3,0
3,0.0,0.85,1,8.575402,1,3,1,1,0
0,72.0,0.0905,1,13.914358,0,12,1,0,1
1,5.0,0.79,3,11.623414,0,19,0,1,0
1,5.0,0.82,2,10.209694,0,15,0,1,0
1,5.0,0.79,3,9.723604,0,17,1,0,0
1,5.0,0.65,11,12.262905,0,23,0,1,0
2,0.0,0.85,1,7.020432,0,11,0,1,0
2,0.0,0.85,1,10.013511,0,15,0,1,0
0,0.0,0.85,1,11.514214,0,18,1,1,0
2,0.0,0.88,0,8.115811,0,15,0,0,0
2,0.0,0.88,0,9.338403,0,11,0,0,0
2,0.0,0.88,0,7.604287,0,11,0,3,0
1,5.0,0.73,5,13.038563,0,12,1,2,0
1,5.0,0.65,12,13.425612,0,13,0,2,0
1,5.0,0.79,3,11.801468,0,18,0,1,0
0,0.0,0.85,1,10.369482,0,21,0,1,0
2,0.0,0.88,0,11.388482,0,11,0,2,0
1,5.0,0.82,2,11.875926,0,19,1,1,0
2,0.0,0.88,0,6.909554,0,18,0,1,0
2,0.0,0.85,1,9.25336,0,14,0,0,0
0,0.0,0.85,1,9.468862,0,21,0,2,0
3,0.0,0.85,1,11.507863,1,6,0,0,0
1,5.0,0.73,5,11.985571,0,19,0,2,0
1,5.0,0.79,3,13.619422,0,23,0,2,0
2,0.0,0.85,1,7.751308,0,10,1,3,0
0,0.0,0.85,1,12.972323,0,14,0,2,0
2,0.0,0.85,1,11.709138,0,13,0,0,0
2,0.0,0.85,1,8.991778,0,16,0,1,0
2,0.0,0.88,0,10.790967,0,14,0,1,0
1,5.0,0.82,2,12.092385,0,0,0,2,0
1,5.0,0.82,2,10.937954,0,18,1,1,0
0,0.0,0.85,1,12.620857,0,10,0,2,0
1,5.0,0.79,3,10.850561,0,17,0,1,0
1,5.0,0.82,2,11.041906,0,17,1,1,0
0,0.0,0.85,1,11.885063,0,17,0,1,0
1,5.0,0.7,6,11.270783,0,14,0,0,0
1,5.0,0.65,11,13.678351,0,16,0,2,0
2,0.0,0.88,0,10.705552,0,15,1,2,0
1,5.0,0.79,3,13.04667,0,16,0,2,0
1,5.0,0.79,3,11.009877,0,19,1,2,0
2,0.0,0.88,0,12.268886,0,15,0,2,0
0,0.0,0.85,1,10.34929,0,13,1,1,0
1,5.0,0.76,4,8.748111,0,21,0,1,0
1,5.0,0.65,12,13.763373,0,1,1,2,0
0,0.0,0.85,1,11.094062,0,23,0,1,0
0,0.0,0.85,1,8.667475,0,14,0,3,0
0,64.0,0.1228,0,1.981001,0,0,0,1,1
1,5.0,0.76,4,13.557496,0,23,0,2,0
2,0.0,0.88,0,6.275082,0,12,0,0,0
0,0.0,0.85,1,8.451047,0,17,0,3,0
0,71.6,0.2412,6,16.877276,0,10,0,2,1
1,5.0,0.65,12,12.95111,0,13,0,2,0
0,0.0,0.85,1,9.434035,0,22,0,0,0
0,56.2,0.1814,5,9.294191,0,2,1,0,1
0,0.0,0.85,1,8.206341,0,18,0,3,0
1,5.0,0.79,3,11.259582,0,19,0,1,0
1,5.0,0.73,5,10.998493,0,22,0,0,0
2,0.0,0.85,1,9.757716,0,6,0,1,0
2,0.0,0.88,0,9.309859,0,19,0,0,0
1,5.0,0.65,9,13.556565,0,11,0,2,0
1,5.0,0.82,2,12.912551,0,15,1,1,0
1,5.0,0.73,5,12.015879,0,16,0,2,0
3,0.0,0.85,1,10.82017,1,12,1,1,0
1,5.0,0.7,6,11.491726,0,5,0,0,0
0,0.0,0.85,1,10.372561,0,14,1,1,0
2,0.0,0.88,0,7.648807,0,11,0,0,0
1,5.0,0.82,2,7.991619,0,15,0,0,0
2,0.0,0.85,1,9.425782,0,10,1,0,0
2,0.0,0.85,1,7.089452,0,18,0,0,0
1,5.0,0.82,2,10.506619,0,12,0,2,0
2,0.0,0.85,1,11.619089,0,14,0,2,0
0,0.0,0.85,1,11.236437,0,13,0,1,0
1,5.0,0.7,6,11.310407,0,15,0,0,0
3,0.0,0.85,1,11.793013,1,23,0,1,0
3,0.0,0.88,0,13.844012,1,22,0,2,0
1,5.0,0.79,3,9.847633,0,7,0,2,0
0,0.0,0.85,1,10.023391,0,13,1,0,0
2,0.0,0.85,1,10.227916,0,14,1,1,0
0,0.0,0.85,1,6.746859,0,13,0,1,0
1,5.0,0.82,2,11.162688,0,11,0,0,0
1,5.0,0.82,2,10.794294,0,0,0,2,0
1,5.0,0.82,2,11.826688,0,12,0,2,0
1,5.0,0.82,2,7.51535,0,18,1,1,0
2,0.0,0.88,0,9.592372,0,12,0,1,0
1,5.0,0.82,2,10.586528,0,15,1,1,0
1,5.0,0.82,2,10.294271,0,22,0,1,0
2,0.0,0.85,1,10.613029,0,9,0,1,0
0,0.0,0.85,1,11.341427,0,17,0,1,0
1,5.0,0.79,3,12.653222,0,12,0,1,0
3,0.0,0.88,0,12.968262,1,7,1,1,0
2,0.0,0.85,1,5.56337,0,7,0,3,0
2,0.0,0.88,0,7.880891,0,10,0,3,0
0,0.0,0.85,1,12.041092,0,16,0,1,0
0,67.8,0.2033,1,3.861151,0,12,0,3,1
0,0.0,0.85,1,11.756385,0,22,1,1,0
1,5.0,0.82,2,11.27544,0,9,0,1,0
1,5.0,0.67,7,10.655353,0,20,0,2,0
0,66.1,0.2118,4,16.90333,0,10,1,2,1
1,5.0,0.73,5,7.008966,0,0,0,0,0
2,0.0,0.85,1,8.135356,0,9,0,0,0
1,5.0,0.79,3,13.379574,0,9,1,2,0
1,5.0,0.82,2,11.741302,0,11,0,2,0
2,0.0,0.85,1,9.948509,0,13,0,1,0
2,0.0,0.85,1,8.949391,0,17,0,0,0
0,0.0,0.85,1,7.757462,0,11,0,3,0
3,0.0,0.7,6,11.509564,1,12,1,0,0
1,5.0,0.7,6,11.609333,0,21,0,1,0
0,0.0,0.88,0,13.710611,0,20,1,2,0
0,0.0,0.85,1,11.629851,0,13,1,1,0
1,5.0,0.73,5,12.215963,0,22,0,2,0
0,0.0,0.85,1,8.713922,0,14,1,0,0
2,0.0,0.85,1,10.666965,0,16,0,2,0
1,5.0,0.82,2,11.329908,0,17,0,1,0
1,5.0,0.7,6,13.373369,0,19,1,2,0
3,0.0,0.82,2,12.277653,1,22,0,1,0
2,0.0,0.85,1,9.556036,0,13,0,0,0
1,5.0,0.76,4,13.753306,0,10,0,2,0
3,0.0,0.79,3,13.637786,1,0,0,2,0
2,0.0,0.88,0,8.88014,0,13,0,0,0
2,0.0,0.88,0,8.053439,0,12,1,0,0
1,5.0,0.82,2,9.967728,0,16,1,2,0
3,0.0,0.85,1,11.728315,1,2,0,2,0
1,5.0,0.73,5,12.641007,0,23,0,1,0
1,5.0,0.79,3,9.82159,0,2,0,3,0
1,5.0,0.79,3,10.66805,0,15,1,2,0
1,5.0,0.76,4,10.395425,0,11,1,0,0
1,5.0,0.82,2,11.115824,0,20,0,1,0
3,0.0,0.88,0,12.675529,1,23,1,1,0
1,5.0,0.73,5,11.3715,0,13,0,1,0
0,0.0,0.85,1,12.48025,0,11,0,1,0
1,5.0,0.73,5,12.812958,0,13,0,1,0
2,0.0,0.88,0,6.733235,0,14,1,0,0
1,5.0,0.82,2,7.471073,0,19,1,1,0
1,5.0,0.73,5,12.481968,0,8,0,1,0
1,5.0,0.67,7,8.949708,0,10,0,0,0
1,5.0,0.82,2,10.282877,0,15,0,3,0
0,0.0,0.85,1,13.754369,0,12,0,2,0
1,5.0,0.79,3,11.071955,0,21,0,1,0
1,5.0,0.82,2,9.84438,0,17,0,0,0
0,0.0,0.85,1,11.928379,0,17,0,1,0
3,0.0,0.85,1,11.650105,1,10,0,0,0
3,0.0,0.88,0,13.901423,1,12,0,2,0
1,5.0,0.79,3,13.041782,0,10,0,2,0
3,0.0,0.85,1,12.324994,1,23,0,1,0
1,5.0,0.82,2,10.443699,0,12,1,3,0
2,0.0,0.88,0,9.736665,0,13,0,1,0
0,0.0,0.85,1,7.275449,0,15,0,0,0
3,0.0,0.85,1,10.720482,1,1,0,3,0
2,0.0,0.88,0,8.355911,0,16,0,0,0
1,5.0,0.7,6,12.826693,0,3,0,1,0
1,5.0,0.79,3,6.404104,0,11,0,0,0
1,5.0,0.82,2,10.264608,0,20,1,2,0
1,5.0,0.7,6,10.289509,0,3,0,3,0
2,0.0,0.88,0,8.667511,0,20,1,0,0
3,0.0,0.85,1,9.073276,1,1,1,0,0
2,0.0,0.88,0,7.322233,0,3,0,0,0
0,0.0,0.88,0,7.932312,0,21,0,3,0
3,0.0,0.85,1,12.436636,1,13,0,1,0
1,5.0,0.76,4,10.40008,0,14,0,0,0
1,5.0,0.82,2,11.241555,0,13,0,0,0
0,0.0,0.85,1,11.874875,0,18,0,1,0
1,5.0,0.73,5,13.452086,0,11,0,2,0
2,0.0,0.88,0,8.842773,0,10,0,0,0
1,5.0,0.73,5,11.19034,0,0,1,0,0
1,5.0,0.65,9,8.948334,0,15,0,3,0
2,0.0,0.88,0,9.901901,0,7,0,1,0
1,5.0,0.79,3,11.560917,0,16,0,1,0
1,5.0,0.7,6,13.396025,0,12,1,2,0
0,0.0,0.85,1,12.219959,0,17,1,1,0
0,0.0,0.85,1,11.072701,0,12,0,1,0
1,5.0,0.79,3,11.062267,0,5,0,1,0
1,5.0,0.79,3,10.309126,0,7,1,1,0
2,0.0,0.85,1,11.674128,0,18,1,3,0
2,0.0,0.88,0,10.852805,0,10,0,1,0
1,5.0,0.65,12,13.519909,0,13,0,2,0
1,5.0,0.82,2,8.233734,0,21,0,0,0
3,0.0,0.85,1,11.447137,1,7,0,0,0
3,0.0,0.88,0,10.436524,1,11,0,0,0
1,5.0,0.82,2,10.812323,0,18,1,1,0
1,5.0,0.82,2,12.546931,0,8,0,1,0
1,5.0,0.82,2,12.254693,0,11,0,2,0
1,5.0,0.76,4,11.738485,0,10,1,0,0
2,0.0,0.85,1,10.909699,0,14,1,1,0
1,5.0,0.82,2,10.339827,0,10,0,2,0
2,0.0,0.88,0,8.098099,0,10,1,0,0
2,0.0,0.85,1,8.731927,0,16,0,0,0
2,0.0,0.88,0,11.343392,0,12,0,2,0
1,5.0,0.79,3,9.671312,0,20,0,2,0
1,5.0,0.7,6,10.332839,0,11,0,0,0
2,0.0,0.85,1,10.627606,0,12,0,1,0
2,0.0,0.85,1,8.236717,0,17,0,0,0
1,5.0,0.79,3,11.417313,0,14,0,1,0
0,0.0,0.85,1,11.831301,0,13,1,1,0
1,5.0,0.65,9,9.125497,0,13,0,0,0
1,5.0,0.67,7,12.230931,0,5,0,1,0
2,0.0,0.85,1,11.179668,0,14,1,2,0
2,0.0,0.88,0,10.920953,0,13,1,1,0
1,5.0,0.82,2,10.917384,0,19,1,2,0
1,5.0,0.7,6,12.62394,0,17,1,1,0
2,0.0,0.85,1,7.338388,0,13,0,0,0
0,52.3,0.1849,10,13.445142,0,16,1,3,1
1,5.0,0.79,3,9.589531,0,17,0,1,0
2,0.0,0.88,0,7.342417,0,18,0,0,0
1,5.0,0.79,3,10.327421,0,15,0,3,0
2,0.0,0.85,1,12.591996,0,9,0,2,0
1,5.0,0.76,4,13.796982,0,12,0,2,0
1,5.0,0.82,2,8.440014,0,21,1,3,0
2,0.0,0.85,1,9.61018,0,8,0,2,0
1,5.0,0.73,5,13.870252,0,10,1,2,0
2,0.0,0.88,0,8.614111,0,16,0,0,0
1,5.0,0.76,4,8.557959,0,18,0,0,0
1,55.2,0.2355,3,13.688133,0,14,0,2,1
3,0.0,0.85,1,12.556745,1,9,0,1,0
0,0.0,0.85,1,9.696997,0,16,0,1,0
1,5.0,0.82,2,12.854987,0,15,0,1,0
2,0.0,0.85,1,9.205932,0,15,0,0,0
1,5.0,0.79,3,9.708484,0,3,0,0,0
3,0.0,0.79,3,11.342061,1,2,1,1,0
1,5.0,0.82,2,9.406548,0,17,1,0,0
3,0.0,0.88,0,11.671175,1,16,1,1,0
3,0.0,0.88,0,12.208776,1,23,0,2,0
0,0.0,0.85,1,9.482685,0,17,0,1,0
0,0.0,0.85,1,10.834246,0,20,1,2,0
1,5.0,0.79,3,9.906172,0,9,1,3,0
1,5.0,0.82,2,11.889956,0,12,0,1,0
2,0.0,0.79,3,7.613947,0,13,0,3,0
1,5.0,0.82,2,8.276766,0,20,0,0,0
1,5.0,0.67,7,13.81101,0,22,0,2,0
1,5.0,0.76,4,9.655099,0,13,0,3,0
2,0.0,0.85,1,6.973262,0,10,1,0,0
2,0.0,0.88,0,9.254118,0,12,1,0,0
1,5.0,0.79,3,9.052666,0,20,1,0,0
1,5.0,0.82,2,12.745021,0,14,0,1,0
2,0.0,0.88,0,8.523257,0,14,0,0,0
1,5.0,0.79,3,11.42253,0,13,0,0,0
3,0.0,0.88,0,10.494309,1,15,1,0,0
2,0.0,0.88,0,7.081398,0,14,0,0,0
0,0.0,0.85,1,12.803351,0,10,1,1,0
0,0.0,0.85,1,10.00103,0,16,0,2,0
1,5.0,0.76,4,10.810416,0,11,1,0,0
1,5.0,0.82,2,8.953838,0,17,0,2,0
2,0.0,0.88,0,8.168166,0,17,0,0,0
3,0.0,0.88,0,12.123592,1,23,0,2,0
2,0.0,0.88,0,8.128264,0,10,0,0,0
3,0.0,0.85,1,10.711366,1,11,0,0,0
3,0.0,0.88,0,13.433642,1,12,0,2,0
2,0.0,0.88,0,11.23479,0,19,0,1,0
1,5.0,0.82,2,9.753005,0,19,0,0,0
3,0.0,0.88,0,12.662652,1,0,0,1,0
2,0.0,0.85,1,12.047097,0,18,0,2,0
3,0.0,0.85,1,12.537122,1,2,0,1,0
2,0.0,0.88,0,9.699933,0,10,0,1,0
1,5.0,0.79,3,11.224934,0,14,0,0,0
1,5.0,0.65,12,11.362902,0,19,0,0,0
1,5.0,0.79,3,10.852233,0,9,0,1,0
1,5.0,0.79,3,11.005006,0,19,1,1,0
2,0.0,0.85,1,9.280529,0,17,1,0,0
2,0.0,0.88,0,11.052688,0,12,0,1,0
1,5.0,0.65,11,8.903006,0,16,0,0,0
2,0.0,0.88,0,9.189437,0,8,0,0,0
1,5.0,0.65,8,13.346448,0,13,1,2,0
1,5.0,0.76,4,11.306013,0,15,0,2,0
1,5.0,0.65,9,10.30267,0,0,1,1,0
1,5.0,0.73,5,10.865455,0,0,1,0,0
2,0.0,0.85,1,11.629394,0,17,0,2,0
2,0.0,0.85,1,11.33555,0,10,1,1,0
1,5.0,0.82,2,8.855877,0,23,0,0,0
2,0.0,0.85,1,9.395127,0,12,1,0,0
0,0.0,0.85,1,9.561015,0,16,0,0,0
1,5.0,0.79,3,11.209463,0,18,0,1,0
1,5.0,0.79,3,9.602135,0,19,1,0,0
1,5.0,0.65,11,11.295572,0,12,1,0,0
2,0.0,0.85,1,7.227278,0,2,1,0,0
1,5.0,0.7,6,11.321825,0,13,0,2,0
2,0.0,0.88,0,9.853044,0,16,0,0,0
1,5.0,0.82,2,11.611522,0,19,0,1,0
2,0.0,0.85,1,9.30525,0,11,0,0,0
1,51.8,0.1433,12,11.682047,0,14,0,1,1
1,5.0,0.79,3,11.786063,0,16,0,1,0
1,5.0,0.82,2,9.558463,0,10,0,0,0
1,5.0,0.82,2,12.770844,0,8,1,1,0
1,5.0,0.73,5,9.552527,0,0,0,0,0
1,5.0,0.76,4,10.802251,0,17,0,1,0
1,5.0,0.79,3,9.259453,0,17,0,0,0
1,5.0,0.82,2,8.955207,0,20,0,2,0
1,5.0,0.76,4,12.987539,0,13,0,1,0
0,0.0,0.85,1,10.765028,0,17,0,1,0
2,0.0,0.88,0,8.034832,0,9,0,0,0
1,5.0,0.7,6,10.079666,0,14,0,0,0
2,0.0,0.85,1,9.547948,0,15,0,1,0
1,5.0,0.73,5,9.983293,0,22,0,0,0
1,5.0,0.79,3,11.61245,0,20,0,1,0
2,0.0,0.85,1,8.778203,0,9,1,0,0
1,5.0,0.73,5,11.112869,0,15,0,0,0
1,5.0,0.73,5,11.590368,0,12,0,2,0
1,5.0,0.82,2,10.24797,0,19,0,1,0
1,5.0,0.82,2,8.342664,0,7,0,1,0
0,0.0,0.85,1,12.797748,0,16,0,2,0
1,5.0,0.79,3,5.900527,0,11,0,0,0
1,5.0,0.76,4,10.674509,0,13,0,0,0
0,0.0,0.85,1,8.472213,0,9,0,3,0
2,0.0,0.88,0,9.054759,0,18,0,0,0
1,5.0,0.7,6,13.052427,0,9,1,2,0
0,0.0,0.85,1,11.074711,0,11,0,1,0
1,5.0,0.73,5,13.288753,0,10,0,2,0
1,64.0,0.0593,12,10.62396,0,5,1,1,1
1,5.0,0.7,6,13.557811,0,13,0,2,0
0,0.0,0.85,1,9.846005,0,21,1,2,0
1,5.0,0.79,3,12.022836,0,17,0,1,0
3,0.0,0.85,1,8.46104,1,19,1,0,0
1,5.0,0.79,3,11.662893,0,8,1,1,0
1,5.0,0.82,2,9.084244,0,14,0,2,0
1,5.0,0.65,11,6.209555,0,11,0,3,0
2,0.0,0.85,1,10.772146,0,13,0,1,0
0,0.0,0.88,0,8.030328,0,20,1,3,0
0,0.0,0.85,1,11.298217,0,19,1,1,0
2,0.0,0.79,3,9.421908,0,17,1,1,0
2,0.0,0.88,0,12.242658,0,12,0,2,0
1,5.0,0.82,2,12.536002,0,11,0,1,0
2,0.0,0.88,0,10.464062,0,16,0,1,0
1,5.0,0.76,4,10.142275,0,9,1,2,0
0,42.9,0.1322,20,13.060942,0,11,0,2,1
1,5.0,0.76,4,10.828486,0,12,0,0,0
1,5.0,0.65,10,11.007512,0,12,0,1,0
1,5.0,0.7,6,7.360632,0,16,1,3,0
1,5.0,0.82,2,11.569661,0,14,0,0,0
1,5.0,0.79,3,10.21432,0,3,0,1,0
1,5.0,0.79,3,7.657524,0,11,0,3,0
2,0.0,0.88,0,7.696072,0,18,0,3,0
3,0.0,0.88,0,12.450944,1,18,0,1,0
1,5.0,0.79,3,9.216183,0,18,0,0,0
1,5.0,0.82,2,10.571552,0,13,0,0,0
1,5.0,0.82,2,11.87857,0,12,1,1,0
1,5.0,0.79,3,10.018493,0,18,0,1,0
0,0.0,0.85,1,7.885623,0,18,0,0,0
1,5.0,0.79,3,11.998473,0,8,0,2,0
0,0.0,0.85,1,13.199942,0,23,1,1,0
3,0.0,0.85,1,12.466457,1,0,0,1,0
1,5.0,0.79,3,12.926418,0,16,0,2,0
0,0.0,0.85,1,8.904327,0,12,0,3,0
1,5.0,0.82,2,12.93707,0,22,1,2,0
2,0.0,0.88,0,11.606715,0,1,0,2,0
1,5.0,0.7,6,11.152399,0,11,0,0,0
1,5.0,0.7,6,13.01257,0,13,0,2,0
2,0.0,0.85,1,10.907598,0,9,0,2,0
1,5.0,0.82,2,10.63987,0,18,0,1,0
2,0.0,0.88,0,11.06429,0,14,0,1,0
2,0.0,0.85,1,10.458464,0,11,0,1,0
2,0.0,0.85,1,9.201015,0,13,0,0,0
1,5.0,0.82,2,7.254892,0,17,0,1,0
2,0.0,0.85,1,8.939633,0,12,0,0,0
3,0.0,0.85,1,11.977759,1,9,1,1,0
2,0.0,0.85,1,11.565464,0,14,0,2,0
1,5.0,0.65,12,9.773056,0,1,0,3,0
1,5.0,0.76,4,11.16849,0,0,0,1,0
1,5.0,0.79,3,12.15448,0,14,0,2,0
2,0.0,0.88,0,6.933404,0,10,0,3,0
1,5.0,0.82,2,13.077577,0,18,0,1,0
1,5.0,0.79,3,11.708901,0,18,0,1,0
1,5.0,0.76,4,11.66789,0,9,0,1,0
2,0.0,0.85,1,10.647768,0,13,0,1,0
2,0.0,0.85,1,10.826207,0,10,0,1,0
1,5.0,0.65,12,12.341436,0,1,0,1,0
1,5.0,0.79,3,12.364256,0,11,0,1,0
1,5.0,0.79,3,11.006355,0,18,1,1,0
0,0.0,0.85,1,12.085941,0,19,0,1,0
0,0.0,0.85,1,10.527755,0,20,0,1,0
2,0.0,0.85,1,7.296054,0,10,0,0,0
2,0.0,0.88,0,12.497927,0,12,0,0,0
1,5.0,0.7,6,12.097656,0,10,0,2,0
1,5.0,0.65,9,12.647269,0,10,1,2,0
3,0.0,0.88,0,12.020815,1,8,0,2,0
1,5.0,0.82,2,7.074218,0,21,0,2,0
1,5.0,0.79,3,10.423933,0,23,0,0,0
2,0.0,0.85,1,11.147349,0,11,1,0,0
1,5.0,0.82,2,9.881684,0,20,0,2,0
2,0.0,0.85,1,10.747513,0,14,1,1,0
2,0.0,0.88,0,9.398047,0,18,0,1,0
2,0.0,0.85,1,6.870136,0,15,1,3,0
3,0.0,0.85,1,13.051079,1,22,0,1,0
1,5.0,0.79,3,10.675659,0,16,0,0,0
1,5.0,0.82,2,12.853303,0,11,1,1,0
1,5.0,0.67,7,11.481292,0,12,0,0,0
1,5.0,0.82,2,9.819849,0,3,0,0,0
1,5.0,0.79,3,10.211185,0,17,0,2,0
2,0.0,0.85,1,6.437736,0,14,0,3,0
2,0.0,0.85,1,12.105141,0,7,0,2,0
2,0.0,0.85,1,11.810396,0,18,0,0,0
0,0.0,0.85,1,10.612695,0,12,0,0,0
1,5.0,0.79,3,10.863125,0,16,1,1,0
1,5.0,0.76,4,11.548359,0,1,0,2,0
1,5.0,0.65,11,9.075055,0,12,1,0,0
3,0.0,0.85,1,11.430176,1,9,0,0,0
2,0.0,0.88,0,12.7513,0,7,0,2,0
0,0.0,0.85,1,11.102681,0,13,1,2,0
0,0.0,0.85,1,8.45794,0,15,1,0,0
1,5.0,0.82,2,11.792613,0,17,0,1,0
0,56.8,0.0906,2,16.450264,0,3,0,2,1
1,5.0,0.79,3,12.702511,0,17,0,1,0
1,5.0,0.82,2,8.140904,0,21,0,1,0
0,0.0,0.85,1,9.796585,0,11,0,1,0
1,5.0,0.82,2,10.7673,0,11,0,0,0
2,0.0,0.88,0,11.192984,0,14,0,1,0
1,5.0,0.82,2,9.692103,0,13,0,2,0
2,0.0,0.85,1,9.045,0,18,0,1,0
1,5.0,0.7,6,12.30069,0,15,1,1,0
1,5.0,0.82,2,11.725952,0,18,0,1,0
1,5.0,0.7,6,12.083868,0,11,0,2,0
3,0.0,0.88,0,10.633348,1,1,0,3,0
1,5.0,0.82,2,11.246573,0,21,0,1,0
1,5.0,0.7,6,13.272565,0,11,0,2,0
1,5.0,0.76,4,11.088145,0,3,0,0,0
1,5.0,0.73,5,10.445063,0,14,0,0,0
0,0.0,0.85,1,8.675564,0,12,1,2,0
1,5.0,0.82,2,11.636653,0,20,0,1,0
2,0.0,0.85,1,11.80255,0,12,1,2,0
0,0.0,0.85,1,9.371552,0,14,0,0,0
0,0.0,0.85,1,10.473405,0,9,1,1,0
2,0.0,0.85,1,6.82921,0,11,0,0,0
2,0.0,0.88,0,10.241181,0,12,0,1,0
0,0.0,0.85,1,10.339386,0,12,0,1,0
0,0.0,0.85,1,11.096931,0,12,0,1,0
1,5.0,0.76,4,11.078509,0,0,1,1,0
1,5.0,0.7,6,9.005474,0,0,0,3,0
1,5.0,0.82,2,10.197159,0,16,0,3,0
1,5.0,0.82,2,9.368679,0,22,0,1,0
1,5.0,0.82,2,10.569638,0,11,0,0,0
1,5.0,0.65,8,11.105558,0,13,0,0,0
1,5.0,0.82,2,13.652142,0,10,1,2,0
1,5.0,0.79,3,12.954335,0,13,1,1,0
3,0.0,0.85,1,12.59025,1,12,0,2,0
1,5.0,0.79,3,12.906944,0,13,1,1,0
2,0.0,0.88,0,11.387901,0,14,0,2,0
3,0.0,0.88,0,12.358298,1,3,0,1,0
0,47.6,0.1999,2,2.034706,0,7,0,2,1
2,0.0,0.85,1,9.134772,0,9,1,0,0
1,5.0,0.82,2,11.052197,0,10,0,2,0
2,0.0,0.88,0,6.630815,0,12,1,0,0
2,0.0,0.85,1,9.026829,0,17,1,0,0
3,0.0,0.88,0,10.26626,1,9,0,3,0
2,0.0,0.85,1,9.777944,0,18,1,1,0
3,0.0,0.88,0,12.871828,1,4,0,1,0
3,0.0,0.85,1,13.03378,1,22,0,2,0
2,0.0,0.85,1,9.155374,0,15,0,1,0
3,0.0,0.85,1,11.150662,1,18,0,1,0
3,0.0,0.88,0,9.882006,1,0,0,3,0
1,5.0,0.82,2,10.551664,0,10,1,1,0
1,5.0,0.65,9,11.424336,0,17,0,1,0
1,5.0,0.82,2,11.884439,0,16,0,1,0
1,5.0,0.7,6,12.413245,0,4,0,1,0
3,0.0,0.85,1,11.269626,1,1,0,2,0
1,5.0,0.79,3,11.712317,0,15,1,0,0
3,0.0,0.85,1,13.184027,1,1,0,2,0
0,0.0,0.85,1,11.020601,0,13,0,0,0
1,5.0,0.79,3,12.283724,0,18,0,1,0
1,5.0,0.82,2,9.742725,0,0,0,3,0
2,0.0,0.85,1,12.396159,0,11,0,2,0
1,5.0,0.82,2,12.578239,0,10,0,1,0
1,5.0,0.65,11,12.137465,0,12,0,1,0
2,0.0,0.88,0,7.898652,0,19,0,0,0
1,5.0,0.79,3,11.317968,0,10,1,1,0
2,0.0,0.79,3,10.811085,0,8,0,1,0
1,5.0,0.82,2,11.569191,0,15,1,0,0
1,5.0,0.73,5,13.607547,0,12,0,2,0
3,0.0,0.88,0,10.020065,1,0,0,1,0
1,45.1,0.0628,1,11.678041,0,3,0,1,1
2,0.0,0.88,0,11.638654,0,16,0,2,0
1,5.0,0.82,2,13.370402,0,22,0,2,0
0,0.0,0.85,1,12.604689,0,0,0,1,0
2,0.0,0.85,1,12.966398,0,9,1,0,0
2,0.0,0.85,1,11.818538,0,11,0,2,0
2,0.0,0.85,1,8.124032,0,10,1,0,0
1,5.0,0.7,6,9.640815,0,12,0,3,0
3,0.0,0.85,1,11.390422,1,3,0,2,0
2,0.0,0.85,1,6.151455,0,17,0,3,0
1,5.0,0.82,2,11.866475,0,2,0,1,0
2,0.0,0.85,1,9.488183,0,12,0,1,0
1,5.0,0.79,3,11.056647,0,12,1,0,0
1,5.0,0.76,4,10.347457,0,14,0,3,0
0,0.0,0.85,1,10.259637,0,16,0,2,0
2,0.0,0.88,0,9.188141,0,11,1,0,0
1,5.0,0.79,3,9.845336,0,16,0,0,0
1,5.0,0.82,2,9.624283,0,3,0,0,0
1,5.0,0.79,3,13.397256,0,23,0,1,0
2,0.0,0.82,2,10.379084,0,12,1,1,0
2,0.0,0.85,1,8.578364,0,14,0,0,0
1,5.0,0.73,5,12.243294,0,19,0,1,0
1,5.0,0.7,6,10.609396,0,12,0,1,0
2,0.0,0.85,1,12.349503,0,11,0,2,0
1,5.0,0.73,5,10.096777,0,15,0,0,0
3,0.0,0.88,0,13.537899,1,2,0,2,0
3,0.0,0.88,0,12.198319,1,3,1,1,0
1,5.0,0.79,3,11.255854,0,14,0,0,0
3,0.0,0.85,1,13.821933,1,22,1,2,0
1,5.0,0.82,2,11.274014,0,18,0,0,0
3,0.0,0.88,0,11.451129,1,4,0,1,0
0,0.0,0.85,1,9.339727,0,20,1,0,0
0,0.0,0.85,1,11.524665,0,18,0,1,0
1,5.0,0.79,3,12.370034,0,23,0,1,0
1,5.0,0.82,2,11.592076,0,19,0,1,0
2,0.0,0.88,0,11.175225,0,11,0,1,0
2,0.0,0.88,0,7.65487,0,10,0,0,0
2,0.0,0.85,1,9.003882,0,13,1,0,0
1,5.0,0.79,3,11.669815,0,14,0,1,0
3,0.0,0.88,0,11.239352,1,10,1,0,0
1,5.0,0.79,3,11.067646,0,19,0,0,0
3,0.0,0.88,0,12.588854,1,15,0,1,0
0,0.0,0.85,1,13.384221,0,0,1,2,0
3,0.0,0.88,0,11.859815,1,18,1,1,0
1,5.0,0.82,2,11.095734,0,11,0,1,0
1,5.0,0.79,3,8.799034,0,17,0,1,0
0,0.0,0.85,1,12.010692,0,5,0,0,0
2,0.0,0.85,1,11.02264,0,10,0,1,0
1,5.0,0.79,3,7.741929,0,17,0,3,0
1,5.0,0.82,2,11.759391,0,21,1,1,0
2,0.0,0.88,0,11.599829,0,7,0,2,0
2,0.0,0.85,1,8.609874,0,13,0,0,0
0,0.0,0.85,1,11.721111,0,2,0,1,0
1,5.0,0.79,3,8.315172,0,19,0,0,0
1,5.0,0.7,6,11.459203,0,15,1,0,0
1,5.0,0.82,2,7.905021,0,12,1,3,0
0,0.0,0.85,1,11.184711,0,20,0,1,0
1,5.0,0.79,3,9.375124,0,20,1,1,0
2,0.0,0.88,0,11.369589,0,13,1,2,0
0,0.0,0.85,1,13.236893,0,16,1,1,0
2,0.0,0.85,1,10.270188,0,15,0,1,0
3,0.0,0.85,1,12.878228,1,9,0,1,0
1,5.0,0.79,3,8.691684,0,20,0,1,0
2,0.0,0.88,0,10.557909,0,23,0,1,0
0,0.0,0.85,1,8.904474,0,10,1,0,0
3,0.0,0.88,0,12.097489,1,18,0,0,0
3,0.0,0.88,0,10.968342,1,19,1,1,0
1,5.0,0.82,2,11.972729,0,22,1,1,0
1,5.0,0.73,5,10.420018,0,12,0,0,0
1,78.3,0.1495,9,13.798966,0,13,0,1,1
1,5.0,0.79,3,11.424142,0,19,1,1,0
1,5.0,0.65,10,10.967749,0,19,1,0,0
1,5.0,0.73,5,8.782323,0,14,0,0,0
2,0.0,0.85,1,7.993715,0,8,0,0,0
2,0.0,0.88,0,10.392054,0,18,0,1,0
2,0.0,0.85,1,9.744087,0,15,0,1,0
0,0.0,0.85,1,13.647053,0,13,1,2,0
1,5.0,0.7,6,12.928317,0,14,0,2,0
2,0.0,0.85,1,11.211263,0,4,0,1,0
0,0.0,0.85,1,9.656147,0,17,0,0,0
1,5.0,0.79,3,14.003271,0,5,0,2,0
2,0.0,0.88,0,9.417257,0,21,1,0,0
1,5.0,0.7,6,10.85265,0,0,0,0,0
1,5.0,0.7,6,11.747643,0,15,0,1,0
1,5.0,0.82,2,11.098714,0,19,0,1,0
3,0.0,0.88,0,10.110788,1,1,0,3,0
3,0.0,0.88,0,12.215935,1,15,0,1,0
3,0.0,0.88,0,10.713977,1,15,1,0,0
1,5.0,0.76,4,11.143602,0,14,0,0,0
2,0.0,0.88,0,8.581435,0,10,0,0,0
1,5.0,0.65,8,10.873728,0,15,0,2,0
1,5.0,0.79,3,7.824806,0,20,0,0,0
1,5.0,0.73,5,12.088972,0,12,0,2,0
1,5.0,0.7,6,9.477279,0,15,1,2,0
2,0.0,0.85,1,10.84334,0,16,0,1,0
1,5.0,0.82,2,12.264129,0,16,1,1,0
0,0.0,0.85,1,10.473572,0,12,0,1,0
1,5.0,0.7,6,10.710701,0,17,1,0,0
1,5.0,0.65,10,10.945291,0,21,0,0,0
2,0.0,0.88,0,8.470315,0,15,1,2,0
1,5.0,0.7,6,13.30347,0,20,1,2,0
1,5.0,0.79,3,11.903147,0,21,0,1,0
3,0.0,0.88,0,11.495729,1,3,0,1,0
2,0.0,0.85,1,12.140811,0,13,0,2,0
0,0.0,0.85,1,11.125421,0,23,1,1,0
1,5.0,0.7,6,11.333354,0,16,0,0,0
0,0.0,0.85,1,10.82745,0,20,0,1,0
1,59.2,0.0946,2,2.10657,0,18,0,1,1
1,5.0,0.79,3,12.604364,0,3,0,2,0
1,5.0,0.79,3,9.803687,0,20,0,0,0
1,5.0,0.73,5,10.097859,0,11,1,2,0
2,0.0,0.85,1,9.940103,0,12,0,3,0
2,0.0,0.85,1,9.742113,0,10,0,1,0
1,5.0,0.76,4,9.263768,0,12,1,3,0
0,0.0,0.85,1,11.504176,0,17,0,1,0
0,75.2,0.0939,1,3.339677,0,20,0,2,1
2,0.0,0.85,1,8.230998,0,14,0,0,0
1,5.0,0.73,5,12.865806,0,17,0,1,0
1,5.0,0.7,6,10.647904,0,10,0,0,0
3,0.0,0.88,0,13.298642,1,6,0,2,0
1,5.0,0.82,2,7.907894,0,18,1,3,0
0,0.0,0.85,1,13.612348,0,13,0,2,0
1,5.0,0.82,2,8.830246,0,19,0,1,0
1,5.0,0.79,3,10.278103,0,22,0,2,0
2,0.0,0.85,1,12.71349,0,11,1,1,0
1,5.0,0.82,2,11.331391,0,19,0,1,0
2,0.0,0.85,1,10.717723,0,15,0,1,0
0,0.0,0.85,1,13.146817,0,10,0,1,0
1,5.0,0.82,2,8.315388,0,18,0,0,0
0,0.0,0.85,1,11.771432,0,9,0,1,0
2,0.0,0.85,1,10.441458,0,15,0,2,0
1,5.0,0.76,4,12.742249,0,14,0,1,0
2,0.0,0.85,1,8.640866,0,15,1,0,0
1,5.0,0.79,3,13.652911,0,12,0,2,0
2,0.0,0.88,0,11.163316,0,10,1,1,0
1,5.0,0.76,4,11.242458,0,16,0,0,0
2,0.0,0.85,1,11.443435,0,3,0,1,0
2,0.0,0.85,1,10.665583,0,13,0,1,0
1,5.0,0.73,5,12.877324,0,1,0,2,0
2,0.0,0.85,1,11.165968,0,12,0,1,0
1,5.0,0.82,2,14.227923,0,10,0,2,0
1,5.0,0.76,4,12.640066,0,12,0,1,0
0,0.0,0.85,1,9.268059,0,11,0,1,0
2,0.0,0.88,0,10.375431,0,7,0,1,0
2,0.0,0.88,0,8.599567,0,15,1,3,0
0,0.0,0.85,1,12.238021,0,13,0,1,0
2,0.0,0.88,0,10.766734,0,8,1,2,0
1,5.0,0.79,3,9.86808,0,22,0,0,0
1,5.0,0.76,4,10.154321,0,15,0,2,0
3,0.0,0.88,0,12.158858,1,2,0,1,0
1,5.0,0.73,5,12.717878,0,12,0,1,0
0,0.0,0.85,1,8.024757,0,12,0,1,0
2,0.0,0.85,1,10.621712,0,14,0,1,0
2,0.0,0.85,1,7.838816,0,13,0,0,0
3,0.0,0.85,1,12.307087,1,10,1,1,0
1,5.0,0.65,8,13.01647,0,10,0,1,0
0,0.0,0.85,1,10.597432,0,9,1,0,0
1,5.0,0.79,3,12.823934,0,11,0,1,0
2,0.0,0.85,1,10.269751,0,9,0,2,0
0,0.0,0.85,1,9.136808,0,21,1,1,0
0,0.0,0.85,1,12.330425,0,12,0,2,0
1,5.0,0.7,6,11.621644,0,10,0,1,0
1,5.0,0.79,3,11.962762,0,12,0,2,0
0,0.0,0.85,1,11.094457,0,12,0,1,0
1,5.0,0.79,3,9.925139,0,23,0,3,0
2,0.0,0.85,1,8.792595,0,11,0,0,0
2,0.0,0.88,0,8.168237,0,12,1,0,0
2,0.0,0.88,0,9.266348,0,17,0,0,0
2,0.0,0.85,1,8.193055,0,11,1,0,0
1,5.0,0.79,3,12.302629,0,15,0,1,0
2,0.0,0.85,1,9.055191,0,9,0,0,0
3,0.0,0.85,1,11.995716,1,22,0,2,0
0,41.8,0.2021,19,10.112617,0,14,0,1,1
1,5.0,0.76,4,11.006896,0,11,0,0,0
0,45.4,0.0738,4,14.531471,0,13,0,1,1
2,0.0,0.85,1,7.244563,0,9,1,3,0
1,5.0,0.79,3,10.71175,0,15,1,0,0
3,0.0,0.88,0,12.496038,1,2,0,0,0
0,0.0,0.85,1,11.132692,0,13,1,0,0
1,5.0,0.79,3,10.747329,0,13,1,0,0
0,0.0,0.85,1,9.97527,0,18,1,0,0
1,5.0,0.79,3,10.169195,0,12,0,1,0
2,0.0,0.88,0,10.338327,0,10,0,2,0
1,5.0,0.73,5,11.305984,0,0,1,1,0
2,0.0,0.85,1,8.201002,0,11,0,0,0
1,5.0,0.82,2,10.220958,0,18,0,0,0
0,0.0,0.85,1,9.695776,0,12,1,0,0
0,0.0,0.85,1,13.236167,0,1,0,1,0
1,5.0,0.65,10,13.192156,0,12,0,2,0
1,5.0,0.79,3,10.89294,0,17,1,0,0
2,0.0,0.85,1,10.270116,0,14,0,1,0
1,5.0,0.79,3,10.750975,0,18,0,1,0
3,0.0,0.85,1,10.937441,1,13,0,1,0
3,0.0,0.85,1,11.097691,1,16,0,0,0
1,5.0,0.65,8,10.032229,0,3,0,3,0
1,5.0,0.65,8,8.480461,0,0,0,1,0
2,0.0,0.88,0,12.381903,0,11,0,2,0
1,5.0,0.79,3,9.75771,0,14,0,1,0
3,0.0,0.85,1,10.729535,1,21,0,3,0
1,5.0,0.65,8,11.415876,0,3,0,0,0
0,0.0,0.85,1,11.682149,0,8,0,1,0
2,0.0,0.85,1,10.744773,0,19,1,1,0
0,79.3,0.0875,1,15.038902,0,6,0,2,1
1,5.0,0.7,6,9.022694,0,13,0,3,0
1,5.0,0.76,4,12.875407,0,13,0,1,0
0,0.0,0.85,1,11.420538,0,11,0,2,0
1,5.0,0.7,6,9.619768,0,16,0,0,0
2,0.0,0.85,1,12.164264,0,11,0,2,0
3,0.0,0.88,0,13.073439,1,22,0,1,0
2,0.0,0.88,0,9.262735,0,9,1,0,0
2,0.0,0.85,1,8.550431,0,10,0,0,0
2,0.0,0.85,1,9.152977,0,14,0,0,0
1,5.0,0.79,3,11.602509,0,18,0,1,0
1,5.0,0.82,2,14.282181,0,11,0,2,0
3,0.0,0.85,1,12.25554,1,22,1,1,0
1,5.0,0.82,2,9.003787,0,18,0,0,0
0,0.0,0.85,1,11.203506,0,8,0,1,0
2,0.0,0.88,0,10.193908,0,16,0,1,0
2,0.0,0.88,0,11.590578,0,13,0,1,0
2,0.0,0.85,1,12.579624,0,9,0,2,0
1,5.0,0.7,6,10.31709,0,13,0,0,0
1,5.0,0.73,5,12.510945,0,0,0,1,0
2,0.0,0.85,1,11.938357,0,18,1,2,0
3,0.0,0.88,0,12.20726,1,23,0,1,0
1,5.0,0.7,6,13.429392,0,12,1,2,0
3,0.0,0.88,0,14.002025,1,15,0,2,0
2,0.0,0.85,1,11.9431,0,17,0,2,0
2,0.0,0.88,0,9.494759,0,12,1,0,0
1,5.0,0.79,3,10.71348,0,6,1,0,0
1,5.0,0.82,2,11.807388,0,17,0,1,0
0,0.0,0.85,1,11.27354,0,12,0,0,0
1,5.0,0.79,3,12.232046,0,18,0,1,0
2,0.0,0.88,0,9.897054,0,11,1,1,0
2,0.0,0.88,0,11.023541,0,13,1,1,0
1,5.0,0.79,3,13.606176,0,23,1,2,0
2,0.0,0.88,0,9.657287,0,10,1,2,0
0,0.0,0.85,1,10.51665,0,23,1,1,0
1,5.0,0.73,5,11.438297,0,14,1,1,0
2,0.0,0.88,0,11.568434,0,17,0,1,0
1,5.0,0.82,2,10.53548,0,5,0,0,0
1,5.0,0.65,9,9.873718,0,21,1,0,0
1,49.1,0.1053,6,12.780164,0,0,0,2,1
1,5.0,0.76,4,12.161893,0,23,1,1,0
1,5.0,0.79,3,10.507045,0,20,0,1,0
1,5.0,0.73,5,10.239822,0,13,0,0,0
0,0.0,0.85,1,11.325635,0,10,0,1,0
0,0.0,0.85,1,9.990781,0,10,0,3,0
1,5.0,0.65,8,13.713029,0,12,1,2,0
1,5.0,0.79,3,9.946655,0,13,0,0,0
0,0.0,0.85,1,11.167012,0,12,0,1,0
3,0.0,0.88,0,13.033832,1,1,0,2,0
3,0.0,0.88,0,13.821005,1,0,0,2,0
1,5.0,0.76,4,9.663104,0,13,1,0,0
1,5.0,0.76,4,9.356034,0,11,0,0,0
1,5.0,0.76,4,11.622355,0,13,0,0,0
2,0.0,0.88,0,8.718229,0,15,1,3,0
1,5.0,0.82,2,10.669481,0,17,0,1,0
3,0.0,0.88,0,11.922926,1,17,0,1,0
1,5.0,0.82,2,11.189336,0,17,0,1,0
2,0.0,0.88,0,10.985445,0,11,0,1,0
0,0.0,0.85,1,8.053553,0,13,1,0,0
2,0.0,0.88,0,7.079252,0,11,0,1,0
3,0.0,0.85,1,12.1618,1,18,1,1,0
2,0.0,0.85,1,10.769766,0,13,0,1,0
3,0.0,0.88,0,13.634267,1,0,1,2,0
2,0.0,0.85,1,9.329147,0,22,0,0,0
2,0.0,0.88,0,10.519274,0,13,0,2,0
1,5.0,0.79,3,12.465971,0,9,0,2,0
2,0.0,0.85,1,9.015827,0,9,0,0,0
3,0.0,0.85,1,13.253756,1,0,0,1,0
0,0.0,0.85,1,10.485312,0,12,0,1,0
2,0.0,0.85,1,8.569698,0,13,0,0,0
2,0.0,0.85,1,10.886139,0,17,0,1,0
1,5.0,0.7,6,11.394615,0,15,1,2,0
0,66.4,0.0944,19,11.195338,0,15,0,1,1
0,66.7,0.1241,7,15.688677,0,2,1,2,1
2,0.0,0.85,1,7.947081,0,17,0,3,0
2,0.0,0.88,0,11.170326,0,15,1,2,0
2,0.0,0.85,1,11.039791,0,19,0,2,0
1,5.0,0.82,2,8.273849,0,18,0,0,0
0,0.0,0.85,1,10.685184,0,20,0,1,0
2,0.0,0.85,1,8.264338,0,16,0,1,0
2,0.0,0.88,0,9.401206,0,12,0,0,0
2,0.0,0.85,1,8.244788,0,4,1,3,0
1,5.0,0.73,5,12.440422,0,10,0,2,0
1,5.0,0.79,3,11.002943,0,17,0,0,0
2,0.0,0.85,1,8.565524,0,12,0,0,0
1,5.0,0.82,2,13.111513,0,12,0,2,0
1,5.0,0.7,6,12.736258,0,1,0,1,0
3,0.0,0.88,0,12.01436,1,0,0,1,0
3,0.0,0.85,1,11.943138,1,23,0,2,0
1,5.0,0.82,2,11.279451,0,17,0,1,0
2,0.0,0.85,1,9.982835,0,11,1,3,0
0,0.0,0.85,1,6.616654,0,16,0,3,0
0,0.0,0.85,1,13.557376,0,11,0,2,0
0,0.0,0.85,1,9.813267,0,12,0,3,0
2,0.0,0.88,0,11.604772,0,12,1,2,0
1,53.6,0.0706,17,10.133168,0,1,1,2,1
2,0.0,0.85,1,8.291343,0,11,0,0,0
1,5.0,0.82,2,6.827467,0,21,0,1,0
2,0.0,0.88,0,6.771752,0,13,0,3,0
1,5.0,0.82,2,10.859529,0,18,0,1,0
2,0.0,0.88,0,9.036971,0,17,1,0,0
1,5.0,0.82,2,11.806182,0,17,1,1,0
1,5.0,0.73,5,12.950054,0,3,0,1,0
3,0.0,0.88,0,12.205518,1,15,1,1,0
1,5.0,0.79,3,10.889743,0,20,0,2,0
2,0.0,0.85,1,7.738889,0,10,1,0,0
1,5.0,0.82,2,10.378774,0,19,0,2,0
1,5.0,0.82,2,9.379383,0,21,0,1,0
2,0.0,0.85,1,10.754494,0,12,0,1,0
1,5.0,0.82,2,10.999988,0,16,1,1,0
0,59.1,0.1646,5,3.321793,0,10,0,1,1
2,0.0,0.79,3,9.636866,0,14,0,0,0
2,0.0,0.88,0,9.090471,0,14,1,0,0
1,5.0,0.82,2,11.164961,0,6,1,0,0
2,0.0,0.88,0,7.896404,0,11,1,3,0
1,5.0,0.73,5,7.926144,0,17,0,1,0
1,5.0,0.79,3,9.728856,0,11,0,2,0
1,5.0,0.82,2,11.879334,0,16,0,1,0
1,5.0,0.76,4,13.168638,0,7,1,2,0
0,0.0,0.85,1,11.882396,0,8,1,1,0
1,5.0,0.82,2,10.691133,0,22,0,0,0
1,5.0,0.82,2,10.932353,0,4,1,1,0
2,0.0,0.88,0,9.523332,0,11,0,1,0
1,5.0,0.7,6,9.755742,0,21,0,3,0
2,0.0,0.85,1,12.18316,0,14,1,2,0
2,0.0,0.88,0,10.258899,0,13,1,1,0
1,5.0,0.82,2,11.454427,0,12,0,0,0
3,0.0,0.88,0,11.900676,1,2,0,1,0
1,5.0,0.79,3,9.072144,0,7,0,0,0
2,0.0,0.88,0,9.649441,0,7,1,2,0
0,0.0,0.85,1,7.885307,0,19,0,3,0
1,5.0,0.73,5,11.213307,0,23,1,1,0
1,5.0,0.79,3,11.461375,0,14,0,1,0
2,0.0,0.85,1,8.804427,0,18,0,1,0
1,56.5,0.1198,18,11.601322,0,20,0,1,1
2,0.0,0.88,0,10.863087,0,9,0,1,0
2,0.0,0.85,1,10.610904,0,15,0,1,0
3,0.0,0.85,1,11.297916,1,12,1,0,0
0,0.0,0.85,1,11.22144,0,12,0,0,0
2,0.0,0.88,0,7.04058,0,11,0,0,0
0,0.0,0.88,0,11.20412,0,13,1,0,0
0,0.0,0.85,1,6.771638,0,17,0,2,0
1,5.0,0.65,11,8.97727,0,0,0,3,0
2,0.0,0.88,0,9.327711,0,11,0,0,0
1,71.1,0.1419,2,13.986234,0,13,1,3,1
2,0.0,0.88,0,9.099047,0,18,0,0,0
3,0.0,0.88,0,6.010777,1,16,1,1,0
1,5.0,0.7,6,12.011474,0,12,0,1,0
0,0.0,0.85,1,11.920136,0,12,0,1,0
2,0.0,0.88,0,9.72559,0,11,1,1,0
3,0.0,0.85,1,13.52081,1,23,0,2,0
2,0.0,0.85,1,10.797606,0,11,1,2,0
2,0.0,0.85,1,9.46519,0,22,1,0,0
2,0.0,0.85,1,12.123958,0,15,1,2,0
2,0.0,0.85,1,10.849698,0,15,0,2,0
2,0.0,0.88,0,7.323349,0,13,1,3,0
0,0.0,0.85,1,10.844618,0,14,0,1,0
0,0.0,0.85,1,11.416885,0,14,1,0,0
1,46.7,0.1435,3,15.073665,0,20,0,1,1
0,0.0,0.85,1,11.392161,0,20,0,1,0
1,5.0,0.82,2,10.099136,0,12,0,0,0
0,0.0,0.85,1,7.951982,0,19,1,0,0
2,0.0,0.88,0,13.326248,0,17,0,0,0
0,0.0,0.85,1,10.525899,0,0,0,1,0
3,0.0,0.88,0,13.571498,1,13,0,2,0
1,5.0,0.82,2,11.762827,0,19,0,1,0
2,0.0,0.85,1,9.799599,0,11,0,2,0
3,0.0,0.88,0,11.263717,1,22,0,1,0
0,0.0,0.85,1,11.805747,0,19,0,1,0
1,5.0,0.79,3,8.19288,0,20,1,0,0
2,0.0,0.85,1,8.191809,0,6,1,0,0
1,5.0,0.65,9,12.509574,0,10,0,1,0
1,5.0,0.76,4,12.574022,0,12,0,2,0
1,5.0,0.7,6,13.301437,0,8,1,2,0
2,0.0,0.85,1,11.256392,0,12,0,2,0
1,5.0,0.76,4,13.415666,0,11,1,2,0
1,5.0,0.79,3,6.200651,0,11,0,3,0
1,5.0,0.79,3,13.609442,0,15,1,2,0
1,5.0,0.79,3,10.828477,0,13,0,0,0
3,0.0,0.85,1,13.269282,1,23,0,1,0
1,5.0,0.82,2,12.255833,0,14,0,1,0
1,5.0,0.73,5,9.935646,0,23,0,3,0
0,62.8,0.2157,1,11.998559,0,3,0,2,1
0,0.0,0.85,1,8.759666,0,10,0,0,0
2,0.0,0.88,0,7.443904,0,16,0,2,0
1,5.0,0.7,6,12.417282,0,2,0,1,0
1,5.0,0.79,3,10.994107,0,19,1,2,0
1,5.0,0.7,6,12.661115,0,9,1,1,0
1,5.0,0.76,4,11.412402,0,11,0,0,0
3,0.0,0.85,1,10.539378,1,0,0,0,0
1,5.0,0.73,5,9.062649,0,22,1,2,0
2,0.0,0.82,2,11.834027,0,11,0,2,0
1,5.0,0.82,2,10.478265,0,18,0,1,0
3,0.0,0.88,0,11.806106,1,23,0,1,0
2,0.0,0.85,1,10.249272,0,0,0,1,0
3,0.0,0.76,4,13.143209,1,4,1,2,0
1,5.0,0.82,2,9.551364,0,14,0,3,0
1,5.0,0.73,5,12.267792,0,0,0,1,0
2,0.0,0.85,1,7.516123,0,9,0,3,0
2,0.0,0.85,1,11.153182,0,13,0,1,0
2,0.0,0.85,1,11.483008,0,12,1,2,0
2,0.0,0.85,1,8.186467,0,11,0,3,0
0,0.0,0.85,1,11.746289,0,8,0,1,0
3,0.0,0.85,1,12.725749,1,1,1,1,0
0,0.0,0.85,1,8.763981,0,8,0,1,0
0,0.0,0.85,1,7.028379,0,19,0,0,0
2,0.0,0.88,0,8.111604,0,10,1,3,0
2,0.0,0.88,0,9.139836,0,11,0,0,0
1,5.0,0.79,3,10.347436,0,12,1,0,0
0,0.0,0.85,1,11.706582,0,9,0,1,0
1,5.0,0.67,7,13.51819,0,17,0,2,0
1,5.0,0.82,2,12.46912,0,14,0,1,0
1,5.0,0.79,3,11.613197,0,8,0,1,0
3,0.0,0.88,0,12.957264,1,2,1,1,0
3,0.0,0.88,0,7.695617,1,5,0,1,0
0,0.0,0.85,1,11.437484,0,14,0,1,0
1,5.0,0.82,2,11.028307,0,18,0,1,0
2,0.0,0.85,1,11.55569,0,18,0,1,0
1,5.0,0.79,3,10.233162,0,11,0,3,0
3,0.0,0.85,1,10.974752,1,13,0,2,0
0,76.8,0.1718,4,13.511028,0,11,0,2,1
1,5.0,0.79,3,8.757825,0,17,0,3,0
0,65.6,0.079,0,10.235138,0,2,0,1,1
3,0.0,0.88,0,11.360658,1,18,0,1,0
2,0.0,0.85,1,11.054492,0,12,0,1,0
1,5.0,0.67,7,9.687483,0,13,0,0,0
3,0.0,0.85,1,13.329734,1,0,0,1,0
1,5.0,0.79,3,9.667561,0,20,1,2,0
1,5.0,0.76,4,13.411252,0,11,0,2,0
2,0.0,0.85,1,10.36932,0,10,0,1,0
3,0.0,0.85,1,11.404078,1,2,1,1,0
2,0.0,0.85,1,7.499052,0,10,1,2,0
1,5.0,0.76,4,8.995615,0,13,1,3,0
2,0.0,0.88,0,9.301986,0,2,0,0,0
1,5.0,0.7,6,12.116308,0,14,0,1,0
1,5.0,0.73,5,11.329368,0,12,0,1,0
1,5.0,0.82,2,10.922716,0,17,1,2,0
1,5.0,0.73,5,11.541715,0,10,0,0,0
1,5.0,0.79,3,9.681538,0,14,0,1,0
1,5.0,0.82,2,11.89991,0,11,0,1,0
1,5.0,0.73,5,10.341822,0,12,1,1,0
2,0.0,0.85,1,9.125501,0,10,1,0,0
1,5.0,0.76,4,12.448978,0,3,0,2,0
2,0.0,0.85,1,8.738838,0,18,0,3,0
1,5.0,0.73,5,11.482194,0,13,0,0,0
2,0.0,0.88,0,9.560101,0,9,0,2,0
2,0.0,0.85,1,8.657139,0,20,0,0,0
0,66.4,0.0701,10,9.577805,0,14,1,0,1
1,5.0,0.79,3,11.576909,0,13,1,1,0
3,0.0,0.88,0,12.658106,1,19,0,1,0
1,5.0,0.79,3,12.489117,0,1,1,1,0
0,0.0,0.85,1,10.468442,0,12,0,1,0
1,5.0,0.76,4,13.486126,0,22,0,2,0
1,5.0,0.7,6,10.907362,0,0,0,0,0
1,5.0,0.79,3,10.744953,0,20,0,1,0
2,0.0,0.88,0,10.482352,0,9,0,1,0
3,0.0,0.88,0,8.532011,1,10,0,1,0
2,0.0,0.85,1,12.009215,0,9,0,2,0
0,0.0,0.88,0,10.234893,0,19,0,1,0
1,5.0,0.67,7,11.597926,0,21,0,1,0
1,5.0,0.82,2,8.153635,0,20,0,2,0
1,5.0,0.73,5,13.715863,0,4,1,2,0
2,0.0,0.85,1,13.838696,0,19,0,1,0
1,5.0,0.76,4,9.912915,0,10,0,3,0
1,5.0,0.73,5,8.891864,0,23,1,3,0
2,0.0,0.85,1,7.926794,0,15,1,0,0
0,0.0,0.88,0,12.416519,0,15,0,2,0
1,5.0,0.79,3,8.728407,0,9,0,3,0
0,0.0,0.85,1,10.696697,0,15,0,3,0
2,0.0,0.85,1,9.037696,0,14,0,0,0
1,5.0,0.73,5,11.566713,0,12,1,0,0
0,0.0,0.85,1,8.415234,0,20,0,0,0
1,5.0,0.79,3,9.435972,0,13,0,1,0
2,0.0,0.88,0,8.539121,0,11,0,0,0
2,0.0,0.85,1,10.596044,0,10,0,1,0
0,0.0,0.85,1,11.537891,0,19,0,1,0
2,0.0,0.88,0,8.410668,0,16,1,3,0
1,5.0,0.73,5,12.878734,0,10,0,1,0
1,5.0,0.82,2,12.470336,0,11,0,1,0
1,5.0,0.79,3,10.279239,0,13,0,2,0
1,5.0,0.82,2,10.844123,0,4,0,1,0
1,5.0,0.73,5,11.85125,0,12,0,2,0
1,5.0,0.79,3,11.154427,0,11,0,0,0
1,5.0,0.82,2,12.06875,0,14,1,2,0
1,5.0,0.79,3,12.796168,0,10,0,1,0
1,5.0,0.65,11,11.309461,0,10,1,0,0
1,5.0,0.82,2,7.139763,0,18,0,3,0
2,0.0,0.85,1,11.844587,0,20,0,2,0
2,0.0,0.88,0,13.931418,0,14,0,0,0
2,0.0,0.85,1,11.993363,0,14,1,2,0
2,0.0,0.85,1,10.677548,0,12,0,1,0
1,5.0,0.82,2,10.16622,0,8,0,1,0
1,5.0,0.73,5,11.654125,0,15,0,2,0
2,0.0,0.88,0,8.582441,0,16,0,0,0
1,5.0,0.67,7,13.151202,0,13,0,2,0
1,5.0,0.79,3,9.523088,0,20,0,0,0
1,5.0,0.82,2,13.366904,0,9,0,2,0
2,0.0,0.88,0,8.110788,0,17,0,0,0
0,0.0,0.88,0,6.711205,0,5,0,1,0
2,0.0,0.85,1,8.354197,0,11,0,3,0
1,5.0,0.82,2,11.045986,0,2,0,0,0
2,0.0,0.88,0,9.998115,0,12,0,2,0
3,0.0,0.88,0,12.875511,1,4,1,1,0
3,0.0,0.88,0,13.418365,1,14,0,2,0
0,77.0,0.0916,0,11.120728,0,0,0,3,1
3,0.0,0.88,0,12.953872,1,23,1,1,0
3,0.0,0.88,0,11.911195,1,5,0,2,0
1,5.0,0.65,11,13.166134,0,15,0,1,0
2,0.0,0.88,0,11.194461,0,8,0,1,0
1,5.0,0.82,2,4.215529,0,21,1,0,0
1,5.0,0.73,5,11.647598,0,12,0,0,0
0,0.0,0.85,1,9.440319,0,18,0,0,0
1,5.0,0.82,2,11.842919,0,21,0,1,0
1,5.0,0.7,6,8.095562,0,14,1,3,0
3,0.0,0.85,1,11.864725,1,2,0,1,0
1,5.0,0.82,2,11.497901,0,20,0,1,0
1,5.0,0.65,12,9.848236,0,23,0,1,0
2,0.0,0.85,1,9.013168,0,14,0,0,0
1,5.0,0.82,2,13.042437,0,14,1,1,0
1,5.0,0.76,4,10.349925,0,14,1,1,0
1,5.0,0.7,6,13.109119,0,14,0,1,0
3,0.0,0.85,1,8.39498,1,19,0,1,0
1,5.0,0.79,3,11.418751,0,1,0,1,0
2,0.0,0.85,1,10.174637,0,17,0,1,0
2,0.0,0.85,1,10.743392,0,17,0,1,0
1,5.0,0.7,6,12.280256,0,13,0,1,0
2,0.0,0.85,1,9.862044,0,13,0,1,0
2,0.0,0.88,0,9.830607,0,12,1,0,0
2,0.0,0.85,1,7.101841,0,7,0,3,0
2,0.0,0.85,1,10.728978,0,13,1,1,0
0,0.0,0.85,1,8.784087,0,17,0,2,0
2,0.0,0.85,1,9.003874,0,22,0,0,0
1,5.0,0.65,10,9.726982,0,11,0,0,0
3,0.0,0.88,0,12.179255,1,23,0,1,0
0,0.0,0.85,1,11.745281,0,11,1,1,0
1,5.0,0.79,3,10.970797,0,16,0,1,0
1,5.0,0.79,3,10.07447,0,19,1,0,0
0,0.0,0.85,1,9.899927,0,18,0,0,0
1,5.0,0.7,6,8.716629,0,13,0,3,0
3,0.0,0.88,0,12.012893,1,23,0,1,0
0,56.5,0.1202,1,13.940391,0,11,0,1,1
3,0.0,0.85,1,12.541758,1,10,1,1,0
1,5.0,0.79,3,10.612355,0,17,0,0,0
0,0.0,0.85,1,11.245092,0,17,0,1,0
1,5.0,0.7,6,10.389844,0,15,0,1,0
1,5.0,0.79,3,12.70586,0,15,0,1,0
1,5.0,0.79,3,11.067469,0,12,0,0,0
2,0.0,0.88,0,11.407164,0,11,1,2,0
1,5.0,0.73,5,13.049296,0,13,1,1,0
1,5.0,0.82,2,10.381712,0,19,0,1,0
1,5.0,0.79,3,8.655981,0,8,1,2,0
3,0.0,0.76,4,11.531155,1,23,0,0,0
2,0.0,0.85,1,9.698617,0,15,1,1,0
3,0.0,0.88,0,8.51542,1,0,0,3,0
3,0.0,0.88,0,13.623643,1,20,0,2,0
2,0.0,0.85,1,8.38916,0,5,0,0,0
0,0.0,0.85,1,8.571575,0,19,1,1,0
2,0.0,0.85,1,8.485519,0,11,0,0,0
1,5.0,0.79,3,9.309893,0,14,0,1,0
1,5.0,0.79,3,9.995568,0,11,0,0,0
1,5.0,0.82,2,13.06605,0,12,0,2,0
1,5.0,0.73,5,9.520751,0,17,0,3,0
1,5.0,0.79,3,11.444084,0,10,1,1,0
2,0.0,0.88,0,8.205538,0,13,0,0,0
1,5.0,0.82,2,9.22118,0,14,1,3,0
1,5.0,0.82,2,10.813765,0,6,0,2,0
3,0.0,0.85,1,10.316452,1,23,0,1,0
1,5.0,0.79,3,5.910607,0,9,1,1,0
1,5.0,0.7,6,12.634467,0,13,1,1,0
1,5.0,0.82,2,9.956907,0,15,0,0,0
1,5.0,0.67,7,14.212509,0,18,1,2,0
2,0.0,0.85,1,7.756538,0,18,1,3,0
1,5.0,0.7,6,12.731291,0,10,0,1,0
1,5.0,0.67,7,13.555117,0,13,0,2,0
0,0.0,0.85,1,13.710842,0,0,0,2,0
2,0.0,0.88,0,9.187334,0,9,0,1,0
3,0.0,0.85,1,12.871023,1,2,0,1,0
1,5.0,0.79,3,13.552177,0,11,0,2,0
3,0.0,0.88,0,11.816585,1,23,1,1,0
2,0.0,0.85,1,9.493352,0,18,0,1,0
2,0.0,0.88,0,8.006624,0,15,0,0,0
2,0.0,0.85,1,11.812123,0,7,0,2,0
2,0.0,0.88,0,8.901932,0,15,0,0,0
1,5.0,0.7,6,8.913993,0,14,0,3,0
1,5.0,0.73,5,11.148444,0,0,1,0,0
1,5.0,0.82,2,11.18607,0,23,1,1,0
2,0.0,0.88,0,8.847269,0,14,0,0,0
3,0.0,0.88,0,12.163277,1,1,0,1,0
0,0.0,0.85,1,12.9296,0,2,0,2,0
1,5.0,0.79,3,11.153004,0,22,0,0,0
1,69.6,0.2485,2,2.617396,0,12,0,3,1
1,5.0,0.76,4,12.725036,0,16,1,1,0
3,0.0,0.88,0,11.872328,1,0,1,0,0
0,0.0,0.85,1,11.659315,0,11,1,0,0
1,5.0,0.79,3,10.863371,0,20,0,1,0
2,0.0,0.85,1,9.51174,0,19,1,0,0
2,0.0,0.85,1,9.89763,0,10,1,1,0
2,0.0,0.88,0,8.993812,0,10,1,0,0
1,5.0,0.73,5,9.800913,0,15,1,3,0
3,0.0,0.85,1,11.961772,1,1,1,0,0
0,0.0,0.85,1,13.391209,0,17,0,1,0
1,5.0,0.7,6,13.280203,0,13,0,2,0
1,5.0,0.82,2,13.46287,0,13,0,2,0
1,5.0,0.7,6,11.462051,0,0,0,1,0
2,0.0,0.88,0,12.216135,0,22,1,1,0
1,5.0,0.7,6,13.480765,0,13,0,2,0
1,5.0,0.7,6,12.848109,0,13,0,1,0
0,0.0,0.85,1,10.10809,0,13,0,0,0
1,5.0,0.79,3,8.526191,0,21,1,3,0
1,5.0,0.79,3,10.787128,0,14,0,2,0
1,5.0,0.79,3,11.527323,0,12,0,1,0
1,5.0,0.7,6,10.035317,0,3,1,0,0
2,0.0,0.85,1,7.650811,0,16,0,1,0
1,40.4,0.1911,4,17.083533,0,11,1,2,1
2,0.0,0.88,0,10.48221,0,8,0,1,0
2,0.0,0.88,0,7.700472,0,13,0,0,0
2,0.0,0.7,6,8.537466,0,7,0,0,0
2,0.0,0.88,0,9.517173,0,17,1,0,0
1,5.0,0.7,6,13.010432,0,14,0,1,0
1,5.0,0.79,3,11.356467,0,18,1,1,0
3,0.0,0.85,1,12.748899,1,16,0,1,0
2,0.0,0.88,0,7.931119,0,14,0,0,0
3,0.0,0.82,2,12.20117,1,2,0,0,0
0,0.0,0.85,1,10.86921,0,12,0,1,0
2,0.0,0.88,0,8.851537,0,14,0,0,0
1,5.0,0.76,4,11.549878,0,20,1,2,0
1,5.0,0.7,6,10.98433,0,12,0,0,0
2,0.0,0.88,0,8.17717,0,16,0,0,0
2,0.0,0.85,1,9.234986,0,10,0,0,0
1,5.0,0.82,2,8.614115,0,15,0,0,0
1,5.0,0.76,4,10.889403,0,15,1,0,0
3,0.0,0.85,1,11.798471,1,10,1,1,0
2,0.0,0.85,1,8.000621,0,12,0,0,0
2,0.0,0.85,1,8.336067,0,16,1,3,0
1,5.0,0.79,3,11.576969,0,21,0,1,0
2,0.0,0.85,1,9.141161,0,14,0,0,0
2,0.0,0.85,1,10.419769,0,8,0,2,0
1,5.0,0.65,12,11.258345,0,19,0,0,0
0,0.0,0.85,1,13.286889,0,17,1,2,0
3,0.0,0.88,0,12.131289,1,18,0,2,0
2,0.0,0.85,1,9.377256,0,11,0,0,0
0,0.0,0.85,1,11.848701,0,18,0,1,0
1,5.0,0.73,5,10.420769,0,18,0,0,0
1,5.0,0.82,2,11.094998,0,13,0,1,0
1,5.0,0.79,3,10.971799,0,13,1,0,0
1,45.9,0.0794,1,3.597038,0,17,0,1,1
2,0.0,0.85,1,9.707966,0,16,0,0,0
0,0.0,0.85,1,10.800908,0,13,0,2,0
2,0.0,0.85,1,8.855796,0,18,0,0,0
1,5.0,0.82,2,10.608049,0,11,0,2,0
3,0.0,0.88,0,10.942468,1,14,0,1,0
1,5.0,0.79,3,10.172325,0,20,0,1,0
3,0.0,0.85,1,8.959854,1,16,1,3,0
0,0.0,0.88,0,11.437897,0,15,0,1,0
3,0.0,0.88,0,12.309888,1,12,0,1,0
1,5.0,0.82,2,8.850741,0,21,0,0,0
1,5.0,0.79,3,12.996767,0,13,0,1,0
2,0.0,0.88,0,13.646638,0,16,0,0,0
3,0.0,0.85,1,10.872054,1,1,0,0,0
2,0.0,0.88,0,10.724997,0,16,0,1,0
1,5.0,0.79,3,11.999064,0,12,1,1,0
1,5.0,0.79,3,8.345902,0,18,1,0,0
2,0.0,0.85,1,8.050611,0,18,0,0,0
1,5.0,0.76,4,11.476903,0,16,0,0,0
1,5.0,0.7,6,8.684484,0,8,0,0,0
1,5.0,0.76,4,8.89606,0,17,0,3,0
1,5.0,0.82,2,13.642383,0,13,0,2,0
1,5.0,0.79,3,11.48017,0,10,0,0,0
1,5.0,0.76,4,10.869254,0,12,0,0,0
3,0.0,0.88,0,10.896074,1,1,0,0,0
1,5.0,0.79,3,12.061023,0,10,0,1,0
1,5.0,0.82,2,12.550013,0,12,0,1,0
2,0.0,0.85,1,8.178695,0,16,0,0,0
0,0.0,0.85,1,8.527983,0,20,0,0,0
0,0.0,0.85,1,11.273598,0,3,0,1,0
1,5.0,0.79,3,8.15813,0,19,1,0,0
1,5.0,0.79,3,9.252247,0,10,0,3,0
2,0.0,0.88,0,10.704797,0,11,0,2,0
1,5.0,0.76,4,11.668292,0,11,0,1,0
1,5.0,0.79,3,10.007508,0,23,0,1,0
2,0.0,0.82,2,12.038011,0,13,0,2,0
2,0.0,0.88,0,7.840529,0,15,0,3,0
1,5.0,0.79,3,12.252603,0,12,0,2,0
2,0.0,0.88,0,8.438418,0,12,0,0,0
2,0.0,0.85,1,11.335521,0,10,0,1,0
1,5.0,0.76,4,9.983695,0,9,0,3,0
2,0.0,0.88,0,12.123623,0,15,0,2,0
1,5.0,0.82,2,12.806589,0,17,1,1,0
1,5.0,0.82,2,7.621807,0,20,1,0,0
0,0.0,0.85,1,11.08535,0,23,0,0,0
1,5.0,0.82,2,11.429505,0,21,0,1,0
2,0.0,0.85,1,13.248138,0,9,0,0,0
2,0.0,0.85,1,5.098707,0,10,1,0,0
3,0.0,0.85,1,10.854813,1,0,0,2,0
1,5.0,0.82,2,8.485946,0,11,1,0,0
2,0.0,0.85,1,12.263614,0,15,0,2,0
3,0.0,0.88,0,12.540319,1,7,0,1,0
1,5.0,0.76,4,7.237217,0,6,0,1,0
1,5.0,0.76,4,10.740386,0,17,0,1,0
1,5.0,0.65,11,11.036749,0,22,0,0,0
1,5.0,0.73,5,11.244836,0,3,0,0,0
2,0.0,0.88,0,8.175153,0,7,0,0,0
1,5.0,0.73,5,13.129516,0,11,0,2,0
1,5.0,0.76,4,6.973627,0,11,0,1,0
2,0.0,0.88,0,7.715306,0,13,0,3,0
1,5.0,0.76,4,11.039505,0,20,0,1,0
1,5.0,0.79,3,12.469351,0,11,0,1,0
1,5.0,0.79,3,10.979914,0,11,0,1,0
1,5.0,0.73,5,13.222576,0,7,1,2,0
1,5.0,0.7,6,13.153362,0,14,0,2,0
0,0.0,0.85,1,11.669012,0,12,1,0,0
1,5.0,0.82,2,9.833665,0,19,1,0,0
1,5.0,0.79,3,11.445346,0,12,1,1,0
1,5.0,0.79,3,9.92793,0,21,0,2,0
2,0.0,0.88,0,8.87672,0,9,1,0,0
2,0.0,0.85,1,10.300914,0,13,0,1,0
0,0.0,0.88,0,10.02586,0,12,0,0,0
0,0.0,0.85,1,13.534116,0,11,0,2,0
1,5.0,0.79,3,7.956999,0,3,0,1,0
1,5.0,0.76,4,11.360005,0,18,0,0,0
1,5.0,0.65,9,11.12058,0,1,0,0,0
2,0.0,0.88,0,7.866711,0,11,0,3,0
0,0.0,0.85,1,8.136299,0,12,0,3,0
0,0.0,0.85,1,10.9975,0,19,0,1,0
1,5.0,0.82,2,10.91877,0,21,0,1,0
2,0.0,0.85,1,7.92481,0,11,0,3,0
1,5.0,0.79,3,11.867175,0,17,1,0,0
2,0.0,0.76,4,8.580046,0,18,0,0,0
1,5.0,0.7,6,7.024249,0,12,1,2,0
2,0.0,0.85,1,9.208474,0,18,0,0,0
1,55.1,0.0547,3,13.997834,0,12,1,1,1
3,0.0,0.85,1,12.802799,1,2,0,1,0
1,5.0,0.79,3,12.590124,0,12,0,2,0
0,0.0,0.85,1,9.400107,0,13,1,0,0
2,0.0,0.88,0,8.160453,0,11,0,3,0
0,0.0,0.85,1,11.468021,0,13,1,0,0
2,0.0,0.85,1,8.312344,0,15,0,0,0
0,47.5,0.1489,0,2.773838,0,10,0,1,1
1,5.0,0.76,4,13.147244,0,14,0,2,0
0,0.0,0.85,1,11.018724,0,17,0,1,0
2,0.0,0.85,1,9.929939,0,10,1,1,0
0,0.0,0.85,1,12.038512,0,16,0,1,0
2,0.0,0.88,0,8.192454,0,14,1,0,0
2,0.0,0.88,0,12.164102,0,19,0,2,0
0,0.0,0.85,1,11.565538,0,17,0,1,0
2,0.0,0.85,1,6.901838,0,17,0,0,0
3,0.0,0.85,1,12.727947,1,12,0,1,0
2,0.0,0.85,1,8.713787,0,14,0,0,0
1,5.0,0.82,2,7.079648,0,19,0,0,0
2,0.0,0.88,0,9.231917,0,18,0,0,0
1,5.0,0.7,6,13.601098,0,0,0,2,0
2,0.0,0.85,1,7.539266,0,2,0,0,0
1,5.0,0.76,4,11.467957,0,13,0,0,0
1,5.0,0.79,3,11.739385,0,19,1,1,0
3,0.0,0.88,0,11.83399,1,13,0,1,0
2,0.0,0.85,1,9.154088,0,7,0,1,0
2,0.0,0.88,0,7.769573,0,10,0,1,0
1,68.8,0.2438,11,12.739063,0,1,0,1,1
2,0.0,0.88,0,11.139056,0,13,0,1,0
2,0.0,0.85,1,9.007143,0,12,0,0,0
2,0.0,0.85,1,10.995144,0,12,0,1,0
1,5.0,0.82,2,11.926289,0,17,1,1,0
1,5.0,0.7,6,10.902393,0,11,0,2,0
1,5.0,0.82,2,12.166965,0,13,1,2,0
2,0.0,0.88,0,8.745819,0,19,0,1,0
1,49.2,0.2367,6,13.575023,0,13,1,0,1
1,5.0,0.79,3,12.406142,0,14,1,2,0
2,0.0,0.88,0,7.098359,0,19,0,3,0
1,5.0,0.82,2,9.641067,0,0,0,1,0
2,0.0,0.88,0,9.99559,0,15,0,1,0
2,0.0,0.88,0,10.487343,0,23,0,2,0
0,0.0,0.85,1,11.558397,0,16,0,1,0
1,5.0,0.82,2,8.657131,0,0,0,1,0
3,0.0,0.88,0,11.523977,1,21,0,0,0
2,0.0,0.88,0,10.667944,0,15,0,1,0
0,44.5,0.1405,1,7.895145,0,3,0,3,1
1,5.0,0.79,3,11.53913,0,18,1,1,0
1,5.0,0.79,3,10.937912,0,5,0,1,0
2,0.0,0.88,0,10.398627,0,12,0,1,0
0,0.0,0.85,1,9.603662,0,3,1,3,0
2,0.0,0.85,1,8.802056,0,10,0,0,0
1,5.0,0.82,2,10.128905,0,23,0,1,0
3,0.0,0.88,0,12.400619,1,0,1,1,0
2,0.0,0.88,0,7.845659,0,13,0,3,0
1,5.0,0.76,4,11.214391,0,9,0,0,0
1,5.0,0.79,3,8.04158,0,10,0,0,0
1,5.0,0.73,5,11.232455,0,6,0,0,0
1,5.0,0.7,6,11.415443,0,1,0,0,0
1,5.0,0.73,5,11.066452,0,14,0,0,0
2,0.0,0.85,1,8.89676,0,11,0,0,0
0,79.2,0.1741,1,15.999616,0,16,0,1,1
1,5.0,0.79,3,9.995178,0,16,0,1,0
1,5.0,0.76,4,13.673934,0,12,0,2,0
2,0.0,0.88,0,9.376385,0,10,0,0,0
3,0.0,0.85,1,11.95858,1,21,0,2,0
1,5.0,0.79,3,9.761454,0,13,1,3,0
1,5.0,0.82,2,9.696751,0,14,1,1,0
1,78.4,0.1919,4,13.327733,0,12,0,0,1
3,0.0,0.85,1,12.305738,1,4,1,2,0
2,0.0,0.79,3,12.706472,0,16,0,2,0
1,5.0,0.76,4,12.053536,0,14,0,1,0
3,0.0,0.85,1,11.733859,1,14,0,1,0
1,5.0,0.79,3,10.519025,0,18,0,1,0
2,0.0,0.88,0,8.85525,0,14,0,1,0
1,5.0,0.65,11,11.558675,0,12,0,1,0
1,5.0,0.79,3,11.363894,0,20,0,1,0
1,5.0,0.82,2,11.299292,0,20,0,1,0
1,5.0,0.7,6,10.506597,0,13,1,3,0
3,0.0,0.85,1,12.427397,1,1,0,1,0
1,5.0,0.82,2,11.527986,0,10,0,1,0
1,5.0,0.76,4,13.49639,0,17,1,2,0
2,0.0,0.85,1,7.808664,0,11,1,0,0
2,0.0,0.85,1,11.652159,0,15,0,0,0
0,0.0,0.88,0,11.38132,0,3,0,0,0
3,0.0,0.85,1,13.455554,1,0,0,2,0
2,0.0,0.85,1,9.495148,0,11,0,0,0
2,0.0,0.85,1,8.235856,0,19,0,0,0
1,5.0,0.79,3,8.28597,0,10,0,3,0
2,0.0,0.88,0,6.903255,0,22,0,1,0
2,0.0,0.88,0,10.826554,0,8,1,1,0
1,5.0,0.7,6,12.628223,0,10,0,1,0
1,5.0,0.7,6,11.385627,0,22,0,0,0
1,5.0,0.7,6,7.971065,0,11,0,3,0
1,5.0,0.79,3,9.714903,0,11,0,1,0
1,5.0,0.76,4,14.168559,0,15,0,2,0
1,5.0,0.7,6,13.873226,0,14,0,2,0
3,0.0,0.88,0,12.155499,1,4,0,0,0
2,0.0,0.85,1,8.967213,0,11,0,0,0
1,5.0,0.82,2,11.10484,0,10,1,2,0
1,5.0,0.65,8,12.514331,0,14,0,2,0
1,5.0,0.73,5,10.652338,0,3,0,0,0
1,5.0,0.82,2,7.697049,0,14,0,3,0
1,5.0,0.65,9,13.924798,0,1,0,2,0
1,5.0,0.79,3,11.49209,0,20,0,1,0
2,0.0,0.88,0,8.567624,0,16,1,0,0
0,0.0,0.85,1,10.959656,0,15,0,1,0
0,0.0,0.88,0,11.87066,0,7,1,1,0
2,0.0,0.88,0,7.235064,0,14,1,0,0
1,5.0,0.76,4,12.072757,0,15,0,1,0
3,0.0,0.85,1,13.05553,1,2,1,1,0
2,0.0,0.85,1,11.22828,0,14,0,1,0
3,0.0,0.85,1,12.765695,1,0,0,1,0
1,5.0,0.82,2,11.638154,0,14,0,1,0
2,0.0,0.88,0,6.917141,0,12,1,0,0
1,5.0,0.7,6,9.35215,0,15,0,0,0
1,5.0,0.82,2,9.488522,0,21,1,0,0
2,0.0,0.88,0,10.526805,0,12,0,1,0
2,0.0,0.88,0,9.316138,0,10,1,3,0
1,5.0,0.7,6,12.131387,0,11,0,1,0
1,5.0,0.79,3,11.026939,0,14,0,0,0
0,0.0,0.85,1,13.729394,0,0,0,2,0
1,5.0,0.73,5,9.509205,0,1,0,0,0
2,0.0,0.88,0,10.764619,0,15,1,0,0
1,5.0,0.82,2,10.730588,0,19,0,1,0
2,0.0,0.88,0,9.835717,0,13,0,1,0
0,0.0,0.85,1,9.543134,0,0,1,2,0
0,0.0,0.88,0,10.391682,0,18,0,2,0
2,0.0,0.88,0,10.910093,0,13,0,1,0
3,0.0,0.88,0,10.398774,1,1,0,0,0
1,5.0,0.82,2,11.98571,0,22,1,1,0
1,5.0,0.65,11,12.533737,0,11,0,2,0
0,46.3,0.1226,12,6.953388,0,17,0,0,1
1,5.0,0.79,3,10.300467,0,17,0,1,0
0,0.0,0.85,1,12.582318,0,9,1,1,0
3,0.0,0.88,0,9.895807,1,8,0,3,0
1,64.3,0.1283,1,13.868663,0,19,0,1,1
2,0.0,0.85,1,9.885671,0,14,0,1,0
0,0.0,0.85,1,8.958559,0,16,0,0,0
0,0.0,0.85,1,10.668565,0,19,0,1,0
0,0.0,0.85,1,10.093974,0,16,0,0,0
2,0.0,0.85,1,8.859341,0,17,0,1,0
1,5.0,0.79,3,11.297515,0,23,0,0,0
2,0.0,0.85,1,8.019679,0,3,0,0,0
0,0.0,0.85,1,7.501121,0,13,0,3,0
1,5.0,0.82,2,8.308305,0,1,0,0,0
1,5.0,0.82,2,12.035053,0,23,1,1,0
2,0.0,0.88,0,9.377399,0,12,0,0,0
0,49.4,0.0532,2,13.704573,0,1,0,1,1
0,0.0,0.88,0,12.381809,0,2,1,2,0
0,0.0,0.85,1,11.859397,0,15,1,1,0
1,5.0,0.65,10,12.677833,0,10,0,1,0
1,5.0,0.82,2,11.992394,0,13,0,1,0
1,5.0,0.79,3,11.32999,0,22,0,1,0
3,0.0,0.88,0,11.2688,1,14,0,2,0
0,0.0,0.85,1,13.58979,0,12,1,0,0
1,5.0,0.73,5,12.947572,0,12,1,2,0
2,0.0,0.88,0,10.582333,0,15,0,1,0
1,5.0,0.82,2,10.696327,0,14,0,2,0
2,0.0,0.85,1,8.761632,0,20,0,0,0
1,5.0,0.73,5,13.992633,0,17,0,2,0
3,0.0,0.88,0,13.15635,1,23,0,1,0
2,0.0,0.88,0,9.361321,0,10,0,1,0
1,5.0,0.73,5,9.376067,0,13,0,3,0
2,0.0,0.85,1,7.785962,0,15,0,1,0
0,0.0,0.88,0,7.875404,0,16,1,2,0
3,0.0,0.88,0,10.619335,1,10,0,2,0
0,0.0,0.88,0,9.21271,0,11,1,0,0
1,5.0,0.82,2,10.426937,0,10,0,0,0
0,0.0,0.85,1,8.961311,0,20,0,0,0
2,0.0,0.85,1,10.120853,0,8,0,1,0
2,0.0,0.88,0,8.956314,0,7,1,0,0
1,5.0,0.65,10,11.629006,0,14,0,1,0
2,0.0,0.88,0,8.668272,0,13,1,0,0
1,5.0,0.65,11,9.596849,0,10,0,0,0
2,0.0,0.88,0,7.995539,0,22,1,3,0
3,0.0,0.88,0,13.07846,1,1,0,1,0
1,5.0,0.7,6,9.971477,0,3,0,0,0
1,5.0,0.7,6,11.165543,0,10,0,0,0
0,0.0,0.85,1,11.37879,0,11,1,1,0
1,5.0,0.79,3,11.534218,0,10,0,1,0
0,79.9,0.115,0,8.834149,0,0,0,0,1
1,5.0,0.73,5,12.399765,0,15,0,1,0
3,0.0,0.85,1,12.55142,1,23,0,1,0
2,0.0,0.88,0,10.609855,0,19,0,1,0
3,0.0,0.88,0,13.08903,1,13,0,2,0
3,0.0,0.88,0,12.792503,1,14,1,1,0
2,0.0,0.88,0,7.271015,0,15,1,0,0
3,0.0,0.88,0,13.557899,1,23,0,2,0
1,5.0,0.82,2,10.541094,0,8,0,2,0
1,5.0,0.7,6,6.658563,0,18,0,0,0
1,5.0,0.82,2,11.085586,0,1,0,1,0
1,5.0,0.76,4,8.658081,0,0,0,3,0
0,0.0,0.88,0,10.272771,0,13,0,0,0
3,0.0,0.88,0,12.979239,1,3,1,1,0
2,0.0,0.85,1,8.188561,0,18,0,3,0
3,0.0,0.85,1,12.786474,1,8,1,2,0
1,41.4,0.0553,1,13.118503,0,19,0,2,1
0,0.0,0.85,1,11.055465,0,19,0,0,0
3,0.0,0.88,0,11.750549,1,14,0,0,0
2,0.0,0.85,1,8.35242,0,12,0,3,0
1,5.0,0.82,2,8.547816,0,16,0,0,0
3,0.0,0.88,0,11.641495,1,1,0,1,0
0,0.0,0.85,1,11.998721,0,20,0,1,0
1,5.0,0.76,4,12.061087,0,10,0,1,0
1,5.0,0.65,12,12.253012,0,21,0,1,0
2,0.0,0.85,1,9.042093,0,15,0,0,0
1,5.0,0.82,2,10.458511,0,14,0,2,0
1,5.0,0.76,4,13.019231,0,23,1,2,0
0,0.0,0.85,1,10.990647,0,20,0,1,0
1,5.0,0.79,3,9.599988,0,16,0,0,0
0,0.0,0.85,1,10.954158,0,16,0,1,0
2,0.0,0.88,0,9.499081,0,10,0,0,0
1,74.5,0.1179,3,14.264983,0,16,0,1,1
0,0.0,0.85,1,9.350808,0,10,0,0,0
2,0.0,0.85,1,9.005631,0,17,0,1,0
2,0.0,0.85,1,8.324863,0,12,1,3,0
0,0.0,0.85,1,9.083335,0,18,0,0,0
2,0.0,0.85,1,11.492617,0,14,1,2,0
1,5.0,0.79,3,9.403906,0,10,1,3,0
1,5.0,0.82,2,11.582215,0,16,1,1,0
2,0.0,0.85,1,9.74099,0,15,0,1,0
1,5.0,0.73,5,9.393632,0,16,1,0,0
1,5.0,0.79,3,9.101848,0,19,0,0,0
2,0.0,0.85,1,7.083119,0,12,0,0,0
2,0.0,0.85,1,8.72288,0,19,0,0,0
1,5.0,0.76,4,11.306622,0,16,1,1,0
0,0.0,0.85,1,11.25078,0,17,0,1,0
3,0.0,0.88,0,12.067695,1,2,0,1,0
1,5.0,0.82,2,12.690093,0,11,1,1,0
2,0.0,0.88,0,12.196916,0,16,0,2,0
1,5.0,0.65,9,13.722931,0,1,1,2,0
1,5.0,0.73,5,13.092635,0,19,0,2,0
2,0.0,0.85,1,11.255875,0,13,0,2,0
2,0.0,0.88,0,8.895986,0,21,0,0,0
2,0.0,0.85,1,8.935696,0,17,0,0,0
1,5.0,0.79,3,9.558407,0,12,0,0,0
1,5.0,0.65,9,10.43407,0,11,0,0,0
0,0.0,0.85,1,8.036936,0,10,0,2,0
1,5.0,0.65,10,11.037979,0,22,1,0,0
1,5.0,0.82,2,9.476625,0,11,0,1,0
0,0.0,0.85,1,11.451898,0,19,0,1,0
3,0.0,0.85,1,12.3139,1,11,1,1,0
2,0.0,0.88,0,11.90201,0,12,0,2,0
2,0.0,0.85,1,7.857384,0,6,1,0,0
2,0.0,0.85,1,9.416109,0,16,0,0,0
3,0.0,0.88,0,13.068949,1,5,1,2,0
2,0.0,0.79,3,9.24022,0,1,0,0,0
0,0.0,0.85,1,11.005449,0,0,0,0,0
1,5.0,0.79,3,7.79199,0,18,0,1,0
1,5.0,0.82,2,8.318293,0,13,1,2,0
1,5.0,0.79,3,13.126803,0,12,0,1,0
1,5.0,0.82,2,11.948066,0,13,0,1,0
1,5.0,0.79,3,9.927552,0,13,1,1,0
1,5.0,0.67,7,10.587864,0,14,0,0,0
2,0.0,0.88,0,9.017406,0,14,0,0,0
1,5.0,0.73,5,13.1404,0,12,1,2,0
1,5.0,0.82,2,9.990893,0,19,0,1,0
2,0.0,0.88,0,9.308717,0,16,0,1,0
1,5.0,0.73,5,10.858445,0,22,1,0,0
0,0.0,0.85,1,8.339381,0,16,0,1,0
2,0.0,0.88,0,11.581232,0,13,1,2,0
1,5.0,0.79,3,8.069139,0,19,0,3,0
3,0.0,0.85,1,13.311623,1,18,0,2,0
2,0.0,0.88,0,10.599225,0,9,0,1,0
1,5.0,0.79,3,11.203528,0,19,1,1,0
3,0.0,0.88,0,11.368666,1,2,0,0,0
2,0.0,0.88,0,8.112588,0,8,0,0,0
0,0.0,0.85,1,9.073692,0,18,0,2,0
1,5.0,0.76,4,10.695082,0,14,0,1,0
0,0.0,0.85,1,11.881259,0,21,1,1,0
1,5.0,0.82,2,10.55393,0,19,1,1,0
3,0.0,0.85,1,13.542359,1,23,0,2,0
2,0.0,0.85,1,8.114618,0,12,0,0,0
2,0.0,0.85,1,9.960139,0,12,0,1,0
1,5.0,0.82,2,10.33861,0,17,1,1,0
0,0.0,0.85,1,8.743163,0,19,0,0,0
2,0.0,0.88,0,8.702663,0,12,1,0,0
1,5.0,0.73,5,10.627124,0,1,0,0,0
1,5.0,0.79,3,11.855923,0,18,0,1,0
1,5.0,0.73,5,11.904482,0,21,1,1,0
1,5.0,0.79,3,11.604296,0,12,0,0,0
1,5.0,0.65,8,10.395867,0,16,1,1,0
1,5.0,0.82,2,8.996269,0,16,0,2,0
2,0.0,0.85,1,7.844147,0,8,0,0,0
1,5.0,0.7,6,12.11991,0,11,0,1,0
0,0.0,0.85,1,10.963088,0,10,0,1,0
1,5.0,0.76,4,10.516992,0,16,0,0,0
2,0.0,0.88,0,8.592523,0,17,1,0,0
2,0.0,0.85,1,10.427636,0,13,1,1,0
2,0.0,0.88,0,5.173717,0,11,0,0,0
2,0.0,0.88,0,13.546842,0,15,0,3,0
0,0.0,0.85,1,12.719479,0,15,0,1,0
1,5.0,0.82,2,6.216207,0,15,0,0,0
0,0.0,0.85,1,11.283469,0,6,0,0,0
1,5.0,0.7,6,12.374046,0,13,0,0,0
0,0.0,0.85,1,12.360989,0,12,0,2,0
0,0.0,0.85,1,10.64583,0,16,0,2,0
2,0.0,0.85,1,11.522959,0,17,1,2,0
1,5.0,0.65,8,13.075214,0,12,1,2,0
1,5.0,0.79,3,12.807731,0,14,1,1,0
1,5.0,0.79,3,12.014282,0,14,1,1,0
2,0.0,0.88,0,9.368718,0,12,0,0,0
1,5.0,0.79,3,11.986621,0,1,0,1,0
0,42.6,0.1376,1,11.318416,0,9,0,0,1
1,5.0,0.79,3,10.586927,0,14,0,0,0
0,0.0,0.85,1,13.573612,0,17,0,2,0
2,0.0,0.88,0,11.569874,0,15,0,2,0
1,5.0,0.65,9,10.800854,0,4,1,0,0
2,0.0,0.85,1,9.242042,0,13,1,0,0
2,0.0,0.88,0,11.585178,0,9,1,2,0
1,5.0,0.82,2,11.074503,0,11,0,0,0
2,0.0,0.88,0,10.685634,0,14,0,1,0
1,5.0,0.76,4,13.470129,0,12,0,2,0
2,0.0,0.85,1,5.002603,0,15,0,0,0
2,0.0,0.88,0,8.289266,0,15,0,0,0
2,0.0,0.85,1,8.392056,0,15,0,0,0
0,0.0,0.85,1,11.283904,0,9,1,0,0
1,5.0,0.79,3,13.317043,0,5,1,2,0
3,0.0,0.88,0,12.606487,1,22,1,1,0
0,0.0,0.88,0,6.254598,0,9,0,3,0
1,5.0,0.7,6,11.31749,0,15,0,0,0
1,5.0,0.79,3,13.370158,0,0,0,2,0
1,5.0,0.79,3,13.057701,0,15,0,2,0
1,5.0,0.65,8,11.035013,0,14,1,0,0
1,5.0,0.79,3,9.629441,0,10,1,0,0
3,0.0,0.85,1,13.115926,1,0,1,1,0
0,0.0,0.85,1,11.018138,0,13,0,0,0
2,0.0,0.85,1,10.75464,0,18,0,1,0
3,0.0,0.85,1,12.727497,1,10,0,1,0
3,0.0,0.85,1,12.667131,1,18,0,2,0
1,5.0,0.82,2,11.142931,0,17,1,1,0
1,5.0,0.7,6,13.780707,0,13,0,2,0
1,5.0,0.79,3,8.52686,0,13,0,0,0
1,5.0,0.82,2,11.554346,0,13,0,0,0
1,5.0,0.79,3,5.034547,0,9,0,0,0
2,0.0,0.85,1,9.194285,0,12,0,0,0
2,0.0,0.88,0,12.518038,0,3,0,1,0
2,0.0,0.85,1,7.926715,0,12,0,0,0
1,5.0,0.79,3,12.029149,0,19,0,1,0
0,0.0,0.85,1,11.651325,0,15,0,1,0
1,5.0,0.82,2,10.417767,0,11,0,0,0
1,5.0,0.82,2,11.674924,0,12,0,1,0
2,0.0,0.88,0,11.056571,0,12,0,1,0
2,0.0,0.85,1,12.609977,0,13,0,2,0
1,5.0,0.79,3,10.609173,0,23,0,2,0
2,0.0,0.88,0,12.236231,0,0,0,2,0
1,5.0,0.73,5,13.874807,0,16,1,2,0
1,71.8,0.1373,13,10.89656,0,17,0,0,1
2,0.0,0.85,1,7.222004,0,13,0,0,0
1,5.0,0.79,3,10.067565,0,12,0,0,0
1,5.0,0.82,2,9.499152,0,11,0,0,0
3,0.0,0.88,0,7.950756,1,14,1,1,0
2,0.0,0.88,0,10.350589,0,13,0,1,0
1,5.0,0.7,6,12.778313,0,16,0,1,0
0,0.0,0.85,1,11.1365,0,9,0,2,0
0,0.0,0.85,1,11.345754,0,22,1,1,0
1,5.0,0.76,4,12.231975,0,12,0,1,0
3,0.0,0.85,1,12.697844,1,0,0,1,0
1,5.0,0.79,3,11.749597,0,20,0,1,0
1,5.0,0.65,11,11.122742,0,13,0,0,0
0,0.0,0.85,1,10.144733,0,20,0,1,0
1,5.0,0.82,2,7.346068,0,10,0,3,0
0,0.0,0.85,1,11.316475,0,12,0,0,0
1,5.0,0.82,2,12.752703,0,12,1,1,0
1,5.0,0.76,4,11.431777,0,3,1,2,0
1,5.0,0.79,3,11.359856,0,13,0,1,0
1,5.0,0.7,6,12.941296,0,11,1,2,0
2,0.0,0.85,1,10.181991,0,14,0,1,0
2,0.0,0.85,1,5.501585,0,14,1,3,0
1,5.0,0.82,2,13.597007,0,11,0,2,0
3,0.0,0.85,1,12.409885,1,3,1,1,0
0,0.0,0.85,1,13.157911,0,12,0,2,0
0,0.0,0.85,1,9.352515,0,0,0,0,0
1,5.0,0.73,5,12.468575,0,0,1,2,0
2,0.0,0.85,1,9.509843,0,21,0,0,0
1,5.0,0.79,3,10.897604,0,18,0,1,0
1,5.0,0.73,5,12.909704,0,11,1,2,0
1,5.0,0.7,6,11.520875,0,2,1,1,0
1,5.0,0.73,5,11.15534,0,12,0,0,0
2,0.0,0.85,1,13.236859,0,17,1,1,0
1,5.0,0.7,6,6.374036,0,10,0,2,0
0,0.0,0.85,1,10.54113,0,12,1,1,0
1,5.0,0.76,4,12.33811,0,0,0,1,0
2,0.0,0.85,1,11.260669,0,13,0,2,0
1,5.0,0.79,3,10.376732,0,19,0,1,0
1,5.0,0.76,4,11.50323,0,12,0,0,0
3,0.0,0.88,0,11.808393,1,3,0,1,0
2,0.0,0.88,0,10.502011,0,11,0,1,0
1,5.0,0.79,3,9.702118,0,15,0,0,0
2,0.0,0.88,0,10.817224,0,17,0,2,0
1,5.0,0.79,3,12.156242,0,22,0,1,0
1,5.0,0.82,2,10.400538,0,19,0,1,0
0,0.0,0.85,1,13.441112,0,15,0,1,0
1,5.0,0.7,6,12.790004,0,11,0,1,0
2,0.0,0.85,1,8.608877,0,11,0,0,0
1,5.0,0.73,5,10.471511,0,17,1,0,0
0,0.0,0.85,1,8.057577,0,14,1,0,0
1,5.0,0.82,2,13.491443,0,1,0,2,0
2,0.0,0.88,0,10.947884,0,11,0,1,0
3,0.0,0.88,0,13.024284,1,16,0,2,0
2,0.0,0.88,0,10.523884,0,16,0,1,0
1,5.0,0.76,4,13.36445,0,0,0,2,0
2,0.0,0.88,0,9.424391,0,10,1,0,0
3,0.0,0.85,1,11.374943,1,13,0,0,0
1,5.0,0.76,4,11.213266,0,22,0,0,0
2,0.0,0.88,0,8.162334,0,12,0,0,0
0,0.0,0.85,1,10.55524,0,20,0,1,0
1,5.0,0.67,7,12.599863,0,10,0,2,0
2,0.0,0.85,1,9.79703,0,16,0,1,0
1,77.3,0.0978,1,11.434193,0,15,0,0,1
2,0.0,0.85,1,9.929078,0,10,0,1,0
1,5.0,0.76,4,13.714538,0,14,0,2,0
1,5.0,0.7,6,13.185916,0,20,0,2,0
2,0.0,0.85,1,11.366462,0,12,0,1,0
1,5.0,0.79,3,10.77681,0,15,0,1,0
1,5.0,0.73,5,10.985566,0,23,0,0,0
1,5.0,0.73,5,12.516547,0,13,0,1,0
2,0.0,0.85,1,8.608232,0,13,0,0,0
1,5.0,0.7,6,11.221414,0,13,0,0,0
1,5.0,0.67,7,12.22998,0,18,0,1,0
3,0.0,0.85,1,11.684227,1,0,0,1,0
0,70.4,0.1406,10,9.100952,0,18,0,1,1
1,5.0,0.76,4,8.967892,0,4,0,0,0
1,5.0,0.82,2,8.590079,0,20,1,0,0
2,0.0,0.85,1,10.649119,0,15,0,1,0
1,5.0,0.7,6,10.726679,0,13,0,0,0
1,5.0,0.67,7,8.316158,0,1,0,3,0
0,0.0,0.85,1,13.052482,0,11,0,2,0
1,5.0,0.82,2,9.959916,0,9,0,3,0
1,5.0,0.76,4,12.89699,0,12,1,2,0
1,5.0,0.7,6,11.638514,0,17,1,0,0
1,5.0,0.73,5,9.72156,0,17,1,3,0
2,0.0,0.85,1,8.442396,0,17,0,0,0
0,0.0,0.85,1,12.152245,0,1,0,1,0
1,5.0,0.7,6,9.760281,0,13,1,3,0
1,5.0,0.79,3,10.637274,0,16,1,1,0
2,0.0,0.85,1,11.712117,0,12,0,2,0
2,0.0,0.88,0,6.972372,0,11,0,0,0
1,5.0,0.79,3,10.902162,0,10,0,1,0
1,5.0,0.82,2,11.587953,0,17,0,1,0
1,5.0,0.82,2,13.260664,0,22,0,2,0
3,0.0,0.88,0,13.798055,1,20,0,2,0
1,5.0,0.73,5,11.727927,0,23,0,0,0
2,0.0,0.85,1,8.267464,0,15,1,3,0
0,0.0,0.85,1,11.068433,0,17,0,1,0
1,5.0,0.79,3,11.708821,0,20,1,1,0
0,0.0,0.85,1,12.012302,0,21,0,1,0
1,5.0,0.73,5,13.021073,0,23,0,1,0
0,0.0,0.85,1,10.128025,0,18,1,1,0
1,5.0,0.73,5,12.192814,0,12,0,1,0
2,0.0,0.85,1,11.904943,0,12,1,2,0
2,0.0,0.88,0,12.340929,0,13,0,2,0
2,0.0,0.88,0,11.655257,0,12,0,2,0
1,5.0,0.76,4,11.414948,0,15,0,0,0
1,5.0,0.7,6,12.713408,0,12,0,2,0
2,0.0,0.85,1,9.149046,0,9,0,0,0
1,5.0,0.82,2,9.596385,0,12,0,0,0
2,0.0,0.88,0,8.443753,0,8,0,0,0
1,5.0,0.76,4,12.748046,0,0,0,1,0
3,0.0,0.88,0,12.622293,1,21,0,1,0
1,5.0,0.82,2,13.43727,0,23,0,2,0
1,5.0,0.79,3,11.401641,0,12,0,0,0
2,0.0,0.85,1,11.391042,0,14,0,1,0
2,0.0,0.88,0,11.706709,0,14,1,2,0
2,0.0,0.85,1,8.02601,0,9,0,1,0
1,5.0,0.73,5,10.082237,0,15,0,0,0
3,0.0,0.85,1,12.397277,1,1,0,0,0
1,5.0,0.79,3,13.192096,0,13,0,2,0
1,5.0,0.82,2,9.35045,0,22,1,3,0
2,0.0,0.88,0,10.795549,0,13,0,1,0
2,0.0,0.88,0,9.567809,0,22,1,0,0
0,0.0,0.85,1,11.855058,0,18,0,1,0
3,0.0,0.85,1,10.242808,1,7,0,1,0
2,0.0,0.85,1,11.595815,0,15,0,2,0
2,0.0,0.88,0,11.348394,0,18,1,2,0
2,0.0,0.85,1,8.713888,0,10,1,0,0
1,5.0,0.65,11,11.246405,0,18,0,0,0
1,5.0,0.82,2,11.058052,0,13,1,1,0
1,5.0,0.7,6,13.646489,0,13,1,2,0
2,0.0,0.85,1,10.498901,0,12,0,1,0
1,5.0,0.82,2,9.507738,0,18,1,1,0
2,0.0,0.88,0,4.578929,0,11,0,0,0
0,0.0,0.85,1,9.706242,0,13,0,3,0
3,0.0,0.85,1,11.894767,1,0,0,2,0
3,0.0,0.85,1,12.099608,1,0,0,1,0
3,0.0,0.85,1,8.568263,1,1,0,3,0
2,0.0,0.85,1,9.300576,0,8,1,0,0
1,5.0,0.73,5,11.555127,0,19,0,0,0
1,5.0,0.65,10,10.483743,0,11,0,0,0
1,5.0,0.73,5,11.327517,0,22,0,0,0
1,5.0,0.82,2,11.423251,0,16,0,1,0
2,0.0,0.85,1,7.645211,0,12,0,3,0
2,0.0,0.85,1,9.2732,0,13,0,1,0
1,5.0,0.7,6,11.947965,0,13,0,0,0
2,0.0,0.88,0,10.7173,0,18,1,2,0
2,0.0,0.88,0,8.164573,0,8,0,0,0
0,0.0,0.85,1,8.456515,0,10,1,1,0
1,5.0,0.79,3,13.495557,0,14,0,2,0
1,5.0,0.79,3,8.836798,0,20,0,2,0
3,0.0,0.85,1,11.605052,1,0,0,1,0
2,0.0,0.85,1,8.582222,0,1,0,3,0
1,5.0,0.82,2,10.284257,0,16,0,0,0
1,5.0,0.76,4,11.289604,0,13,1,0,0
2,0.0,0.88,0,12.016641,0,11,0,2,0
0,0.0,0.85,1,11.953893,0,11,0,1,0
1,5.0,0.76,4,11.254701,0,18,1,0,0
2,0.0,0.85,1,9.307415,0,4,0,1,0
2,0.0,0.88,0,9.108917,0,10,0,0,0
0,0.0,0.85,1,9.977223,0,21,0,1,0
3,0.0,0.85,1,12.966569,1,3,0,1,0
1,5.0,0.79,3,10.808118,0,13,0,2,0
3,0.0,0.85,1,12.155141,1,3,0,1,0
1,5.0,0.82,2,11.24278,0,22,1,1,0
2,0.0,0.88,0,10.461513,0,15,1,2,0
3,0.0,0.88,0,12.706055,1,13,0,2,0
2,0.0,0.79,3,10.320907,0,18,1,1,0
2,0.0,0.88,0,7.747791,0,10,0,0,0
2,0.0,0.85,1,7.524442,0,15,0,0,0
1,5.0,0.82,2,10.017001,0,21,1,0,0
2,0.0,0.85,1,9.004345,0,18,0,0,0
1,5.0,0.7,6,13.528474,0,22,0,2,0
1,5.0,0.7,6,12.779773,0,9,0,1,0
1,5.0,0.79,3,10.667306,0,11,0,0,0
0,0.0,0.85,1,9.664442,0,20,1,0,0
1,5.0,0.82,2,12.303885,0,11,0,1,0
1,5.0,0.76,4,13.054812,0,8,0,1,0
2,0.0,0.88,0,10.348036,0,15,1,1,0
2,0.0,0.88,0,11.809826,0,10,0,2,0
3,0.0,0.88,0,9.720275,1,1,1,3,0
2,0.0,0.82,2,9.443164,0,5,0,0,0
1,5.0,0.82,2,10.534332,0,19,0,0,0
1,5.0,0.79,3,11.739147,0,18,0,1,0
1,5.0,0.73,5,11.118032,0,10,0,0,0
1,5.0,0.79,3,9.12872,0,14,1,1,0
1,5.0,0.76,4,13.692196,0,12,0,2,0
1,5.0,0.67,7,11.491747,0,11,0,0,0
3,0.0,0.88,0,12.254686,1,23,0,2,0
0,0.0,0.85,1,11.570886,0,11,1,1,0
1,5.0,0.7,6,12.562127,0,11,1,1,0
1,5.0,0.82,2,10.834998,0,0,1,0,0
3,0.0,0.88,0,11.998107,1,22,1,1,0
0,54.5,0.0669,3,13.449793,0,0,0,2,1
1,5.0,0.76,4,13.399847,0,11,0,2,0
2,0.0,0.88,0,6.276888,0,18,1,0,0
1,5.0,0.65,8,7.620553,0,15,0,1,0
0,0.0,0.85,1,13.982007,0,13,0,2,0
0,0.0,0.85,1,9.791375,0,17,0,2,0
2,0.0,0.88,0,12.922478,0,14,0,2,0
3,0.0,0.88,0,11.680534,1,3,0,0,0
2,0.0,0.88,0,11.025291,0,8,0,1,0
3,0.0,0.88,0,13.435707,1,15,0,2,0
1,50.7,0.0926,2,13.339608,0,13,0,0,1
2,0.0,0.88,0,10.013865,0,16,0,1,0
1,5.0,0.76,4,11.03746,0,13,1,0,0
0,0.0,0.85,1,11.006458,0,17,0,0,0
2,0.0,0.88,0,10.770782,0,14,1,1,0
1,5.0,0.82,2,11.056586,0,10,0,1,0
1,5.0,0.73,5,11.869409,0,15,1,0,0
0,0.0,0.85,1,9.327602,0,19,0,0,0
1,5.0,0.79,3,9.164573,0,20,0,1,0
3,0.0,0.88,0,11.842986,1,19,0,2,0
1,5.0,0.65,8,12.366693,0,11,0,1,0
1,5.0,0.79,3,13.321551,0,16,0,2,0
2,0.0,0.88,0,6.441712,0,22,0,1,0
0,0.0,0.85,1,11.348171,0,13,0,0,0
2,0.0,0.85,1,5.913962,0,12,0,0,0
0,0.0,0.85,1,12.576832,0,14,0,1,0
3,0.0,0.85,1,12.360187,1,3,0,2,0
0,73.7,0.1773,1,11.475977,0,3,0,0,1
1,5.0,0.7,6,10.022061,0,10,0,1,0
3,0.0,0.85,1,12.088732,1,15,0,0,0
1,5.0,0.79,3,12.95165,0,18,0,1,0
2,0.0,0.88,0,11.039861,0,14,1,1,0
1,5.0,0.73,5,12.816801,0,10,1,2,0
2,0.0,0.88,0,8.09294,0,16,0,3,0
3,0.0,0.85,1,12.999648,1,17,1,1,0
1,5.0,0.79,3,13.449261,0,13,0,2,0
1,5.0,0.65,11,11.524864,0,21,0,1,0
2,0.0,0.85,1,7.733009,0,10,0,1,0
1,5.0,0.79,3,9.831187,0,20,1,0,0
0,0.0,0.85,1,11.001074,0,11,0,0,0
1,5.0,0.73,5,10.589819,0,12,1,0,0
3,0.0,0.85,1,11.538802,1,23,1,2,0
1,5.0,0.79,3,11.557171,0,12,0,0,0
1,5.0,0.79,3,13.130421,0,13,0,2,0
2,0.0,0.85,1,8.534292,0,8,0,0,0
0,0.0,0.85,1,11.616941,0,1,0,1,0
0,0.0,0.88,0,13.11009,0,10,0,1,0
1,5.0,0.82,2,10.435721,0,16,0,1,0
3,0.0,0.85,1,5.527602,1,18,0,1,0
1,5.0,0.82,2,9.903464,0,22,0,0,0
1,5.0,0.79,3,9.333743,0,19,1,0,0
2,0.0,0.88,0,8.180055,0,9,1,0,0
1,5.0,0.65,8,12.467043,0,15,0,1,0
1,5.0,0.79,3,12.355937,0,17,1,2,0
3,0.0,0.88,0,12.530578,1,11,0,2,0
3,0.0,0.88,0,8.836686,1,0,1,0,0
0,0.0,0.85,1,7.925125,0,19,1,1,0
3,0.0,0.85,1,12.926848,1,7,1,2,0
2,0.0,0.85,1,13.154322,0,12,0,0,0
0,0.0,0.85,1,11.505235,0,10,1,1,0
2,0.0,0.85,1,8.830556,0,12,0,0,0
2,0.0,0.85,1,10.445544,0,14,0,1,0
1,5.0,0.79,3,11.109878,0,13,1,1,0
2,0.0,0.85,1,8.316339,0,15,1,3,0
2,0.0,0.88,0,9.225442,0,13,1,0,0
3,0.0,0.85,1,12.639531,1,14,0,1,0
1,5.0,0.82,2,9.356287,0,18,0,2,0
1,5.0,0.79,3,12.633751,0,10,0,2,0
3,0.0,0.88,0,10.430147,1,13,1,0,0
1,5.0,0.79,3,12.777777,0,1,0,2,0
1,5.0,0.82,2,12.821675,0,13,0,2,0
2,0.0,0.85,1,4.873058,0,19,0,0,0
0,0.0,0.85,1,9.934245,0,22,0,1,0
1,5.0,0.76,4,11.269728,0,20,0,0,0
1,5.0,0.76,4,11.259636,0,12,0,0,0
1,5.0,0.65,12,13.487182,0,2,0,2,0
2,0.0,0.88,0,12.218332,0,11,0,2,0
2,0.0,0.88,0,8.875894,0,11,0,0,0
3,0.0,0.88,0,11.98277,1,0,1,1,0
1,5.0,0.82,2,11.431235,0,21,0,1,0
1,5.0,0.79,3,11.063016,0,20,1,1,0
2,0.0,0.88,0,12.815292,0,18,1,0,0
1,5.0,0.73,5,13.508975,0,13,0,2,0
2,0.0,0.88,0,8.680515,0,11,0,0,0
0,52.1,0.1594,0,13.48649,0,23,0,1,1
0,0.0,0.85,1,9.327226,0,16,0,3,0
0,0.0,0.85,1,8.947257,0,22,0,1,0
2,0.0,0.88,0,7.695003,0,5,0,3,0
0,0.0,0.85,1,9.417943,0,15,0,0,0
2,0.0,0.88,0,9.003962,0,13,0,0,0
1,5.0,0.76,4,13.089931,0,10,0,2,0
1,5.0,0.7,6,11.156824,0,12,1,0,0
3,0.0,0.85,1,11.606897,1,18,0,0,0
2,0.0,0.85,1,9.098956,0,8,0,0,0
1,5.0,0.73,5,8.435076,0,3,1,3,0
0,72.0,0.0815,16,8.933009,0,13,0,2,1
1,5.0,0.79,3,11.70044,0,10,0,1,0
1,5.0,0.7,6,7.246667,0,12,0,0,0
1,5.0,0.79,3,10.52995,0,18,0,1,0
3,0.0,0.85,1,9.155609,1,18,0,0,0
2,0.0,0.88,0,9.304203,0,14,0,0,0
2,0.0,0.85,1,11.086297,0,12,0,1,0
2,0.0,0.85,1,9.258489,0,15,1,0,0
1,5.0,0.82,2,9.586802,0,23,0,3,0
1,5.0,0.79,3,10.458322,0,9,0,0,0
1,5.0,0.7,6,11.530654,0,13,1,1,0
2,0.0,0.88,0,13.280222,0,10,0,1,0
1,47.1,0.0543,1,3.387774,0,23,0,1,1
1,5.0,0.82,2,11.544104,0,0,0,0,0
2,0.0,0.79,3,7.853698,0,12,0,0,0
1,5.0,0.82,2,11.010084,0,19,0,1,0
1,5.0,0.76,4,12.957423,0,14,0,1,0
2,0.0,0.85,1,11.835894,0,16,1,2,0
0,0.0,0.85,1,12.634346,0,13,1,1,0
2,0.0,0.88,0,9.073744,0,10,1,0,0
1,5.0,0.76,4,9.006952,0,10,0,2,0
2,0.0,0.88,0,11.270589,0,12,0,2,0
3,0.0,0.85,1,10.047137,1,0,0,0,0
1,5.0,0.7,6,13.051359,0,12,1,2,0
1,5.0,0.65,12,11.811658,0,11,0,1,0
1,5.0,0.82,2,10.846756,0,15,0,1,0
1,5.0,0.7,6,11.593819,0,16,0,2,0
2,0.0,0.85,1,9.625042,0,12,1,0,0
1,5.0,0.82,2,9.358642,0,23,0,2,0
2,0.0,0.85,1,8.283931,0,15,0,3,0
1,5.0,0.82,2,9.236203,0,18,0,3,0
2,0.0,0.85,1,6.141586,0,16,0,3,0
1,5.0,0.73,5,5.341904,0,13,0,0,0
1,5.0,0.82,2,10.008831,0,10,0,0,0
1,5.0,0.82,2,12.055561,0,19,1,1,0
3,0.0,0.85,1,9.84673,1,12,0,1,0
1,5.0,0.65,12,11.392742,0,16,0,0,0
1,5.0,0.76,4,12.901592,0,23,0,1,0
1,5.0,0.79,3,12.313536,0,16,1,1,0
3,0.0,0.85,1,12.799523,1,1,1,2,0
1,5.0,0.79,3,10.96335,0,10,0,1,0
1,5.0,0.79,3,9.579922,0,20,0,0,0
0,0.0,0.85,1,7.847126,0,12,0,0,0
0,0.0,0.88,0,10.834484,0,13,0,1,0
1,5.0,0.79,3,11.150256,0,2,0,1,0
2,0.0,0.85,1,8.851948,0,12,1,0,0
1,5.0,0.76,4,10.645543,0,14,0,0,0
1,5.0,0.7,6,6.795057,0,15,0,0,0
1,5.0,0.82,2,11.273968,0,10,0,2,0
3,0.0,0.88,0,11.297549,1,22,1,0,0
2,0.0,0.85,1,9.143541,0,18,0,1,0
1,5.0,0.79,3,10.116278,0,3,0,3,0
0,53.4,0.0933,19,10.684554,0,16,1,1,1
1,5.0,0.79,3,9.641696,0,15,0,0,0
2,0.0,0.88,0,8.385945,0,10,0,0,0
1,5.0,0.79,3,10.417082,0,13,0,0,0
2,0.0,0.88,0,10.348447,0,16,1,1,0
3,0.0,0.88,0,10.108785,1,1,0,0,0
0,0.0,0.85,1,11.064659,0,0,0,2,0
0,0.0,0.85,1,8.114624,0,12,0,0,0
0,0.0,0.85,1,10.772785,0,21,0,1,0
1,5.0,0.76,4,9.491084,0,20,1,0,0
2,0.0,0.88,0,14.010593,0,16,1,1,0
1,5.0,0.7,6,12.814318,0,19,0,2,0
1,5.0,0.7,6,11.882845,0,12,1,0,0
2,0.0,0.88,0,8.146443,0,10,0,3,0
0,0.0,0.85,1,11.185114,0,10,0,1,0
2,0.0,0.88,0,8.582428,0,9,0,1,0
0,0.0,0.85,1,10.759235,0,13,0,1,0
2,0.0,0.85,1,12.15163,0,13,0,2,0
1,5.0,0.82,2,10.014432,0,15,0,1,0
0,0.0,0.85,1,10.998984,0,16,0,1,0
1,59.7,0.1713,2,14.099458,0,11,0,2,1
0,0.0,0.85,1,9.257848,0,9,0,0,0
0,0.0,0.85,1,11.274173,0,15,0,1,0
1,5.0,0.7,6,13.898148,0,12,0,2,0
2,0.0,0.85,1,12.104626,0,11,0,2,0
1,5.0,0.73,5,8.584635,0,11,0,3,0
1,5.0,0.7,6,12.995494,0,14,0,1,0
2,0.0,0.88,0,9.389457,0,17,1,0,0
3,0.0,0.85,1,12.255086,1,22,1,1,0
1,5.0,0.79,3,9.667734,0,18,0,0,0
0,0.0,0.85,1,9.372635,0,23,1,0,0
0,0.0,0.85,1,9.773128,0,20,0,0,0
3,0.0,0.88,0,11.138156,1,14,1,0,0
1,5.0,0.73,5,11.603084,0,10,1,1,0
2,0.0,0.88,0,8.256143,0,10,1,0,0
3,0.0,0.85,1,12.903753,1,8,0,1,0
1,5.0,0.65,12,12.93759,0,11,0,1,0
1,5.0,0.79,3,13.360645,0,12,0,2,0
3,0.0,0.85,1,13.012807,1,14,1,1,0
1,5.0,0.76,4,11.056621,0,15,0,2,0
1,5.0,0.82,2,11.682284,0,21,0,1,0
2,0.0,0.88,0,6.296667,0,11,1,3,0
1,5.0,0.73,5,13.140484,0,11,1,2,0
1,5.0,0.79,3,6.879397,0,15,0,1,0
1,5.0,0.79,3,7.900892,0,12,1,0,0
1,5.0,0.82,2,12.911423,0,13,0,1,0
1,5.0,0.73,5,12.85316,0,10,0,1,0
2,0.0,0.88,0,7.516994,0,14,0,3,0
1,5.0,0.73,5,7.901259,0,13,0,0,0
1,5.0,0.79,3,11.533869,0,17,0,1,0
1,5.0,0.82,2,11.095878,0,2,0,1,0
2,0.0,0.85,1,7.463478,0,13,0,1,0
1,5.0,0.82,2,11.755132,0,17,1,1,0
2,0.0,0.85,1,7.239366,0,5,0,0,0
0,0.0,0.85,1,8.738803,0,19,0,2,0
1,5.0,0.73,5,12.74613,0,16,0,0,0
2,0.0,0.85,1,6.925674,0,11,0,3,0
0,0.0,0.85,1,10.583708,0,0,0,0,0
1,5.0,0.7,6,13.309295,0,11,0,2,0
1,5.0,0.82,2,10.89623,0,0,1,1,0
2,0.0,0.88,0,12.055339,0,14,0,2,0
1,5.0,0.79,3,8.061421,0,17,0,2,0
2,0.0,0.85,1,9.667716,0,3,1,2,0
1,5.0,0.79,3,10.945069,0,18,0,1,0
1,5.0,0.7,6,13.224405,0,13,0,2,0
0,0.0,0.85,1,10.601099,0,13,1,1,0
3,0.0,0.88,0,12.874943,1,2,0,1,0
3,0.0,0.88,0,12.241637,1,0,1,1,0
0,0.0,0.85,1,11.950289,0,3,0,1,0
1,5.0,0.82,2,9.881959,0,10,1,0,0
2,0.0,0.88,0,8.629464,0,19,1,0,0
0,0.0,0.85,1,11.216606,0,9,1,1,0
1,5.0,0.79,3,10.925512,0,11,1,0,0
2,0.0,0.85,1,10.789582,0,15,1,2,0
0,0.0,0.85,1,10.793576,0,18,0,0,0
1,5.0,0.7,6,10.007344,0,13,0,0,0
0,0.0,0.85,1,8.411377,0,8,1,3,0
2,0.0,0.88,0,10.745943,0,16,0,1,0
1,5.0,0.79,3,11.009616,0,17,0,1,0
1,5.0,0.79,3,9.898067,0,17,0,0,0
2,0.0,0.85,1,11.218569,0,10,0,1,0
0,72.3,0.1152,13,8.084547,0,12,0,0,1
2,0.0,0.85,1,7.028778,0,10,0,3,0
1,5.0,0.79,3,10.788413,0,11,0,1,0
1,5.0,0.76,4,11.389091,0,11,0,0,0
1,5.0,0.79,3,13.188008,0,10,1,1,0
3,0.0,0.85,1,11.086594,1,23,0,0,0
1,5.0,0.82,2,9.142621,0,21,0,0,0
2,0.0,0.88,0,9.213082,0,14,1,0,0
1,5.0,0.7,6,8.401506,0,1,0,0,0
1,5.0,0.7,6,11.667943,0,12,0,0,0
3,0.0,0.88,0,12.391794,1,20,1,1,0
1,5.0,0.73,5,11.550467,0,10,0,2,0
1,5.0,0.73,5,12.872001,0,0,0,2,0
1,5.0,0.76,4,12.703405,0,19,0,2,0
1,5.0,0.67,7,13.602752,0,21,0,2,0
2,0.0,0.88,0,7.394413,0,19,1,1,0
2,0.0,0.85,1,6.532975,0,7,0,0,0
2,0.0,0.85,1,10.370916,0,11,1,1,0
1,5.0,0.79,3,11.837984,0,14,0,1,0
2,0.0,0.85,1,8.999286,0,15,1,0,0
0,0.0,0.85,1,11.285931,0,19,1,1,0
1,5.0,0.76,4,12.419996,0,13,0,2,0
1,5.0,0.79,3,9.473846,0,18,0,2,0
1,5.0,0.79,3,11.409655,0,14,1,1,0
2,0.0,0.85,1,11.330985,0,15,0,1,0
1,5.0,0.65,10,11.177183,0,23,1,1,0
2,0.0,0.85,1,10.984851,0,14,0,2,0
2,0.0,0.85,1,10.464701,0,13,0,1,0
1,5.0,0.7,6,12.411301,0,12,0,2,0
0,0.0,0.85,1,8.642643,0,21,0,1,0
1,5.0,0.7,6,11.942867,0,1,0,1,0
0,0.0,0.85,1,13.286444,0,10,0,1,0
1,5.0,0.73,5,13.283337,0,10,0,2,0
1,5.0,0.73,5,9.922119,0,14,0,0,0
2,0.0,0.88,0,10.814882,0,11,1,1,0
0,0.0,0.85,1,12.427707,0,11,1,1,0
1,5.0,0.82,2,12.056707,0,17,1,1,0
0,0.0,0.88,0,12.380514,0,12,0,1,0
1,5.0,0.73,5,11.494958,0,23,1,0,0
1,5.0,0.73,5,11.388779,0,19,0,1,0
0,0.0,0.85,1,12.532224,0,15,1,1,0
1,5.0,0.76,4,13.59583,0,19,0,2,0
1,5.0,0.76,4,11.251954,0,12,1,0,0
2,0.0,0.88,0,9.57863,0,19,0,1,0
3,0.0,0.85,1,9.733476,1,0,0,1,0
1,5.0,0.76,4,10.870752,0,17,0,0,0
2,0.0,0.85,1,11.958309,0,17,1,2,0
1,5.0,0.79,3,11.24787,0,14,0,1,0
2,0.0,0.88,0,9.390145,0,11,0,1,0
2,0.0,0.88,0,9.108935,0,14,1,2,0
1,5.0,0.7,6,11.693583,0,13,0,0,0
2,0.0,0.85,1,11.189722,0,11,0,2,0
2,0.0,0.85,1,7.840411,0,10,1,2,0
2,0.0,0.88,0,10.808268,0,11,1,1,0
2,0.0,0.85,1,7.515421,0,16,0,0,0
1,5.0,0.7,6,10.94522,0,14,1,0,0
1,5.0,0.73,5,13.104694,0,9,0,1,0
1,5.0,0.73,5,14.079312,0,18,0,2,0
2,0.0,0.85,1,10.927941,0,6,0,1,0
3,0.0,0.85,1,11.394858,1,1,0,0,0
0,0.0,0.85,1,13.452062,0,6,0,2,0
2,0.0,0.85,1,9.195357,0,16,1,0,0
2,0.0,0.85,1,5.636181,0,16,0,3,0
2,0.0,0.85,1,11.029841,0,18,1,2,0
1,5.0,0.79,3,11.648325,0,13,0,1,0
2,0.0,0.85,1,7.662529,0,11,0,0,0
1,5.0,0.82,2,8.086167,0,21,1,3,0
1,5.0,0.79,3,10.362485,0,19,0,2,0
3,0.0,0.85,1,11.123026,1,0,1,0,0
1,5.0,0.67,7,11.195988,0,12,1,0,0
2,0.0,0.85,1,10.811121,0,13,0,1,0
0,0.0,0.85,1,12.029461,0,18,1,1,0
1,5.0,0.79,3,11.045473,0,2,0,1,0
2,0.0,0.85,1,8.898502,0,8,0,0,0
0,0.0,0.85,1,12.251187,0,12,0,2,0
1,5.0,0.76,4,10.439564,0,0,0,0,0
1,5.0,0.79,3,11.500822,0,18,0,1,0
1,5.0,0.7,6,10.15791,0,11,0,0,0
2,0.0,0.88,0,10.002704,0,9,0,0,0
0,0.0,0.85,1,8.164926,0,1,0,0,0
0,0.0,0.85,1,10.092765,0,18,0,0,0
2,0.0,0.88,0,13.016719,0,13,1,1,0
1,5.0,0.79,3,11.190088,0,13,1,0,0
1,5.0,0.65,12,13.067774,0,0,0,2,0
2,0.0,0.85,1,10.977121,0,13,0,1,0
0,0.0,0.88,0,10.756112,0,17,0,0,0
1,5.0,0.7,6,11.250443,0,12,0,2,0
0,0.0,0.85,1,7.694097,0,13,0,1,0
0,0.0,0.85,1,10.85094,0,19,0,2,0
1,5.0,0.76,4,9.318619,0,18,0,0,0
1,5.0,0.76,4,10.085523,0,12,0,2,0
3,0.0,0.88,0,10.953296,1,22,0,0,0
1,5.0,0.82,2,11.590727,0,11,0,0,0
3,0.0,0.88,0,11.459929,1,0,1,1,0
0,0.0,0.85,1,6.724481,0,20,0,0,0
1,5.0,0.79,3,9.568309,0,22,1,0,0
1,5.0,0.79,3,11.025093,0,20,1,1,0
2,0.0,0.88,0,11.879159,0,10,0,2,0
1,5.0,0.7,6,11.521033,0,10,0,0,0
2,0.0,0.85,1,11.624816,0,14,0,2,0
1,5.0,0.79,3,11.40767,0,19,1,1,0
2,0.0,0.88,0,9.007458,0,11,0,0,0
1,5.0,0.82,2,8.970051,0,19,1,0,0
1,5.0,0.76,4,11.034161,0,11,0,0,0
1,5.0,0.76,4,11.05116,0,15,0,2,0
2,0.0,0.88,0,10.239346,0,6,0,1,0
1,5.0,0.73,5,13.294793,0,12,1,2,0
1,5.0,0.82,2,10.209618,0,18,0,2,0
1,5.0,0.65,12,12.927569,0,17,0,1,0
3,0.0,0.85,1,12.791218,1,10,0,1,0
1,5.0,0.73,5,9.871532,0,11,0,0,0
0,0.0,0.85,1,9.258129,0,12,0,3,0
1,5.0,0.79,3,10.98246,0,17,1,0,0
1,5.0,0.82,2,9.789027,0,11,0,3,0
1,5.0,0.82,2,11.772349,0,22,0,1,0
1,5.0,0.79,3,10.277934,0,18,0,1,0
0,0.0,0.85,1,13.321552,0,18,0,2,0
1,5.0,0.82,2,11.105247,0,0,0,0,0
1,5.0,0.82,2,9.122794,0,10,1,3,0
1,5.0,0.76,4,11.020847,0,9,0,0,0
2,0.0,0.85,1,8.465472,0,10,1,0,0
0,0.0,0.88,0,10.811221,0,21,0,1,0
1,5.0,0.73,5,11.498761,0,15,0,0,0
1,5.0,0.7,6,13.630113,0,13,1,2,0
1,5.0,0.79,3,10.427839,0,11,0,1,0
0,0.0,0.85,1,9.768994,0,21,1,0,0
2,0.0,0.88,0,9.341605,0,10,1,0,0
1,5.0,0.82,2,10.908333,0,13,1,0,0
0,0.0,0.85,1,9.92354,0,18,0,0,0
1,5.0,0.76,4,12.242517,0,13,0,1,0
2,0.0,0.85,1,8.135933,0,11,1,0,0
0,0.0,0.85,1,10.534246,0,22,0,2,0
1,5.0,0.82,2,13.041304,0,15,0,1,0
0,0.0,0.85,1,9.970927,0,15,0,1,0
2,0.0,0.88,0,7.655244,0,13,1,1,0
3,0.0,0.88,0,12.938962,1,11,0,1,0
3,0.0,0.85,1,13.096601,1,2,1,2,0
0,0.0,0.85,1,10.990363,0,3,1,0,0
2,0.0,0.85,1,12.101389,0,17,0,2,0
2,0.0,0.85,1,11.207104,0,11,1,1,0
1,5.0,0.7,6,9.679424,0,15,0,1,0
1,5.0,0.82,2,10.297006,0,19,0,1,0
0,0.0,0.85,1,12.351177,0,16,0,1,0
0,0.0,0.88,0,9.702389,0,11,1,1,0
3,0.0,0.85,1,11.951477,1,12,1,2,0
1,5.0,0.73,5,11.584452,0,20,0,1,0
2,0.0,0.88,0,9.134139,0,7,0,0,0
1,5.0,0.82,2,11.777011,0,13,1,1,0
1,5.0,0.82,2,8.593398,0,10,0,3,0
2,0.0,0.85,1,10.666651,0,11,1,1,0
2,0.0,0.85,1,6.816583,0,12,0,3,0
1,5.0,0.79,3,10.874629,0,17,1,0,0
3,0.0,0.88,0,13.650784,1,11,0,2,0
0,0.0,0.85,1,8.628486,0,8,0,0,0
3,0.0,0.88,0,13.608601,1,2,0,1,0
2,0.0,0.85,1,6.870749,0,10,0,0,0
1,5.0,0.76,4,9.732464,0,13,1,1,0
1,5.0,0.79,3,12.588515,0,12,1,1,0
2,0.0,0.88,0,6.817885,0,12,1,0,0
2,0.0,0.85,1,10.056765,0,17,0,1,0
1,5.0,0.79,3,10.032835,0,19,1,1,0
3,0.0,0.88,0,12.037901,1,2,0,1,0
1,5.0,0.82,2,9.489725,0,14,0,3,0
1,5.0,0.65,11,11.669847,0,21,0,1,0
2,0.0,0.88,0,7.668753,0,16,0,0,0
1,5.0,0.76,4,8.060035,0,11,1,3,0
1,5.0,0.73,5,13.244983,0,11,1,2,0
0,0.0,0.85,1,8.516095,0,12,0,3,0
1,5.0,0.7,6,12.021489,0,1,1,2,0
3,0.0,0.88,0,11.54453,1,15,0,0,0
1,5.0,0.82,2,10.109034,0,14,0,0,0
3,0.0,0.88,0,13.522705,1,21,0,2,0
1,5.0,0.79,3,12.519043,0,23,0,2,0
1,5.0,0.73,5,11.021848,0,15,0,0,0
1,5.0,0.7,6,12.973896,0,11,0,2,0
1,5.0,0.73,5,12.237081,0,12,0,2,0
2,0.0,0.88,0,10.897311,0,10,1,1,0
0,0.0,0.85,1,10.047195,0,9,0,1,0
1,5.0,0.67,7,9.176266,0,21,1,0,0
1,5.0,0.73,5,13.37598,0,14,0,2,0
3,0.0,0.85,1,11.800931,1,23,0,1,0
2,0.0,0.85,1,11.222578,0,19,0,1,0
3,0.0,0.88,0,9.779087,1,9,0,0,0
1,5.0,0.73,5,13.515503,0,16,0,2,0
0,0.0,0.85,1,12.500204,0,17,0,1,0
0,0.0,0.85,1,7.990987,0,18,0,3,0
3,0.0,0.85,1,13.310575,1,10,0,2,0
0,0.0,0.85,1,12.312506,0,12,0,1,0
1,5.0,0.79,3,11.414129,0,14,0,2,0
1,5.0,0.79,3,12.757377,0,20,1,1,0
2,0.0,0.88,0,10.887736,0,10,0,1,0
1,5.0,0.82,2,11.614926,0,19,0,1,0
1,5.0,0.7,6,12.59003,0,10,0,1,0
1,5.0,0.82,2,12.655773,0,16,0,1,0
1,5.0,0.82,2,13.705973,0,13,1,2,0
1,5.0,0.82,2,12.666315,0,11,0,2,0
1,5.0,0.79,3,11.877819,0,14,0,1,0
1,5.0,0.82,2,9.996443,0,16,0,1,0
2,0.0,0.85,1,9.485346,0,13,1,0,0
2,0.0,0.88,0,10.365234,0,16,0,2,0
1,5.0,0.73,5,12.308797,0,13,0,2,0
3,0.0,0.85,1,12.329064,1,21,0,0,0
2,0.0,0.88,0,8.472551,0,17,0,3,0
3,0.0,0.85,1,10.644223,1,2,0,0,0
1,5.0,0.82,2,10.469411,0,11,1,0,0
3,0.0,0.88,0,12.879733,1,13,0,1,0
2,0.0,0.85,1,9.476002,0,15,0,1,0
1,5.0,0.73,5,12.472759,0,4,0,1,0
0,0.0,0.85,1,11.084095,0,0,0,1,0
0,0.0,0.85,1,10.533134,0,16,0,1,0
3,0.0,0.88,0,12.136766,1,1,0,1,0
1,5.0,0.79,3,10.62865,0,11,0,0,0
1,5.0,0.79,3,11.823307,0,16,1,1,0
1,5.0,0.82,2,10.563475,0,14,0,1,0
0,0.0,0.85,1,12.522971,0,9,0,0,0
2,0.0,0.85,1,10.956698,0,8,0,1,0
1,5.0,0.79,3,11.771207,0,16,0,1,0
3,0.0,0.88,0,10.580928,1,20,1,0,0
1,5.0,0.82,2,11.458855,0,18,0,1,0
1,5.0,0.79,3,11.311386,0,11,0,0,0
0,0.0,0.85,1,8.465081,0,10,0,0,0
1,5.0,0.79,3,7.826846,0,19,1,0,0
1,5.0,0.73,5,11.431853,0,2,0,2,0
3,0.0,0.85,1,13.828351,1,17,1,2,0
1,5.0,0.65,11,8.657984,0,23,0,3,0
1,5.0,0.82,2,9.936464,0,15,1,0,0
2,0.0,0.88,0,9.346154,0,15,0,1,0
2,0.0,0.88,0,9.772702,0,15,0,1,0
0,0.0,0.85,1,12.23682,0,20,0,1,0
1,5.0,0.82,2,9.28958,0,23,0,3,0
3,0.0,0.85,1,12.934628,1,10,1,1,0
3,0.0,0.85,1,12.764242,1,23,0,1,0
1,5.0,0.79,3,12.3628,0,23,0,2,0
2,0.0,0.88,0,10.632129,0,11,1,1,0
1,5.0,0.82,2,14.027732,0,22,0,2,0
1,5.0,0.76,4,12.042212,0,12,1,2,0
1,5.0,0.82,2,11.707138,0,19,0,1,0
2,0.0,0.79,3,11.416046,0,17,0,2,0
1,5.0,0.7,6,13.726628,0,20,0,2,0
1,5.0,0.82,2,10.254664,0,13,0,0,0
1,5.0,0.82,2,13.360056,0,18,0,2,0
0,0.0,0.85,1,13.43919,0,12,0,2,0
3,0.0,0.85,1,13.583612,1,2,1,2,0
2,0.0,0.85,1,12.38924,0,14,1,2,0
3,0.0,0.73,5,12.082992,1,1,1,0,0
1,5.0,0.76,4,9.347702,0,12,0,1,0
2,0.0,0.85,1,8.591577,0,15,0,0,0
1,5.0,0.82,2,11.404922,0,0,0,0,0
1,5.0,0.82,2,10.123864,0,23,1,0,0
1,5.0,0.73,5,9.668753,0,19,0,3,0
1,5.0,0.7,6,9.675492,0,2,1,2,0
1,5.0,0.73,5,10.55919,0,10,0,0,0
3,0.0,0.85,1,9.566073,1,11,0,3,0
1,5.0,0.76,4,9.757057,0,10,1,3,0
0,0.0,0.85,1,9.576839,0,20,0,2,0
2,0.0,0.88,0,10.972065,0,12,0,1,0
0,0.0,0.85,1,8.723672,0,11,1,3,0
1,5.0,0.79,3,13.484483,0,14,0,2,0
1,5.0,0.7,6,9.80236,0,12,0,1,0
1,5.0,0.79,3,12.699434,0,21,0,1,0
2,0.0,0.88,0,9.210764,0,12,0,0,0
1,5.0,0.76,4,12.88571,0,12,0,1,0
1,5.0,0.79,3,12.107922,0,14,0,2,0
2,0.0,0.85,1,6.471434,0,12,0,3,0
1,65.2,0.0722,2,10.525372,0,0,0,3,1
1,5.0,0.73,5,11.094956,0,3,1,0,0
1,5.0,0.82,2,9.485553,0,18,0,0,0
2,0.0,0.88,0,7.437383,0,18,0,0,0
2,0.0,0.88,0,8.266362,0,11,1,3,0
1,5.0,0.79,3,14.000714,0,10,1,2,0
0,0.0,0.85,1,9.765429,0,19,0,1,0
2,0.0,0.88,0,11.246513,0,14,0,2,0
1,5.0,0.79,3,10.745891,0,19,1,1,0
1,5.0,0.76,4,8.94199,0,13,0,0,0
1,5.0,0.65,10,11.228784,0,11,0,1,0
3,0.0,0.73,5,12.568228,1,22,0,2,0
0,0.0,0.85,1,13.617647,0,9,0,2,0
1,5.0,0.82,2,9.082179,0,22,0,0,0
1,5.0,0.79,3,11.301158,0,17,0,1,0
2,0.0,0.85,1,9.271466,0,10,0,0,0
0,0.0,0.85,1,11.793357,0,15,0,1,0
2,0.0,0.88,0,9.744153,0,10,1,0,0
1,5.0,0.82,2,11.473732,0,14,1,1,0
1,5.0,0.82,2,12.917725,0,9,0,1,0
1,5.0,0.7,6,9.72926,0,18,0,3,0
1,5.0,0.79,3,8.791229,0,20,1,0,0
2,0.0,0.85,1,8.189361,0,10,0,0,0
1,5.0,0.65,10,11.744398,0,17,1,0,0
1,5.0,0.7,6,12.94355,0,14,0,1,0
0,0.0,0.85,1,13.226282,0,14,1,2,0
2,0.0,0.85,1,11.355148,0,12,0,2,0
3,0.0,0.85,1,10.054809,1,15,0,1,0
1,5.0,0.73,5,11.839164,0,1,1,1,0
3,0.0,0.85,1,12.828876,1,23,0,1,0
2,0.0,0.85,1,7.568668,0,11,0,3,0
1,5.0,0.82,2,11.340534,0,16,0,0,0
1,5.0,0.65,8,12.853534,0,10,0,1,0
2,0.0,0.85,1,10.835642,0,13,1,1,0
1,5.0,0.82,2,8.048964,0,18,0,3,0
2,0.0,0.88,0,9.298313,0,10,1,0,0
1,5.0,0.65,9,12.729389,0,15,0,1,0
1,5.0,0.82,2,9.605847,0,18,0,0,0
0,0.0,0.88,0,9.221606,0,20,0,3,0
1,5.0,0.65,11,9.426477,0,22,0,1,0
1,5.0,0.76,4,11.380534,0,21,0,0,0
0,0.0,0.85,1,8.812324,0,19,0,0,0
0,0.0,0.85,1,8.51388,0,10,1,0,0
0,0.0,0.85,1,12.825801,0,15,0,1,0
0,0.0,0.85,1,11.235587,0,18,1,1,0
0,0.0,0.85,1,10.813522,0,5,1,0,0
3,0.0,0.88,0,12.830687,1,1,1,1,0
2,0.0,0.88,0,9.296289,0,16,1,0,0
1,5.0,0.73,5,10.221939,0,1,0,0,0
1,5.0,0.7,6,10.075281,0,15,0,3,0
1,5.0,0.79,3,8.970787,0,19,1,1,0
2,0.0,0.88,0,9.864628,0,14,0,1,0
0,0.0,0.85,1,13.353167,0,17,0,2,0
2,0.0,0.85,1,10.074881,0,20,1,1,0
2,0.0,0.85,1,9.400604,0,14,1,0,0
2,0.0,0.88,0,10.372586,0,14,0,0,0
2,0.0,0.88,0,8.142372,0,11,0,3,0
2,0.0,0.88,0,10.728735,0,15,0,1,0
2,0.0,0.85,1,11.785348,0,15,0,2,0
1,5.0,0.79,3,8.420524,0,4,0,0,0
1,5.0,0.82,2,10.686595,0,8,1,1,0
1,5.0,0.82,2,8.267282,0,20,0,0,0
1,5.0,0.82,2,11.285138,0,16,1,1,0
0,0.0,0.85,1,10.22604,0,12,0,0,0
1,5.0,0.7,6,12.403063,0,2,1,2,0
2,0.0,0.82,2,7.502209,0,12,0,3,0
0,0.0,0.85,1,11.637664,0,9,0,1,0
2,0.0,0.85,1,8.632832,0,16,0,0,0
2,0.0,0.85,1,7.466102,0,12,0,3,0
0,0.0,0.85,1,11.275064,0,13,0,1,0
1,5.0,0.65,12,11.027827,0,12,0,0,0
2,0.0,0.85,1,8.809931,0,20,0,0,0
3,0.0,0.85,1,10.697959,1,16,0,3,0
1,5.0,0.65,9,9.438645,0,23,1,0,0
1,5.0,0.82,2,10.954673,0,14,0,2,0
3,0.0,0.88,0,9.802682,1,0,0,1,0
1,5.0,0.79,3,12.315809,0,14,0,2,0
3,0.0,0.88,0,12.64613,1,2,0,1,0
1,5.0,0.82,2,13.446005,0,12,0,2,0
2,0.0,0.88,0,7.205605,0,14,0,3,0
1,5.0,0.7,6,12.371817,0,15,0,1,0
1,5.0,0.82,2,10.194657,0,15,0,0,0
2,0.0,0.85,1,11.047338,0,17,0,1,0
1,5.0,0.82,2,10.363227,0,16,1,0,0
1,5.0,0.79,3,10.153521,0,9,0,0,0
0,0.0,0.85,1,9.98238,0,13,0,2,0
1,5.0,0.82,2,13.382892,0,9,1,2,0
1,5.0,0.82,2,10.861643,0,16,0,1,0
1,5.0,0.76,4,11.690957,0,22,0,0,0
2,0.0,0.88,0,9.488049,0,11,0,0,0
1,5.0,0.82,2,10.165699,0,18,0,1,0
1,5.0,0.76,4,11.49165,0,13,0,0,0
1,5.0,0.82,2,8.79784,0,12,0,2,0
3,0.0,0.88,0,12.858274,1,23,1,1,0
2,0.0,0.88,0,10.746764,0,10,1,0,0
0,0.0,0.85,1,10.231794,0,19,1,0,0
2,0.0,0.85,1,9.884598,0,12,0,1,0
1,5.0,0.73,5,13.703762,0,19,0,2,0
1,5.0,0.82,2,11.871562,0,12,0,2,0
2,0.0,0.88,0,10.829583,0,12,0,1,0
1,5.0,0.7,6,11.162377,0,19,0,0,0
1,5.0,0.7,6,13.250794,0,14,0,2,0
1,5.0,0.65,11,11.514822,0,14,0,1,0
1,5.0,0.79,3,11.882279,0,13,0,1,0
3,0.0,0.88,0,13.004104,1,3,0,1,0
2,0.0,0.88,0,9.316828,0,15,1,0,0
1,5.0,0.65,12,10.537954,0,23,0,0,0
1,5.0,0.76,4,9.071533,0,13,1,0,0
1,5.0,0.82,2,7.467594,0,7,0,1,0
1,5.0,0.76,4,13.494316,0,23,0,2,0
1,5.0,0.7,6,11.138909,0,14,0,0,0
2,0.0,0.85,1,14.269022,0,2,0,1,0
1,5.0,0.82,2,12.257825,0,18,0,1,0
1,5.0,0.79,3,9.776798,0,19,0,0,0
1,5.0,0.79,3,6.672615,0,11,0,2,0
1,5.0,0.79,3,9.05568,0,19,0,1,0
2,0.0,0.85,1,10.55286,0,9,0,1,0
1,5.0,0.73,5,9.538857,0,11,0,3,0
2,0.0,0.85,1,8.898542,0,13,1,1,0
3,0.0,0.85,1,12.839557,1,19,1,1,0
1,41.7,0.1919,12,8.679911,0,12,1,0,1
1,5.0,0.82,2,9.487118,0,13,1,0,0
0,0.0,0.85,1,11.689487,0,10,0,1,0
3,0.0,0.88,0,12.293015,1,2,1,1,0
1,5.0,0.76,4,12.680379,0,19,1,2,0
1,5.0,0.76,4,10.133485,0,16,0,3,0
3,0.0,0.85,1,12.040221,1,10,0,1,0
3,0.0,0.85,1,11.159371,1,10,0,0,0
1,5.0,0.82,2,11.503468,0,14,0,2,0
1,44.5,0.1289,6,10.380597,0,2,0,0,1
1,5.0,0.82,2,11.535035,0,19,0,1,0
1,5.0,0.76,4,11.879215,0,16,0,1,0
2,0.0,0.85,1,8.873021,0,20,0,0,0
2,0.0,0.88,0,7.022217,0,9,0,0,0
1,5.0,0.82,2,12.878762,0,10,1,1,0
2,0.0,0.85,1,9.593875,0,19,0,1,0
2,0.0,0.85,1,11.902872,0,17,0,2,0
3,0.0,0.85,1,11.583704,1,23,0,1,0
0,0.0,0.85,1,13.515037,0,21,0,2,0
1,5.0,0.73,5,9.934395,0,1,0,3,0
2,0.0,0.88,0,8.347761,0,15,0,0,0
2,0.0,0.88,0,10.45713,0,9,1,0,0
2,0.0,0.88,0,8.352099,0,13,1,0,0
1,5.0,0.82,2,9.929506,0,12,0,0,0
0,0.0,0.85,1,13.193142,0,17,0,1,0
1,5.0,0.82,2,11.775468,0,17,0,1,0
1,5.0,0.82,2,10.463921,0,19,1,2,0
2,0.0,0.88,0,5.761737,0,12,0,0,0
1,5.0,0.7,6,13.627279,0,19,1,2,0
3,0.0,0.88,0,12.096287,1,2,0,1,0
2,0.0,0.85,1,9.152347,0,18,0,0,0
1,5.0,0.76,4,7.737956,0,10,1,3,0
1,5.0,0.79,3,11.550185,0,19,0,1,0
2,0.0,0.88,0,10.590731,0,13,1,0,0
2,0.0,0.85,1,7.724725,0,7,1,0,0
2,0.0,0.88,0,11.503075,0,13,1,2,0
0,0.0,0.85,1,12.251657,0,10,0,1,0
1,5.0,0.82,2,11.769863,0,19,0,1,0
2,0.0,0.88,0,9.470057,0,21,0,0,0
3,0.0,0.88,0,11.755356,1,13,1,0,0
0,0.0,0.88,0,13.288805,0,13,0,1,0
1,5.0,0.82,2,10.517517,0,19,1,1,0
0,0.0,0.85,1,11.808695,0,11,0,1,0
2,0.0,0.85,1,8.773538,0,11,0,0,0
1,5.0,0.73,5,12.56808,0,11,0,1,0
1,5.0,0.7,6,13.532402,0,12,0,2,0
1,5.0,0.73,5,13.555605,0,8,0,2,0
2,0.0,0.85,1,8.363056,0,2,0,3,0
2,0.0,0.85,1,6.441887,0,13,1,0,0
1,5.0,0.82,2,11.099544,0,21,0,1,0
3,0.0,0.85,1,11.501021,1,16,1,0,0
2,0.0,0.88,0,11.395168,0,7,1,2,0
1,5.0,0.73,5,13.531085,0,12,1,2,0
3,0.0,0.85,1,13.340357,1,7,1,2,0
1,5.0,0.79,3,10.433141,0,13,0,1,0
2,0.0,0.88,0,8.744255,0,15,1,0,0
1,5.0,0.82,2,11.366419,0,9,0,0,0
1,5.0,0.79,3,10.557507,0,13,0,0,0
1,5.0,0.65,8,13.704495,0,8,0,2,0
1,5.0,0.82,2,11.620084,0,20,0,1,0
2,0.0,0.85,1,10.055016,0,15,0,1,0
2,0.0,0.88,0,9.476289,0,13,0,0,0
2,0.0,0.88,0,8.867677,0,19,1,1,0
2,0.0,0.88,0,7.84643,0,10,0,0,0
3,0.0,0.88,0,10.397012,1,0,0,3,0
0,0.0,0.85,1,9.075726,0,18,1,3,0
1,5.0,0.79,3,9.179407,0,22,0,1,0
0,0.0,0.85,1,9.269748,0,18,0,1,0
2,0.0,0.88,0,9.546298,0,11,1,0,0
1,5.0,0.79,3,12.714804,0,12,1,2,0
1,5.0,0.65,12,7.29092,0,19,0,1,0
1,5.0,0.79,3,9.742992,0,15,0,0,0
2,0.0,0.85,1,8.756785,0,11,0,1,0
1,5.0,0.79,3,7.745094,0,11,0,0,0
3,0.0,0.88,0,13.836448,1,19,1,2,0
2,0.0,0.88,0,8.512177,0,15,0,0,0
3,0.0,0.85,1,12.327301,1,1,1,1,0
1,5.0,0.82,2,10.603675,0,0,0,0,0
1,5.0,0.65,12,11.88026,0,15,0,0,0
1,5.0,0.76,4,11.061457,0,9,0,0,0
1,5.0,0.65,8,13.156932,0,12,0,2,0
1,5.0,0.82,2,9.457084,0,20,0,0,0
1,49.6,0.0598,0,11.510137,0,7,0,0,1
0,0.0,0.85,1,10.905257,0,4,0,0,0
1,5.0,0.7,6,12.656623,0,17,1,1,0
1,5.0,0.82,2,10.971296,0,12,0,1,0
2,0.0,0.88,0,9.505429,0,15,1,1,0
1,5.0,0.82,2,13.014476,0,22,0,1,0
1,5.0,0.82,2,10.87001,0,15,0,2,0
2,0.0,0.85,1,11.972434,0,14,0,2,0
3,0.0,0.88,0,10.537315,1,3,0,3,0
1,5.0,0.7,6,12.36373,0,15,0,1,0
1,5.0,0.82,2,7.838974,0,19,1,2,0
2,0.0,0.88,0,9.44365,0,17,0,0,0
3,0.0,0.88,0,12.795674,1,23,0,2,0
2,0.0,0.85,1,11.649312,0,14,1,2,0
3,0.0,0.85,1,12.747372,1,18,0,2,0
0,0.0,0.85,1,10.742437,0,16,0,0,0
3,0.0,0.88,0,12.668461,1,10,0,1,0
2,0.0,0.88,0,10.69191,0,9,0,1,0
0,0.0,0.85,1,11.215894,0,21,0,2,0
0,59.6,0.2417,5,15.473767,0,20,0,1,1
1,5.0,0.7,6,10.278603,0,13,0,0,0
1,5.0,0.79,3,7.913411,0,10,0,3,0
1,5.0,0.79,3,11.449645,0,14,1,0,0
1,5.0,0.79,3,12.440105,0,10,0,1,0
2,0.0,0.88,0,8.31456,0,17,0,0,0
1,5.0,0.76,4,13.491403,0,17,0,2,0
1,5.0,0.73,5,13.334395,0,13,0,2,0
0,74.0,0.2216,3,13.422034,0,7,0,1,1
1,5.0,0.82,2,10.684012,0,8,0,1,0
0,0.0,0.85,1,13.346354,0,13,0,2,0
1,5.0,0.73,5,8.10189,0,14,0,0,0
1,5.0,0.79,3,10.527203,0,12,0,0,0
1,5.0,0.76,4,9.193814,0,18,1,3,0
1,5.0,0.82,2,11.705769,0,19,0,1,0
2,0.0,0.88,0,9.584302,0,17,0,0,0
2,0.0,0.88,0,7.999551,0,12,0,0,0
3,0.0,0.88,0,8.665242,1,8,1,1,0
3,0.0,0.85,1,14.012962,1,12,0,2,0
1,5.0,0.65,9,10.208575,0,14,1,3,0
0,0.0,0.85,1,13.930621,0,15,0,2,0
0,0.0,0.85,1,10.928607,0,16,0,0,0
2,0.0,0.88,0,8.919105,0,17,1,0,0
1,5.0,0.73,5,9.26917,0,15,0,3,0
2,0.0,0.85,1,5.261913,0,16,0,0,0
1,5.0,0.79,3,11.020384,0,18,0,0,0
1,5.0,0.82,2,10.895623,0,15,0,0,0
1,5.0,0.82,2,10.76555,0,16,0,0,0
2,0.0,0.85,1,7.155279,0,16,0,3,0
0,0.0,0.85,1,7.75392,0,13,1,0,0
1,5.0,0.82,2,8.871529,0,19,1,2,0
2,0.0,0.88,0,8.89945,0,15,0,0,0
2,0.0,0.88,0,8.386323,0,10,0,3,0
1,5.0,0.73,5,9.119268,0,9,0,3,0
1,5.0,0.79,3,7.210759,0,14,1,1,0
1,5.0,0.65,12,12.770675,0,21,0,1,0
0,0.0,0.85,1,11.580862,0,17,0,1,0
0,0.0,0.85,1,10.302759,0,15,1,3,0
1,5.0,0.82,2,8.74415,0,18,0,0,0
1,5.0,0.79,3,8.783002,0,12,0,0,0
1,5.0,0.76,4,12.328676,0,23,0,1,0
1,5.0,0.79,3,13.055206,0,10,0,1,0
0,0.0,0.85,1,11.105922,0,12,0,0,0
1,5.0,0.73,5,12.86277,0,9,1,2,0
1,5.0,0.82,2,12.373302,0,21,0,2,0
1,5.0,0.82,2,10.524477,0,18,0,1,0
1,5.0,0.82,2,11.53557,0,14,0,1,0
1,5.0,0.67,7,11.307722,0,16,1,2,0
1,5.0,0.65,11,12.962077,0,10,1,1,0
1,5.0,0.79,3,11.180821,0,18,1,1,0
1,5.0,0.7,6,10.762534,0,12,0,0,0
3,0.0,0.85,1,11.1785,1,11,1,1,0
1,5.0,0.79,3,8.084988,0,16,0,0,0
1,5.0,0.65,11,10.288514,0,12,1,0,0
2,0.0,0.88,0,12.219041,0,12,1,2,0
1,5.0,0.79,3,12.28903,0,12,0,1,0
0,0.0,0.85,1,9.589227,0,21,0,0,0
2,0.0,0.88,0,10.980378,0,12,0,1,0
3,0.0,0.85,1,13.013612,1,0,0,1,0
2,0.0,0.85,1,8.146385,0,18,1,0,0
3,0.0,0.88,0,13.028816,1,4,0,1,0
1,5.0,0.79,3,9.482427,0,14,0,1,0
1,5.0,0.79,3,12.522073,0,18,0,1,0
1,5.0,0.79,3,8.559643,0,18,0,2,0
0,0.0,0.85,1,8.251601,0,13,0,1,0
1,5.0,0.76,4,10.022519,0,13,1,0,0
0,0.0,0.85,1,10.331482,0,11,0,2,0
0,0.0,0.85,1,11.448019,0,22,0,0,0
1,5.0,0.79,3,10.614157,0,12,0,0,0
0,0.0,0.85,1,13.59337,0,20,1,2,0
0,0.0,0.85,1,11.766236,0,12,0,1,0
0,0.0,0.85,1,11.444224,0,14,1,0,0
1,5.0,0.73,5,12.262814,0,11,1,1,0
0,0.0,0.85,1,11.806,0,11,0,2,0
1,5.0,0.7,6,8.069896,0,16,0,2,0
3,0.0,0.88,0,12.97195,1,20,0,1,0
1,5.0,0.76,4,12.606709,0,1,0,1,0
3,0.0,0.85,1,12.565627,1,0,1,1,0
1,5.0,0.79,3,10.841911,0,18,0,1,0
2,0.0,0.88,0,9.05197,0,10,0,0,0
2,0.0,0.85,1,11.545699,0,15,0,2,0
2,0.0,0.88,0,10.721388,0,16,1,0,0
3,0.0,0.88,0,13.171196,1,21,0,1,0
1,5.0,0.79,3,11.295363,0,18,1,1,0
2,0.0,0.85,1,14.064935,0,0,1,3,0
2,0.0,0.88,0,10.614617,0,6,1,2,0
1,5.0,0.65,8,6.42482,0,12,0,1,0
3,0.0,0.88,0,12.816065,1,9,1,1,0
3,0.0,0.85,1,12.10921,1,0,0,1,0
1,5.0,0.82,2,12.275449,0,14,0,1,0
0,0.0,0.85,1,11.484444,0,11,1,0,0
1,5.0,0.79,3,8.328458,0,11,0,3,0
1,5.0,0.73,5,9.046045,0,11,0,3,0
3,0.0,0.79,3,12.61151,1,1,0,1,0
0,0.0,0.85,1,11.590764,0,14,0,2,0
2,0.0,0.88,0,8.934083,0,15,0,0,0
2,0.0,0.88,0,9.177189,0,13,1,0,0
2,0.0,0.85,1,6.195609,0,14,0,0,0
1,5.0,0.82,2,11.708369,0,17,0,1,0
1,5.0,0.79,3,10.310258,0,19,0,2,0
2,0.0,0.85,1,9.236763,0,23,0,0,0
3,0.0,0.88,0,13.274067,1,6,1,2,0
2,0.0,0.85,1,7.928438,0,11,1,0,0
0,0.0,0.85,1,11.120362,0,18,0,1,0
1,5.0,0.82,2,11.890976,0,16,0,1,0
1,5.0,0.73,5,13.290406,0,16,1,2,0
2,0.0,0.85,1,10.793087,0,15,0,1,0
1,5.0,0.79,3,9.363219,0,18,1,2,0
1,5.0,0.73,5,12.829703,0,12,0,2,0
2,0.0,0.85,1,10.33265,0,12,0,1,0
1,5.0,0.76,4,12.965268,0,21,1,2,0
0,0.0,0.85,1,12.450845,0,14,0,2,0
1,5.0,0.73,5,11.684805,0,1,1,0,0
2,0.0,0.88,0,6.613532,0,13,1,3,0
0,58.1,0.0598,13,7.944712,0,18,0,2,1
1,5.0,0.7,6,12.417782,0,2,0,1,0
3,0.0,0.85,1,13.13869,1,5,1,2,0
3,0.0,0.85,1,12.514331,1,21,0,0,0
0,0.0,0.85,1,12.011706,0,12,1,1,0
3,0.0,0.88,0,12.450396,1,3,0,1,0
2,0.0,0.88,0,8.584285,0,13,1,0,0
1,5.0,0.82,2,10.560422,0,19,0,1,0
1,5.0,0.82,2,9.348951,0,18,1,1,0
2,0.0,0.85,1,12.010733,0,16,0,2,0
2,0.0,0.88,0,10.673934,0,9,0,3,0
0,0.0,0.85,1,8.084282,0,13,0,3,0
1,5.0,0.73,5,13.259877,0,18,0,2,0
1,5.0,0.76,4,13.131461,0,7,0,2,0
1,5.0,0.82,2,10.202984,0,11,0,0,0
2,0.0,0.85,1,6.772852,0,4,0,0,0
1,5.0,0.73,5,11.396655,0,14,0,0,0
1,5.0,0.7,6,11.119524,0,13,0,0,0
1,5.0,0.82,2,9.4424,0,17,0,0,0
2,0.0,0.88,0,7.695426,0,18,0,3,0
1,5.0,0.7,6,12.646513,0,15,0,1,0
3,0.0,0.88,0,11.467177,1,0,1,0,0
2,0.0,0.88,0,11.299235,0,14,1,2,0
0,0.0,0.85,1,12.901431,0,21,0,1,0
1,5.0,0.79,3,11.606402,0,14,0,1,0
3,0.0,0.85,1,12.78092,1,8,0,1,0
1,5.0,0.82,2,11.84697,0,18,0,1,0
1,5.0,0.79,3,9.675163,0,19,0,1,0
1,5.0,0.82,2,12.162619,0,13,0,1,0
1,5.0,0.76,4,12.766694,0,20,0,1,0
3,0.0,0.88,0,12.682303,1,15,1,1,0
1,5.0,0.79,3,9.451798,0,12,0,2,0
3,0.0,0.88,0,11.474564,1,21,0,1,0
1,5.0,0.82,2,12.354331,0,11,0,1,0
3,0.0,0.88,0,10.57844,1,0,0,3,0
2,0.0,0.85,1,8.601038,0,21,0,0,0
1,5.0,0.82,2,12.104985,0,0,0,1,0
1,5.0,0.7,6,10.223273,0,13,0,0,0
1,5.0,0.65,11,12.600554,0,1,0,1,0
1,5.0,0.79,3,12.838449,0,12,0,1,0
2,0.0,0.85,1,9.065968,0,15,0,0,0
3,0.0,0.85,1,13.376388,1,13,0,2,0
3,0.0,0.85,1,11.864845,1,23,0,0,0
2,0.0,0.85,1,7.878205,0,15,0,3,0
1,5.0,0.73,5,9.233919,0,0,0,2,0
1,5.0,0.79,3,11.676001,0,18,0,1,0
1,5.0,0.73,5,10.80754,0,15,0,2,0
1,5.0,0.79,3,9.790425,0,14,0,1,0
0,0.0,0.85,1,9.178511,0,23,1,0,0
2,0.0,0.88,0,10.674386,0,15,1,2,0
1,5.0,0.7,6,9.380491,0,11,0,2,0
2,0.0,0.85,1,9.774513,0,14,0,0,0
2,0.0,0.88,0,8.517355,0,8,0,3,0
1,5.0,0.73,5,10.577893,0,13,0,0,0
1,5.0,0.76,4,9.423109,0,13,0,0,0
3,0.0,0.85,1,12.653661,1,23,0,1,0
1,5.0,0.7,6,9.401654,0,2,0,2,0
1,5.0,0.73,5,12.386695,0,13,0,1,0
0,0.0,0.85,1,12.931949,0,1,0,1,0
3,0.0,0.88,0,13.702934,1,8,0,2,0
2,0.0,0.85,1,9.922608,0,12,0,1,0
0,0.0,0.85,1,13.002243,0,9,0,2,0
2,0.0,0.85,1,7.780245,0,9,0,0,0
1,5.0,0.7,6,11.202901,0,17,0,1,0
3,0.0,0.85,1,11.808256,1,11,0,1,0
1,5.0,0.82,2,11.879741,0,19,0,1,0
1,5.0,0.79,3,11.905339,0,13,0,0,0
1,5.0,0.79,3,13.791098,0,22,0,2,0
1,5.0,0.79,3,11.37593,0,11,0,1,0
2,0.0,0.85,1,10.813247,0,12,0,1,0
2,0.0,0.85,1,8.751761,0,12,0,0,0
1,5.0,0.76,4,11.201097,0,15,0,1,0
0,0.0,0.85,1,11.817452,0,18,0,1,0
1,5.0,0.7,6,12.325955,0,15,0,1,0
2,0.0,0.73,5,10.602656,0,13,1,2,0
3,0.0,0.88,0,12.483473,1,11,0,1,0
1,5.0,0.65,10,11.664282,0,4,1,0,0
1,5.0,0.82,2,11.327905,0,16,0,0,0
0,0.0,0.85,1,11.481756,0,11,0,1,0
3,0.0,0.85,1,10.824231,1,0,0,0,0
1,5.0,0.82,2,11.104931,0,16,1,1,0
1,5.0,0.76,4,12.975215,0,14,1,1,0
3,0.0,0.88,0,10.665334,1,16,0,1,0
1,5.0,0.79,3,9.666687,0,16,0,0,0
1,5.0,0.65,12,12.504751,0,10,0,1,0
0,0.0,0.85,1,12.257751,0,16,0,1,0
0,0.0,0.85,1,10.258632,0,20,0,2,0
1,5.0,0.76,4,9.762709,0,15,0,0,0
1,5.0,0.7,6,12.312619,0,17,1,1,0
3,0.0,0.88,0,12.697679,1,2,0,1,0
2,0.0,0.88,0,10.572287,0,16,0,1,0
0,0.0,0.85,1,10.543154,0,17,0,0,0
2,0.0,0.88,0,10.664731,0,16,1,1,0
3,0.0,0.85,1,12.638734,1,0,1,1,0
1,5.0,0.7,6,12.473928,0,15,0,1,0
2,0.0,0.85,1,11.32742,0,16,0,1,0
2,0.0,0.88,0,10.920155,0,12,1,1,0
1,5.0,0.67,7,13.496063,0,11,0,2,0
1,5.0,0.82,2,8.024748,0,20,0,3,0
3,0.0,0.88,0,11.441477,1,13,0,0,0
2,0.0,0.88,0,9.602573,0,10,0,1,0
1,5.0,0.79,3,10.645368,0,15,0,1,0
1,5.0,0.82,2,7.187476,0,16,0,0,0
1,5.0,0.82,2,7.274209,0,19,0,3,0
2,0.0,0.88,0,8.931418,0,14,0,0,0
0,0.0,0.85,1,10.884061,0,18,1,1,0
1,5.0,0.65,11,10.387409,0,15,1,3,0
2,0.0,0.85,1,9.181319,0,13,1,1,0
1,5.0,0.79,3,9.43727,0,19,0,0,0
1,5.0,0.79,3,13.078122,0,12,0,2,0
0,0.0,0.85,1,10.314112,0,10,1,2,0
0,0.0,0.85,1,9.669226,0,12,1,0,0
3,0.0,0.85,1,12.661876,1,4,0,0,0
1,5.0,0.73,5,11.122816,0,12,1,0,0
1,5.0,0.7,6,9.758084,0,11,1,0,0
2,0.0,0.88,0,12.26017,0,11,0,2,0
2,0.0,0.85,1,8.924723,0,20,0,0,0
2,0.0,0.88,0,10.687053,0,17,1,2,0
2,0.0,0.88,0,11.213275,0,18,1,2,0
0,0.0,0.85,1,11.05622,0,16,0,0,0
1,5.0,0.73,5,10.86822,0,12,0,0,0
1,5.0,0.82,2,12.470228,0,11,1,1,0
3,0.0,0.88,0,11.424945,1,1,0,0,0
2,0.0,0.85,1,11.411297,0,12,0,2,0
1,5.0,0.82,2,11.283098,0,18,1,1,0
1,5.0,0.73,5,11.45081,0,11,0,0,0
1,5.0,0.67,7,12.723292,0,9,0,2,0
1,5.0,0.79,3,11.646637,0,13,1,1,0
1,5.0,0.82,2,11.45348,0,19,0,1,0
2,0.0,0.88,0,8.276298,0,2,0,0,0
1,5.0,0.79,3,10.254346,0,14,0,0,0
0,0.0,0.85,1,10.930602,0,22,0,1,0
1,5.0,0.7,6,11.484001,0,13,1,0,0
2,0.0,0.88,0,10.12045,0,17,0,2,0
1,55.6,0.1746,5,13.713842,0,13,0,0,1
3,0.0,0.88,0,13.182218,1,19,0,1,0
2,0.0,0.85,1,9.212902,0,21,0,1,0
1,5.0,0.73,5,14.10021,0,12,0,2,0
1,5.0,0.82,2,6.980931,0,21,0,3,0
1,5.0,0.79,3,11.98311,0,9,1,1,0
3,0.0,0.85,1,13.173914,1,3,0,2,0
2,0.0,0.85,1,10.425091,0,10,0,1,0
1,5.0,0.76,4,10.550717,0,2,0,0,0
1,5.0,0.67,7,11.312045,0,0,1,1,0
1,5.0,0.79,3,11.203218,0,21,1,0,0
3,0.0,0.88,0,11.709548,1,22,0,0,0
1,5.0,0.7,6,12.983895,0,12,0,1,0
2,0.0,0.85,1,9.413119,0,13,0,0,0
2,0.0,0.85,1,8.495252,0,10,0,0,0
1,5.0,0.76,4,12.648866,0,16,1,1,0
2,0.0,0.88,0,11.243959,0,17,0,2,0
1,5.0,0.82,2,13.203448,0,1,0,1,0
2,0.0,0.88,0,7.040633,0,3,0,0,0
3,0.0,0.85,1,10.468569,1,23,0,1,0
0,0.0,0.85,1,12.498887,0,6,1,1,0
0,0.0,0.85,1,13.137863,0,15,0,2,0
0,0.0,0.85,1,11.424256,0,13,1,0,0
0,0.0,0.85,1,8.724793,0,22,0,0,0
1,5.0,0.79,3,8.782478,0,17,0,3,0
1,5.0,0.82,2,11.131948,0,19,0,1,0
1,5.0,0.73,5,12.221639,0,8,0,1,0
2,0.0,0.85,1,8.545919,0,14,0,0,0
1,5.0,0.82,2,11.334244,0,16,0,1,0
1,5.0,0.73,5,12.775782,0,9,1,1,0
3,0.0,0.85,1,13.532716,1,5,0,1,0
2,0.0,0.88,0,7.62349,0,16,0,2,0
1,5.0,0.79,3,10.004954,0,20,1,2,0
1,5.0,0.76,4,13.072565,0,12,0,1,0
1,5.0,0.82,2,10.08216,0,16,0,1,0
3,0.0,0.85,1,9.997394,1,0,1,3,0
0,0.0,0.88,0,8.304233,0,23,0,3,0
2,0.0,0.85,1,8.702264,0,2,0,0,0
3,0.0,0.88,0,13.204376,1,23,0,2,0
2,0.0,0.85,1,7.459431,0,12,1,3,0
1,5.0,0.82,2,12.044101,0,11,0,2,0
1,5.0,0.79,3,9.349697,0,13,0,0,0
3,0.0,0.85,1,11.09239,1,18,0,1,0
1,5.0,0.79,3,13.46706,0,10,1,2,0
1,5.0,0.82,2,12.231315,0,20,0,2,0
3,0.0,0.88,0,13.623963,1,21,0,2,0
1,5.0,0.79,3,12.85074,0,17,1,1,0
1,5.0,0.7,6,13.928658,0,17,0,2,0
1,5.0,0.73,5,13.986474,0,10,0,2,0
2,0.0,0.88,0,11.939459,0,14,0,2,0
2,0.0,0.76,4,7.549735,0,22,0,3,0
3,0.0,0.85,1,13.078445,1,22,1,1,0
1,5.0,0.7,6,9.417495,0,23,0,3,0
0,0.0,0.85,1,11.606814,0,13,1,0,0
1,63.2,0.2228,1,14.226698,0,3,0,1,1
2,0.0,0.85,1,8.875532,0,14,0,0,0
1,5.0,0.82,2,11.431384,0,6,0,1,0
1,5.0,0.76,4,11.900236,0,19,0,2,0
1,5.0,0.65,11,10.326574,0,20,0,0,0
1,5.0,0.73,5,11.696652,0,7,0,1,0
2,0.0,0.88,0,9.616529,0,14,1,0,0
3,0.0,0.85,1,10.646443,1,5,0,3,0
1,5.0,0.76,4,12.306161,0,14,1,1,0
3,0.0,0.85,1,13.971676,1,19,1,2,0
1,5.0,0.82,2,11.063489,0,15,0,1,0
1,5.0,0.73,5,9.256098,0,10,1,3,0
3,0.0,0.88,0,9.502741,1,2,0,0,0
1,5.0,0.82,2,11.220491,0,20,0,1,0
2,0.0,0.88,0,11.817126,0,18,0,2,0
2,0.0,0.85,1,11.228403,0,15,0,1,0
2,0.0,0.88,0,10.4266,0,11,1,1,0
1,5.0,0.82,2,11.949711,0,12,0,0,0
2,0.0,0.88,0,8.63538,0,18,1,1,0
3,0.0,0.85,1,13.008027,1,22,0,2,0
1,5.0,0.7,6,12.314013,0,16,0,1,0
2,0.0,0.85,1,7.94552,0,13,0,3,0
2,0.0,0.88,0,9.018571,0,12,0,1,0
1,5.0,0.82,2,10.243056,0,14,1,3,0
3,0.0,0.88,0,13.12997,1,9,0,1,0
3,0.0,0.85,1,12.146508,1,11,1,1,0
1,5.0,0.73,5,13.357754,0,20,0,2,0
2,0.0,0.88,0,11.422604,0,13,1,2,0
1,5.0,0.82,2,13.090684,0,6,0,2,0
1,5.0,0.67,7,8.149893,0,0,0,1,0
2,0.0,0.85,1,11.337433,0,17,0,1,0
2,0.0,0.85,1,6.833333,0,9,0,0,0
2,0.0,0.85,1,8.775675,0,13,1,0,0
2,0.0,0.88,0,11.010245,0,11,1,1,0
1,5.0,0.73,5,11.40921,0,13,0,0,0
0,41.7,0.0887,3,13.904863,0,14,0,0,1
0,0.0,0.85,1,12.285813,0,11,0,1,0
3,0.0,0.85,1,13.403982,1,3,0,2,0
3,0.0,0.85,1,13.363476,1,13,0,1,0
1,5.0,0.76,4,11.658109,0,14,0,0,0
2,0.0,0.88,0,7.942423,0,16,1,0,0
1,5.0,0.79,3,7.176683,0,19,1,0,0
1,5.0,0.7,6,12.361425,0,14,1,1,0
1,5.0,0.82,2,11.316649,0,20,0,1,0
1,5.0,0.79,3,10.965335,0,11,0,1,0
2,0.0,0.88,0,9.225084,0,8,0,0,0
2,0.0,0.88,0,7.61588,0,11,1,0,0
1,5.0,0.82,2,9.70169,0,11,0,1,0
2,0.0,0.88,0,7.188451,0,20,0,3,0
1,5.0,0.79,3,10.450704,0,2,0,0,0
2,0.0,0.85,1,11.511666,0,7,1,2,0
2,0.0,0.85,1,7.628124,0,17,0,3,0
2,0.0,0.85,1,10.880024,0,18,0,3,0
3,0.0,0.85,1,11.672091,1,0,0,0,0
1,5.0,0.73,5,12.584399,0,19,1,1,0
1,5.0,0.73,5,10.917437,0,9,0,0,0
2,0.0,0.88,0,7.262979,0,10,0,0,0
1,5.0,0.65,11,11.01351,0,15,0,0,0
1,5.0,0.79,3,11.42403,0,18,1,1,0
0,0.0,0.85,1,11.717497,0,20,0,1,0
1,5.0,0.79,3,11.407342,0,19,0,1,0
3,0.0,0.85,1,9.642471,1,3,0,2,0
1,5.0,0.65,9,9.390252,0,14,0,3,0
1,5.0,0.82,2,10.891364,0,16,0,1,0
3,0.0,0.88,0,13.698165,1,19,0,2,0
1,5.0,0.65,9,10.671467,0,22,0,0,0
1,5.0,0.79,3,9.10777,0,16,0,2,0
1,5.0,0.82,2,11.514236,0,16,0,1,0
2,0.0,0.88,0,9.273383,0,17,1,0,0
0,0.0,0.85,1,10.711868,0,2,0,2,0
2,0.0,0.73,5,9.391583,0,11,0,0,0
2,0.0,0.85,1,9.222452,0,16,1,0,0
3,0.0,0.76,4,12.445709,1,10,0,1,0
0,0.0,0.85,1,9.224464,0,11,0,0,0
3,0.0,0.88,0,10.88445,1,1,0,3,0
1,5.0,0.79,3,10.855934,0,10,0,2,0
1,5.0,0.82,2,10.354446,0,20,0,1,0
3,0.0,0.88,0,11.918557,1,19,0,1,0
3,0.0,0.88,0,12.706299,1,19,0,1,0
2,0.0,0.85,1,10.499825,0,16,0,1,0
1,5.0,0.76,4,12.874267,0,12,1,2,0
3,0.0,0.88,0,12.365029,1,2,1,2,0
2,0.0,0.88,0,10.562104,0,12,0,1,0
1,5.0,0.79,3,7.345087,0,19,0,0,0
2,0.0,0.85,1,8.721796,0,12,0,0,0
2,0.0,0.85,1,8.086309,0,17,1,3,0
0,0.0,0.85,1,9.7909,0,19,0,0,0
1,5.0,0.82,2,9.791385,0,18,1,1,0
2,0.0,0.88,0,11.192447,0,13,0,1,0
1,5.0,0.82,2,8.753405,0,21,1,1,0
2,0.0,0.85,1,8.194624,0,11,1,0,0
2,0.0,0.88,0,7.772508,0,7,0,1,0
3,0.0,0.85,1,11.492702,1,7,1,1,0
1,5.0,0.76,4,7.162994,0,13,0,0,0
1,5.0,0.79,3,10.124348,0,18,1,1,0
1,5.0,0.76,4,10.887932,0,10,0,0,0
1,5.0,0.79,3,7.877864,0,12,0,0,0
2,0.0,0.85,1,6.391984,0,11,0,3,0
1,5.0,0.73,5,12.990009,0,12,1,2,0
0,0.0,0.85,1,13.859413,0,17,0,2,0
3,0.0,0.88,0,12.890918,1,23,1,1,0
1,5.0,0.82,2,13.517958,0,10,0,2,0
2,0.0,0.88,0,10.941176,0,18,0,2,0
1,5.0,0.82,2,7.922732,0,10,1,2,0
2,0.0,0.85,1,10.8741,0,17,0,1,0
1,5.0,0.76,4,12.391544,0,7,1,2,0
0,72.3,0.0837,5,2.371178,0,12,1,2,1
2,0.0,0.88,0,11.35443,0,15,1,1,0
2,0.0,0.85,1,7.139034,0,16,1,0,0
1,5.0,0.82,2,11.549538,0,17,0,1,0
0,0.0,0.85,1,9.113582,0,20,0,3,0
1,5.0,0.79,3,7.734498,0,17,0,1,0
1,5.0,0.82,2,13.020259,0,20,0,1,0
1,5.0,0.82,2,7.798757,0,11,0,1,0
1,5.0,0.82,2,10.995506,0,20,0,1,0
2,0.0,0.85,1,9.202181,0,14,0,0,0
1,5.0,0.7,6,9.462727,0,13,0,3,0
1,5.0,0.7,6,6.860779,0,13,0,1,0
2,0.0,0.88,0,7.229034,0,11,0,0,0
1,5.0,0.82,2,11.715913,0,21,1,1,0
1,5.0,0.79,3,10.586928,0,3,0,1,0
1,5.0,0.79,3,9.920444,0,16,1,2,0
0,0.0,0.85,1,9.436349,0,19,0,0,0
1,5.0,0.67,7,12.026767,0,16,1,2,0
1,5.0,0.7,6,11.459113,0,18,0,1,0
1,5.0,0.73,5,13.342558,0,12,1,2,0
0,0.0,0.85,1,13.406034,0,0,0,2,0
3,0.0,0.85,1,12.346098,1,19,1,1,0
1,5.0,0.73,5,13.876069,0,23,0,2,0
1,5.0,0.76,4,12.394566,0,22,0,2,0
1,5.0,0.76,4,11.532827,0,18,0,1,0
0,0.0,0.85,1,11.527684,0,18,1,1,0
1,5.0,0.82,2,10.01776,0,3,1,0,0
2,0.0,0.88,0,8.269619,0,13,0,1,0
2,0.0,0.88,0,12.345706,0,11,1,2,0
2,0.0,0.85,1,8.705048,0,15,0,0,0
1,5.0,0.65,11,11.746994,0,14,0,2,0
1,5.0,0.82,2,7.167848,0,19,0,2,0
1,5.0,0.73,5,8.89709,0,12,0,0,0
3,0.0,0.85,1,12.489853,1,2,0,1,0
1,5.0,0.76,4,12.533651,0,11,0,1,0
0,0.0,0.85,1,11.112065,0,4,1,2,0
0,0.0,0.85,1,11.7275,0,22,0,1,0
1,5.0,0.79,3,10.952754,0,17,0,2,0
3,0.0,0.85,1,12.773688,1,16,0,1,0
1,5.0,0.65,12,12.751208,0,23,0,1,0
2,0.0,0.85,1,4.821007,0,18,0,3,0
3,0.0,0.88,0,12.25857,1,0,0,2,0
0,0.0,0.85,1,12.145308,0,11,0,2,0
3,0.0,0.88,0,13.465415,1,1,1,2,0
2,0.0,0.85,1,8.223388,0,7,0,0,0
3,0.0,0.88,0,13.142407,1,3,0,1,0
2,0.0,0.88,0,8.863121,0,22,1,1,0
1,5.0,0.82,2,10.027825,0,15,1,2,0
2,0.0,0.85,1,7.7907,0,17,1,0,0
1,5.0,0.73,5,13.154784,0,11,0,1,0
1,5.0,0.73,5,13.159507,0,13,0,2,0
1,5.0,0.65,12,7.422374,0,17,0,3,0
3,0.0,0.85,1,12.266322,1,1,0,1,0
3,0.0,0.88,0,10.616443,1,0,0,1,0
0,77.7,0.2315,1,3.673512,0,3,0,0,1
1,5.0,0.7,6,12.91274,0,10,0,2,0
0,0.0,0.85,1,12.51528,0,16,0,1,0
2,0.0,0.88,0,9.021817,0,17,1,0,0
2,0.0,0.85,1,9.924832,0,16,0,1,0
1,5.0,0.82,2,8.80026,0,5,0,2,0
2,0.0,0.88,0,8.753597,0,16,1,0,0
1,5.0,0.7,6,12.896554,0,9,0,1,0
2,0.0,0.85,1,7.796009,0,9,0,0,0
0,0.0,0.85,1,7.579929,0,7,0,2,0
0,73.1,0.2222,6,14.073146,0,14,0,0,1
0,0.0,0.85,1,8.402287,0,21,0,1,0
0,0.0,0.85,1,11.266352,0,21,1,1,0
1,5.0,0.76,4,11.059922,0,9,0,0,0
0,0.0,0.85,1,11.665716,0,23,0,0,0
1,5.0,0.79,3,9.36192,0,20,0,1,0
1,5.0,0.79,3,8.321239,0,11,1,2,0
2,0.0,0.88,0,8.724183,0,12,0,0,0
2,0.0,0.88,0,9.200828,0,13,0,0,0
3,0.0,0.88,0,8.121106,1,1,1,1,0
1,5.0,0.79,3,11.595987,0,13,1,0,0
0,0.0,0.85,1,11.337558,0,6,0,1,0
2,0.0,0.85,1,9.041322,0,13,0,0,0
2,0.0,0.88,0,9.098151,0,14,0,0,0
2,0.0,0.85,1,9.895313,0,11,0,1,0
1,5.0,0.82,2,9.260479,0,17,0,2,0
1,5.0,0.7,6,13.079182,0,10,0,2,0
1,5.0,0.82,2,13.107243,0,13,0,2,0
0,0.0,0.85,1,13.689424,0,1,0,2,0
3,0.0,0.88,0,12.606523,1,3,0,1,0
1,5.0,0.79,3,11.052441,0,13,0,0,0
0,0.0,0.85,1,11.44576,0,18,0,1,0
1,5.0,0.76,4,11.707202,0,9,1,0,0
1,5.0,0.7,6,13.003039,0,23,0,2,0
3,0.0,0.88,0,13.611021,1,13,0,2,0
0,0.0,0.85,1,10.955904,0,21,0,1,0
1,5.0,0.79,3,11.965134,0,19,0,1,0
1,5.0,0.76,4,10.778713,0,0,0,0,0
1,5.0,0.82,2,11.872044,0,18,1,1,0
0,0.0,0.85,1,12.817342,0,10,1,2,0
2,0.0,0.88,0,11.956973,0,13,1,2,0
3,0.0,0.85,1,10.578116,1,4,0,2,0
3,0.0,0.88,0,11.360966,1,2,1,1,0
2,0.0,0.88,0,10.990197,0,7,1,2,0
3,0.0,0.85,1,11.971196,1,18,0,1,0
1,5.0,0.7,6,10.784886,0,11,1,0,0
2,0.0,0.85,1,9.362251,0,13,1,0,0
1,5.0,0.79,3,11.128631,0,16,0,2,0
2,0.0,0.85,1,9.007518,0,12,0,0,0
1,5.0,0.82,2,11.163404,0,16,1,0,0
1,5.0,0.82,2,9.851224,0,17,0,0,0
1,5.0,0.82,2,8.38584,0,15,1,3,0
1,5.0,0.79,3,13.448777,0,10,0,2,0
1,5.0,0.82,2,10.711085,0,21,1,1,0
3,0.0,0.88,0,12.672266,1,2,0,1,0
1,5.0,0.82,2,11.266039,0,21,0,1,0
2,0.0,0.85,1,9.758026,0,10,1,1,0
2,0.0,0.88,0,12.334807,0,16,0,3,0
1,5.0,0.82,2,12.663227,0,14,1,2,0
1,5.0,0.73,5,5.591397,0,10,0,0,0
2,0.0,0.88,0,8.943881,0,9,0,0,0
3,0.0,0.85,1,12.76217,1,3,0,1,0
1,5.0,0.82,2,11.493503,0,14,0,1,0
0,0.0,0.85,1,9.444592,0,17,0,1,0
0,0.0,0.85,1,7.934728,0,19,0,0,0
1,5.0,0.79,3,7.420914,0,13,0,0,0
1,5.0,0.82,2,11.258046,0,9,0,1,0
1,5.0,0.76,4,11.643494,0,23,0,1,0
2,0.0,0.85,1,8.453075,0,15,1,0,0
1,5.0,0.76,4,13.017911,0,10,1,1,0
1,5.0,0.82,2,8.205511,0,19,0,3,0
2,0.0,0.88,0,9.41216,0,15,0,0,0
0,0.0,0.85,1,6.755792,0,1,0,0,0
0,0.0,0.85,1,7.060863,0,21,0,0,0
1,5.0,0.73,5,9.503616,0,18,0,1,0
0,0.0,0.85,1,12.689285,0,10,0,1,0
2,0.0,0.88,0,12.375577,0,14,0,2,0
2,0.0,0.88,0,10.818888,0,22,0,1,0
0,0.0,0.85,1,9.833929,0,12,0,0,0
1,5.0,0.82,2,9.303077,0,12,0,0,0
0,0.0,0.88,0,13.035665,0,3,0,1,0
2,0.0,0.85,1,8.878148,0,15,1,0,0
2,0.0,0.88,0,11.751714,0,12,0,2,0
2,0.0,0.88,0,9.481452,0,14,0,1,0
3,0.0,0.88,0,10.485693,1,23,1,3,0
1,5.0,0.7,6,11.185603,0,17,1,0,0
1,54.1,0.1702,1,13.773802,0,18,0,1,1
1,5.0,0.82,2,9.726022,0,18,0,1,0
1,5.0,0.82,2,11.141917,0,18,0,1,0
1,5.0,0.79,3,8.576422,0,18,0,0,0
2,0.0,0.88,0,8.073129,0,15,0,0,0
1,5.0,0.76,4,12.931171,0,15,0,2,0
0,0.0,0.85,1,12.290485,0,10,0,1,0
1,5.0,0.82,2,12.546982,0,3,0,2,0
2,0.0,0.88,0,8.167236,0,13,1,1,0
3,0.0,0.88,0,9.174813,1,11,0,3,0
1,5.0,0.79,3,13.618585,0,10,1,2,0
2,0.0,0.85,1,8.767552,0,15,0,0,0
2,0.0,0.88,0,7.386279,0,11,0,2,0
2,0.0,0.85,1,8.863385,0,17,0,0,0
1,5.0,0.73,5,9.759195,0,13,0,0,0
3,0.0,0.85,1,11.858064,1,21,0,0,0
2,0.0,0.88,0,6.096365,0,17,0,1,0
0,44.7,0.1229,15,13.660584,0,11,0,2,1
2,0.0,0.85,1,12.050328,0,14,1,2,0
0,0.0,0.85,1,13.69399,0,12,1,2,0
2,0.0,0.85,1,11.241036,0,11,1,1,0
2,0.0,0.85,1,11.549585,0,21,0,1,0
2,0.0,0.85,1,12.44421,0,17,0,2,0
1,5.0,0.82,2,11.049531,0,16,1,2,0
3,0.0,0.88,0,12.04133,1,11,1,1,0
2,0.0,0.85,1,8.936783,0,15,1,0,0
2,0.0,0.88,0,9.373002,0,6,0,0,0
1,5.0,0.79,3,11.126984,0,19,0,3,0
2,0.0,0.85,1,8.497554,0,11,1,0,0
0,0.0,0.85,1,9.433551,0,10,1,3,0
1,5.0,0.7,6,12.67354,0,10,0,2,0
2,0.0,0.88,0,11.360956,0,18,0,2,0
1,5.0,0.65,10,12.254711,0,17,0,1,0
1,5.0,0.82,2,12.055334,0,20,0,1,0
2,0.0,0.85,1,10.187214,0,16,0,1,0
2,0.0,0.85,1,5.829269,0,15,0,3,0
0,0.0,0.85,1,11.281987,0,14,0,1,0
0,0.0,0.85,1,10.313679,0,20,0,2,0
3,0.0,0.88,0,9.606455,1,2,1,1,0
0,0.0,0.85,1,11.250346,0,20,1,1,0
2,0.0,0.88,0,7.580945,0,12,1,0,0
3,0.0,0.88,0,12.739802,1,17,1,1,0
2,0.0,0.85,1,8.292569,0,15,1,0,0
1,5.0,0.76,4,13.744854,0,3,0,2,0
3,0.0,0.85,1,13.249158,1,15,0,2,0
1,5.0,0.65,12,11.785634,0,3,0,0,0
2,0.0,0.88,0,8.59026,0,8,0,0,0
1,5.0,0.73,5,10.699899,0,2,0,3,0
0,0.0,0.85,1,11.178625,0,18,0,1,0
1,5.0,0.79,3,10.171392,0,19,0,2,0
2,0.0,0.85,1,11.262318,0,17,1,2,0
1,5.0,0.82,2,12.453409,0,14,0,1,0
1,5.0,0.79,3,9.970014,0,14,0,0,0
0,0.0,0.85,1,11.410772,0,14,1,2,0
2,0.0,0.85,1,11.473537,0,10,0,2,0
1,5.0,0.82,2,13.51504,0,15,1,2,0
1,5.0,0.82,2,6.810319,0,14,0,3,0
1,5.0,0.79,3,11.110756,0,12,0,0,0
1,5.0,0.79,3,11.136087,0,23,1,0,0
1,5.0,0.79,3,11.491262,0,15,1,1,0
2,0.0,0.85,1,8.223716,0,9,1,0,0
1,5.0,0.82,2,8.269491,0,15,1,2,0
3,0.0,0.85,1,11.77292,1,2,1,0,0
1,5.0,0.65,10,12.612272,0,17,1,1,0
2,0.0,0.85,1,6.976889,0,9,0,3,0
0,0.0,0.85,1,11.284366,0,15,0,1,0
3,0.0,0.88,0,12.376824,1,1,1,1,0
1,5.0,0.79,3,10.705655,0,21,0,2,0
1,5.0,0.82,2,13.804929,0,2,0,2,0
2,0.0,0.85,1,10.499905,0,11,0,2,0
1,5.0,0.73,5,13.167023,0,15,0,1,0
0,0.0,0.85,1,11.057734,0,10,0,3,0
1,5.0,0.7,6,8.683253,0,21,0,3,0
0,0.0,0.85,1,9.638567,0,20,0,2,0
3,0.0,0.88,0,9.814655,1,1,0,3,0
2,0.0,0.88,0,12.06082,0,12,1,1,0
0,0.0,0.85,1,11.854953,0,1,0,1,0
1,5.0,0.79,3,12.687603,0,11,1,2,0
2,0.0,0.85,1,11.150208,0,11,0,1,0
1,5.0,0.73,5,11.192508,0,11,1,0,0
1,5.0,0.82,2,12.51558,0,19,0,1,0
2,0.0,0.85,1,10.830459,0,12,0,1,0
3,0.0,0.85,1,13.221387,1,12,1,1,0
1,5.0,0.82,2,11.087232,0,22,0,1,0
3,0.0,0.85,1,9.155502,1,21,0,3,0
1,5.0,0.82,2,10.74869,0,12,1,0,0
1,5.0,0.7,6,11.046013,0,13,1,1,0
2,0.0,0.88,0,7.728482,0,22,0,0,0
3,0.0,0.88,0,13.000076,1,23,0,2,0
1,5.0,0.73,5,11.144958,0,14,0,0,0
2,0.0,0.85,1,9.575919,0,16,0,2,0
1,5.0,0.79,3,12.99813,0,19,1,2,0
1,5.0,0.7,6,10.840173,0,11,1,2,0
0,0.0,0.88,0,9.277806,0,19,0,0,0
1,5.0,0.82,2,11.357714,0,11,0,2,0
2,0.0,0.85,1,11.108471,0,12,0,1,0
2,0.0,0.85,1,10.307369,0,15,0,2,0
2,0.0,0.85,1,11.393707,0,16,1,2,0
2,0.0,0.85,1,11.95259,0,18,0,2,0
1,5.0,0.82,2,11.012349,0,19,1,1,0
2,0.0,0.88,0,13.316897,0,4,0,3,0
3,0.0,0.85,1,12.910829,1,6,0,1,0
2,0.0,0.88,0,9.82366,0,14,0,2,0
1,5.0,0.82,2,11.227959,0,17,1,1,0
2,0.0,0.85,1,10.641273,0,14,0,2,0
2,0.0,0.85,1,10.514725,0,16,0,2,0
1,5.0,0.65,10,10.995216,0,21,0,0,0
1,5.0,0.82,2,9.177283,0,11,0,3,0
1,5.0,0.79,3,11.507962,0,0,1,0,0
1,5.0,0.79,3,12.335927,0,8,0,1,0
3,0.0,0.76,4,12.781032,1,11,0,1,0
2,0.0,0.85,1,9.445095,0,16,0,0,0
2,0.0,0.85,1,10.890759,0,13,1,1,0
1,5.0,0.82,2,8.965626,0,20,0,0,0
2,0.0,0.85,1,9.743137,0,15,0,0,0
0,0.0,0.85,1,12.095192,0,19,0,1,0
1,5.0,0.7,6,11.896886,0,9,0,1,0
1,5.0,0.7,6,10.162811,0,1,0,0,0
1,5.0,0.79,3,11.02753,0,12,0,0,0
2,0.0,0.85,1,10.359809,0,17,0,2,0
1,5.0,0.76,4,13.563216,0,20,0,2,0
1,5.0,0.7,6,13.005714,0,6,0,1,0
1,5.0,0.79,3,12.310333,0,23,1,2,0
1,5.0,0.7,6,13.112641,0,14,0,3,0
1,5.0,0.82,2,10.678656,0,18,0,0,0
1,5.0,0.65,10,13.123474,0,12,0,1,0
1,5.0,0.65,11,9.851571,0,12,0,3,0
0,0.0,0.85,1,11.441148,0,21,0,1,0
1,5.0,0.65,8,9.71639,0,22,0,0,0
1,5.0,0.79,3,9.248021,0,13,1,0,0
0,0.0,0.85,1,10.000323,0,14,0,0,0
1,5.0,0.79,3,12.613706,0,13,0,2,0
1,5.0,0.82,2,8.94897,0,9,0,1,0
3,0.0,0.88,0,11.394254,1,0,0,0,0
1,5.0,0.7,6,11.261992,0,14,1,0,0
1,5.0,0.82,2,7.893404,0,18,1,0,0
2,0.0,0.88,0,8.09569,0,12,0,3,0
2,0.0,0.88,0,9.006504,0,15,0,0,0
0,65.4,0.1323,2,12.282472,0,1,0,1,1
2,0.0,0.88,0,10.751542,0,13,0,1,0
1,5.0,0.65,11,9.922246,0,12,0,2,0
1,5.0,0.65,11,11.248588,0,13,0,0,0
2,0.0,0.88,0,9.337886,0,12,0,0,0
3,0.0,0.88,0,10.174041,1,0,0,0,0
2,0.0,0.85,1,7.47056,0,12,0,3,0
1,5.0,0.82,2,11.334076,0,11,0,1,0
2,0.0,0.85,1,8.003654,0,13,0,0,0
2,0.0,0.88,0,6.554645,0,20,0,0,0
1,5.0,0.73,5,12.660411,0,14,0,1,0
1,5.0,0.76,4,10.029632,0,14,0,0,0
1,5.0,0.73,5,11.201607,0,2,0,0,0
1,5.0,0.82,2,9.445993,0,19,1,0,0
1,5.0,0.65,12,13.600455,0,10,0,2,0
0,0.0,0.85,1,10.65202,0,12,0,2,0
1,5.0,0.7,6,13.648892,0,15,0,2,0
1,5.0,0.76,4,13.324048,0,10,1,2,0
0,0.0,0.85,1,8.853614,0,23,1,3,0
1,5.0,0.82,2,11.192366,0,19,0,1,0
2,0.0,0.85,1,10.732319,0,17,1,1,0
0,0.0,0.85,1,9.44285,0,10,0,1,0
1,5.0,0.7,6,10.598888,0,16,0,0,0
0,0.0,0.85,1,13.943404,0,14,0,2,0
3,0.0,0.88,0,11.303393,1,1,1,1,0
1,5.0,0.82,2,9.338568,0,19,0,0,0
3,0.0,0.85,1,11.724971,1,2,0,1,0
3,0.0,0.85,1,12.453354,1,22,0,1,0
2,0.0,0.88,0,11.252434,0,12,0,1,0
1,5.0,0.82,2,9.496879,0,16,0,3,0
1,5.0,0.73,5,13.994172,0,12,1,2,0
2,0.0,0.88,0,9.587157,0,12,0,0,0
2,0.0,0.88,0,8.097314,0,14,0,0,0
2,0.0,0.85,1,11.813945,0,16,0,2,0
1,5.0,0.79,3,8.994699,0,18,1,3,0
2,0.0,0.88,0,11.108228,0,13,1,1,0
1,5.0,0.82,2,11.235785,0,14,0,1,0
3,0.0,0.85,1,10.052035,1,3,0,0,0
1,5.0,0.79,3,10.32002,0,19,0,0,0
1,5.0,0.76,4,10.813431,0,15,0,0,0
0,0.0,0.85,1,10.193403,0,21,1,1,0
2,0.0,0.88,0,11.821922,0,13,0,2,0
2,0.0,0.88,0,8.058311,0,11,0,3,0
1,5.0,0.65,9,11.438115,0,10,1,2,0
1,5.0,0.65,12,13.208201,0,11,0,2,0
2,0.0,0.88,0,9.219948,0,17,0,0,0
2,0.0,0.85,1,7.6295,0,12,0,0,0
0,0.0,0.85,1,11.578743,0,13,0,0,0
2,0.0,0.88,0,10.611173,0,14,1,1,0
1,5.0,0.7,6,13.00056,0,1,1,2,0
0,0.0,0.85,1,11.13993,0,21,1,1,0
3,0.0,0.85,1,12.278746,1,16,0,1,0
2,0.0,0.85,1,10.961982,0,12,0,2,0
3,0.0,0.85,1,12.025038,1,2,1,2,0
0,0.0,0.85,1,10.663631,0,18,1,1,0
1,79.4,0.0654,1,13.844566,0,17,0,0,1
1,5.0,0.73,5,9.454633,0,11,0,3,0
2,0.0,0.85,1,10.938211,0,9,0,2,0
0,0.0,0.85,1,11.249745,0,18,0,1,0
2,0.0,0.88,0,11.29638,0,14,0,2,0
3,0.0,0.88,0,12.040881,1,16,0,2,0
1,5.0,0.76,4,9.094001,0,17,0,3,0
0,0.0,0.85,1,7.961457,0,20,0,3,0
0,0.0,0.85,1,13.256269,0,0,0,1,0
1,5.0,0.82,2,10.981713,0,15,0,0,0
2,0.0,0.85,1,10.920568,0,11,0,1,0
0,0.0,0.85,1,11.332957,0,18,0,1,0
1,5.0,0.79,3,8.041851,0,14,1,1,0
2,0.0,0.88,0,11.173252,0,13,1,1,0
1,5.0,0.79,3,13.005388,0,14,0,1,0
1,5.0,0.7,6,12.85683,0,15,0,1,0
2,0.0,0.85,1,8.492212,0,3,0,0,0
1,5.0,0.79,3,11.984671,0,15,0,1,0
0,0.0,0.85,1,11.59588,0,19,0,1,0
1,5.0,0.73,5,9.31527,0,12,1,3,0
0,0.0,0.85,1,8.246077,0,15,0,3,0
1,5.0,0.79,3,12.109297,0,19,0,1,0
1,5.0,0.82,2,12.135593,0,19,0,1,0
1,5.0,0.73,5,10.315587,0,21,1,0,0
2,0.0,0.88,0,9.251325,0,13,0,0,0
1,5.0,0.7,6,11.52683,0,10,0,0,0
1,5.0,0.79,3,10.397711,0,23,0,0,0
0,0.0,0.85,1,9.347216,0,14,1,0,0
0,0.0,0.85,1,11.790979,0,12,0,1,0
2,0.0,0.85,1,10.749632,0,15,1,1,0
1,5.0,0.79,3,13.338113,0,23,1,2,0
2,0.0,0.88,0,8.158173,0,16,0,3,0
1,5.0,0.65,12,12.551853,0,13,1,1,0
1,5.0,0.7,6,12.845637,0,15,0,1,0
1,5.0,0.82,2,11.869988,0,14,0,1,0
2,0.0,0.88,0,9.677315,0,10,1,0,0
3,0.0,0.88,0,12.39425,1,16,1,1,0
2,0.0,0.88,0,10.724486,0,18,1,1,0
1,5.0,0.65,11,9.122253,0,0,1,0,0
0,0.0,0.85,1,9.320908,0,14,0,3,0
1,5.0,0.65,11,10.597306,0,15,0,2,0
1,5.0,0.76,4,8.915075,0,15,0,0,0
2,0.0,0.85,1,10.744466,0,10,0,0,0
2,0.0,0.85,1,10.952351,0,16,1,1,0
1,5.0,0.65,9,8.095596,0,14,0,0,0
3,0.0,0.88,0,11.419062,1,1,1,0,0
1,5.0,0.82,2,13.281785,0,19,0,2,0
1,5.0,0.82,2,11.938753,0,16,0,1,0
2,0.0,0.88,0,9.747758,0,11,0,0,0
1,5.0,0.76,4,11.535285,0,11,0,1,0
1,64.9,0.157,0,11.866386,0,1,1,2,1
2,0.0,0.85,1,8.948167,0,17,0,0,0
2,0.0,0.85,1,8.660594,0,15,1,0,0
2,0.0,0.88,0,7.717529,0,12,0,3,0
2,0.0,0.88,0,11.00812,0,15,0,1,0
1,5.0,0.79,3,7.827695,0,21,1,3,0
1,5.0,0.79,3,9.668626,0,15,0,0,0
0,0.0,0.85,1,8.445478,0,13,1,1,0
1,5.0,0.82,2,11.262628,0,20,0,1,0
1,5.0,0.7,6,12.880572,0,12,1,2,0
2,0.0,0.88,0,9.422767,0,13,0,0,0
0,0.0,0.85,1,11.22381,0,15,1,0,0
1,5.0,0.82,2,10.249827,0,6,0,2,0
1,5.0,0.79,3,11.132394,0,15,0,1,0
2,0.0,0.85,1,8.036185,0,18,0,0,0
2,0.0,0.88,0,7.78027,0,13,0,3,0
1,5.0,0.79,3,10.14097,0,22,0,1,0
1,5.0,0.76,4,13.255756,0,3,0,1,0
1,5.0,0.82,2,10.381146,0,19,0,2,0
0,0.0,0.85,1,10.10366,0,2,1,3,0
2,0.0,0.88,0,9.265695,0,17,1,0,0
1,5.0,0.76,4,13.680101,0,10,1,2,0
2,0.0,0.88,0,11.00619,0,15,0,1,0
3,0.0,0.85,1,13.36429,1,21,0,2,0
1,5.0,0.82,2,8.335271,0,10,0,3,0
1,5.0,0.79,3,11.334251,0,17,1,1,0
1,5.0,0.76,4,10.443831,0,0,0,2,0
2,0.0,0.88,0,9.076567,0,14,0,0,0
1,5.0,0.82,2,11.641299,0,11,1,1,0
0,0.0,0.85,1,8.418312,0,22,0,3,0
1,5.0,0.82,2,8.683241,0,10,0,3,0
2,0.0,0.85,1,10.220947,0,16,0,1,0
3,0.0,0.88,0,12.261534,1,5,1,1,0
2,0.0,0.88,0,10.672031,0,16,0,1,0
1,5.0,0.79,3,9.570668,0,13,0,2,0
1,5.0,0.82,2,10.396347,0,15,0,2,0
1,5.0,0.73,5,9.896486,0,15,0,3,0
1,5.0,0.73,5,10.770208,0,15,1,0,0
1,5.0,0.76,4,10.913665,0,14,1,0,0
1,5.0,0.76,4,11.551975,0,5,1,0,0
2,0.0,0.85,1,5.420314,0,17,0,3,0
2,0.0,0.88,0,8.947755,0,10,1,1,0
3,0.0,0.85,1,12.109428,1,18,0,1,0
1,5.0,0.82,2,9.416341,0,18,0,0,0
1,5.0,0.82,2,11.344106,0,17,0,0,0
1,5.0,0.82,2,11.635498,0,14,0,1,0
0,0.0,0.88,0,12.598925,0,10,0,1,0
2,0.0,0.85,1,8.641349,0,14,0,1,0
0,0.0,0.85,1,10.994502,0,21,1,1,0
0,0.0,0.85,1,13.206314,0,15,0,2,0
0,0.0,0.88,0,9.447093,0,21,0,0,0
1,5.0,0.82,2,11.326324,0,19,0,1,0
1,5.0,0.76,4,13.556309,0,12,0,2,0
1,5.0,0.7,6,11.508862,0,15,0,0,0
1,5.0,0.82,2,11.796167,0,17,0,1,0
1,5.0,0.82,2,10.636972,0,20,0,0,0
1,5.0,0.82,2,9.295154,0,12,1,1,0
2,0.0,0.85,1,8.625639,0,19,0,0,0
2,0.0,0.88,0,11.530707,0,18,0,1,0
1,5.0,0.79,3,10.228696,0,12,0,0,0
1,5.0,0.7,6,12.471232,0,13,1,1,0
1,5.0,0.7,6,12.49739,0,13,0,1,0
0,0.0,0.85,1,10.425897,0,18,0,1,0
1,5.0,0.73,5,12.257017,0,22,0,1,0
1,77.4,0.2187,6,9.318169,0,1,0,0,1
0,0.0,0.85,1,11.267089,0,10,1,1,0
2,0.0,0.85,1,8.332087,0,16,0,0,0
1,5.0,0.65,11,12.121229,0,13,0,1,0
2,0.0,0.85,1,11.257852,0,15,1,1,0
1,5.0,0.65,10,11.866118,0,12,0,1,0
3,0.0,0.88,0,12.818349,1,12,0,1,0
1,5.0,0.7,6,9.832755,0,14,0,0,0
2,0.0,0.88,0,9.593157,0,18,0,1,0
1,5.0,0.82,2,8.524836,0,13,0,1,0
1,5.0,0.82,2,12.539469,0,9,0,1,0
1,5.0,0.82,2,8.500071,0,20,0,3,0
3,0.0,0.85,1,11.900124,1,20,0,1,0
1,5.0,0.79,3,12.787557,0,11,0,2,0
2,0.0,0.88,0,11.103742,0,1,0,1,0
3,0.0,0.85,1,10.727856,1,1,0,3,0
1,5.0,0.82,2,11.941212,0,21,1,1,0
3,0.0,0.88,0,12.632655,1,20,0,1,0
1,5.0,0.76,4,8.568705,0,18,0,0,0
1,5.0,0.82,2,10.864399,0,15,0,2,0
1,5.0,0.82,2,11.400247,0,14,1,0,0
1,5.0,0.73,5,8.022962,0,11,0,2,0
1,5.0,0.82,2,12.445715,0,11,0,1,0
0,0.0,0.85,1,12.030785,0,21,1,1,0
1,5.0,0.73,5,11.76511,0,0,0,0,0
1,5.0,0.7,6,11.846817,0,14,1,0,0
2,0.0,0.85,1,7.900729,0,17,0,0,0
1,5.0,0.82,2,12.695966,0,10,1,2,0
2,0.0,0.85,1,9.126207,0,17,1,0,0
2,0.0,0.88,0,11.988928,0,12,0,2,0
2,0.0,0.85,1,8.857599,0,18,0,0,0
1,5.0,0.82,2,8.33708,0,10,1,0,0
1,5.0,0.76,4,12.158283,0,10,0,1,0
0,0.0,0.85,1,10.783151,0,13,0,1,0
1,5.0,0.73,5,10.528788,0,12,0,0,0
2,0.0,0.85,1,11.175837,0,12,0,2,0
0,0.0,0.85,1,13.360382,0,3,0,2,0
1,5.0,0.65,9,13.109331,0,11,0,2,0
1,5.0,0.82,2,8.673407,0,11,0,1,0
1,5.0,0.65,12,9.254496,0,12,0,3,0
1,5.0,0.76,4,13.866152,0,3,0,2,0
3,0.0,0.85,1,13.07423,1,10,1,1,0
1,5.0,0.7,6,10.193851,0,22,0,3,0
1,5.0,0.79,3,10.432354,0,14,0,1,0
1,5.0,0.79,3,8.609676,0,16,0,1,0
1,5.0,0.82,2,13.613552,0,23,0,2,0
1,5.0,0.76,4,10.25047,0,1,1,2,0
1,5.0,0.76,4,11.712624,0,5,0,1,0
2,0.0,0.88,0,8.326468,0,10,0,0,0
2,0.0,0.85,1,11.414442,0,11,1,2,0
1,5.0,0.82,2,8.909839,0,14,0,2,0
1,5.0,0.73,5,13.032237,0,11,0,1,0
2,0.0,0.85,1,9.294744,0,17,1,1,0
2,0.0,0.88,0,7.774957,0,17,1,0,0
1,5.0,0.82,2,7.285719,0,19,0,0,0
1,5.0,0.79,3,9.824884,0,13,1,0,0
0,0.0,0.85,1,9.927057,0,19,0,1,0
2,0.0,0.85,1,13.15707,0,20,0,0,0
2,0.0,0.88,0,10.199566,0,8,0,1,0
1,5.0,0.82,2,10.906183,0,15,0,1,0
0,0.0,0.85,1,10.925557,0,7,1,1,0
1,40.9,0.1542,1,13.385141,0,19,0,1,1
1,5.0,0.76,4,10.172762,0,19,0,3,0
2,0.0,0.88,0,8.491297,0,12,0,0,0
3,0.0,0.85,1,12.511855,1,5,1,2,0
2,0.0,0.85,1,4.813322,0,8,1,0,0
1,5.0,0.7,6,10.435419,0,12,0,1,0
3,0.0,0.85,1,8.150583,1,1,0,3,0
1,5.0,0.82,2,11.275238,0,12,1,1,0
1,5.0,0.82,2,11.587801,0,13,0,1,0
2,0.0,0.88,0,9.207464,0,19,0,0,0
1,5.0,0.7,6,11.375693,0,13,0,0,0
1,5.0,0.82,2,9.06156,0,18,0,3,0
2,0.0,0.85,1,12.587646,0,11,0,2,0
3,0.0,0.88,0,13.297838,1,14,0,2,0
2,0.0,0.88,0,9.228904,0,10,0,0,0
3,0.0,0.85,1,12.489376,1,10,0,1,0
1,5.0,0.7,6,9.836187,0,12,0,3,0
3,0.0,0.85,1,12.791661,1,11,0,1,0
3,0.0,0.85,1,12.062141,1,1,0,0,0
1,5.0,0.7,6,10.380679,0,13,0,0,0
3,0.0,0.85,1,11.038263,1,22,0,0,0
2,0.0,0.88,0,9.395299,0,13,1,1,0
1,5.0,0.76,4,11.202833,0,16,0,0,0
2,0.0,0.85,1,9.231304,0,21,0,0,0
0,0.0,0.85,1,11.161245,0,3,0,1,0
2,0.0,0.82,2,9.667137,0,19,0,0,0
1,5.0,0.79,3,13.870571,0,12,0,2,0
1,5.0,0.79,3,10.559869,0,11,0,2,0
1,5.0,0.76,4,8.957683,0,1,0,1,0
2,0.0,0.88,0,8.528135,0,10,0,0,0
2,0.0,0.85,1,9.770056,0,4,0,1,0
1,5.0,0.79,3,11.871031,0,18,1,1,0
2,0.0,0.85,1,6.261415,0,9,0,3,0
1,5.0,0.76,4,9.471088,0,13,0,1,0
3,0.0,0.85,1,10.361715,1,22,0,0,0
1,5.0,0.82,2,11.531078,0,11,1,0,0
1,5.0,0.82,2,10.39727,0,13,1,1,0
1,5.0,0.73,5,13.750242,0,0,0,2,0
0,0.0,0.88,0,7.840738,0,14,1,3,0
0,0.0,0.85,1,10.827175,0,11,0,1,0
0,0.0,0.85,1,11.684985,0,11,0,1,0
1,5.0,0.79,3,12.924352,0,13,0,1,0
2,0.0,0.85,1,6.819132,0,10,1,0,0
1,5.0,0.82,2,11.597848,0,0,1,0,0
2,0.0,0.88,0,12.508981,0,0,0,2,0
1,5.0,0.82,2,11.07448,0,16,0,0,0
1,5.0,0.82,2,10.10697,0,19,0,2,0
1,5.0,0.82,2,13.359241,0,8,1,2,0
2,0.0,0.88,0,12.25818,0,17,1,2,0
3,0.0,0.88,0,13.176597,1,12,1,1,0
1,5.0,0.82,2,7.646822,0,11,0,3,0
1,5.0,0.73,5,13.570676,0,14,0,2,0
2,0.0,0.88,0,9.634345,0,5,0,1,0
1,5.0,0.79,3,13.463928,0,1,1,2,0
2,0.0,0.88,0,6.364441,0,16,1,0,0
1,5.0,0.73,5,11.302134,0,14,0,0,0
1,5.0,0.82,2,7.303157,0,15,1,0,0
3,0.0,0.88,0,12.074871,1,22,0,1,0
2,0.0,0.85,1,11.124673,0,14,0,1,0
1,5.0,0.79,3,12.75797,0,12,1,1,0
3,0.0,0.85,1,12.01006,1,3,0,0,0
0,0.0,0.85,1,11.931526,0,23,0,1,0
2,0.0,0.85,1,10.629387,0,13,0,1,0
3,0.0,0.85,1,11.629867,1,19,0,2,0
1,5.0,0.82,2,11.222437,0,19,1,0,0
2,0.0,0.85,1,7.757675,0,10,1,3,0
1,5.0,0.79,3,6.678443,0,16,0,3,0
1,5.0,0.82,2,10.84781,0,8,0,2,0
2,0.0,0.85,1,9.194998,0,12,0,0,0
2,0.0,0.85,1,8.527272,0,14,1,3,0
2,0.0,0.88,0,8.528685,0,15,0,0,0
2,0.0,0.85,1,8.573417,0,18,1,0,0
1,5.0,0.79,3,13.209292,0,16,0,1,0
1,5.0,0.7,6,10.922273,0,10,1,0,0
0,0.0,0.85,1,11.982914,0,14,0,1,0
1,5.0,0.76,4,10.161428,0,5,0,0,0
0,0.0,0.85,1,11.071277,0,9,0,0,0
1,5.0,0.79,3,9.619823,0,22,0,0,0
2,0.0,0.85,1,9.228328,0,13,0,3,0
1,5.0,0.79,3,11.025401,0,11,0,0,0
0,0.0,0.85,1,10.868787,0,17,0,1,0
0,0.0,0.85,1,8.793066,0,13,0,0,0
2,0.0,0.88,0,8.99608,0,9,0,0,0
0,0.0,0.85,1,9.630541,0,18,0,0,0
0,0.0,0.85,1,11.762832,0,11,0,0,0
1,5.0,0.65,10,9.846275,0,11,0,3,0
0,0.0,0.85,1,10.004267,0,12,0,2,0
2,0.0,0.88,0,7.01134,0,19,0,1,0
1,5.0,0.73,5,11.280339,0,12,0,0,0
1,5.0,0.79,3,10.33247,0,13,0,1,0
2,0.0,0.88,0,11.499961,0,9,0,1,0
1,5.0,0.73,5,11.996275,0,21,0,2,0
2,0.0,0.85,1,10.380701,0,15,0,1,0
0,0.0,0.85,1,12.565012,0,14,1,2,0
3,0.0,0.85,1,11.921369,1,3,0,1,0
3,0.0,0.85,1,10.694283,1,23,0,3,0
1,5.0,0.76,4,10.729801,0,13,1,0,0
0,0.0,0.85,1,11.461379,0,16,1,1,0
1,5.0,0.79,3,12.185307,0,19,0,1,0
1,5.0,0.79,3,9.772222,0,19,0,0,0
2,0.0,0.76,4,9.878998,0,11,0,1,0
1,5.0,0.7,6,11.568028,0,18,1,1,0
2,0.0,0.88,0,8.722852,0,17,0,0,0
1,5.0,0.82,2,10.072614,0,12,1,1,0
1,5.0,0.82,2,11.172892,0,15,0,1,0
1,5.0,0.79,3,11.13534,0,11,0,0,0
1,5.0,0.79,3,10.211274,0,11,0,0,0
1,5.0,0.76,4,11.641317,0,23,1,0,0
1,5.0,0.65,9,10.942203,0,12,0,1,0
0,0.0,0.88,0,10.435313,0,19,0,0,0
3,0.0,0.85,1,12.08483,1,14,0,0,0
1,5.0,0.7,6,8.852159,0,23,1,0,0
1,5.0,0.73,5,11.3201,0,12,0,1,0
1,5.0,0.76,4,14.034723,0,10,0,2,0
0,0.0,0.85,1,10.170371,0,18,0,3,0
0,0.0,0.85,1,9.463787,0,12,0,3,0
1,5.0,0.82,2,13.633545,0,12,0,2,0
2,0.0,0.88,0,9.28536,0,8,1,0,0
3,0.0,0.85,1,11.969967,1,14,0,0,0
0,0.0,0.85,1,13.774145,0,23,0,2,0
1,5.0,0.82,2,11.946295,0,13,0,1,0
2,0.0,0.88,0,8.222801,0,23,0,0,0
1,5.0,0.82,2,12.093363,0,9,1,2,0
1,5.0,0.82,2,9.96627,0,12,0,1,0
0,55.0,0.0505,1,11.885847,0,1,1,2,1
3,0.0,0.85,1,12.516829,1,0,0,1,0
1,5.0,0.79,3,13.698085,0,23,0,2,0
2,0.0,0.88,0,9.342897,0,10,0,0,0
3,0.0,0.88,0,12.282092,1,11,1,1,0
2,0.0,0.85,1,7.6828,0,18,1,0,0
1,5.0,0.73,5,13.047343,0,14,0,1,0
2,0.0,0.85,1,5.733568,0,15,1,0,0
2,0.0,0.85,1,7.987674,0,10,0,0,0
3,0.0,0.85,1,10.650494,1,3,0,1,0
2,0.0,0.85,1,9.665574,0,12,1,0,0
2,0.0,0.88,0,8.790242,0,18,0,0,0
2,0.0,0.85,1,9.352011,0,10,0,1,0
2,0.0,0.85,1,9.232216,0,18,0,0,0
0,0.0,0.85,1,14.354091,0,15,0,2,0
1,5.0,0.65,11,6.831954,0,20,0,3,0
3,0.0,0.85,1,12.870084,1,1,1,1,0
0,59.4,0.0548,3,13.892217,0,14,0,1,1
0,0.0,0.88,0,9.790994,0,11,0,1,0
1,5.0,0.79,3,8.345159,0,12,1,0,0
3,0.0,0.88,0,13.689868,1,7,1,2,0
2,0.0,0.85,1,7.431389,0,11,0,3,0
0,0.0,0.88,0,13.201286,0,15,1,2,0
0,0.0,0.85,1,10.738218,0,12,0,0,0
0,0.0,0.85,1,9.271051,0,20,1,0,0
2,0.0,0.85,1,6.104213,0,13,1,3,0
1,5.0,0.76,4,10.453706,0,10,0,0,0
0,0.0,0.85,1,10.309141,0,11,0,0,0
2,0.0,0.7,6,10.920199,0,17,0,1,0
2,0.0,0.88,0,13.405296,0,19,1,1,0
1,5.0,0.82,2,12.743092,0,22,0,1,0
2,0.0,0.88,0,12.037533,0,21,1,3,0
2,0.0,0.85,1,11.519488,0,17,0,0,0
1,5.0,0.67,7,13.617394,0,11,0,2,0
1,5.0,0.67,7,10.271085,0,16,1,3,0
1,5.0,0.73,5,11.720202,0,14,0,1,0
1,5.0,0.79,3,11.185341,0,1,0,0,0
0,0.0,0.85,1,13.577143,0,11,0,2,0
2,0.0,0.85,1,11.301566,0,19,0,2,0
2,0.0,0.88,0,7.833121,0,12,0,1,0
3,0.0,0.88,0,12.154944,1,1,0,0,0
1,5.0,0.82,2,11.994734,0,11,1,1,0
0,0.0,0.85,1,10.400071,0,11,0,0,0
1,5.0,0.73,5,11.768573,0,14,0,0,0
2,0.0,0.88,0,9.100723,0,11,1,0,0
2,0.0,0.85,1,9.362533,0,13,0,0,0
1,5.0,0.82,2,11.308453,0,16,1,1,0
0,0.0,0.85,1,11.143869,0,18,0,0,0
1,5.0,0.76,4,10.02839,0,11,1,0,0
2,0.0,0.85,1,10.2573,0,13,0,2,0
0,0.0,0.85,1,12.213363,0,11,1,1,0
1,5.0,0.82,2,13.527062,0,0,0,2,0
0,0.0,0.85,1,11.423014,0,12,0,1,0
1,5.0,0.76,4,13.171217,0,13,0,1,0
2,0.0,0.88,0,11.903636,0,11,1,2,0
2,0.0,0.88,0,9.317041,0,11,0,0,0
1,5.0,0.65,10,13.393682,0,9,0,2,0
1,5.0,0.82,2,10.792516,0,14,0,0,0
1,5.0,0.79,3,10.296032,0,20,0,1,0
1,5.0,0.73,5,10.620101,0,13,0,0,0
2,0.0,0.85,1,11.108711,0,8,0,2,0
1,5.0,0.79,3,7.997495,0,13,0,3,0
1,5.0,0.65,11,9.247279,0,11,1,0,0
1,5.0,0.79,3,11.600842,0,12,0,0,0
2,0.0,0.88,0,11.364479,0,16,0,0,0
1,5.0,0.79,3,8.964426,0,11,1,2,0
1,5.0,0.67,7,11.259935,0,9,0,0,0
1,5.0,0.7,6,10.925786,0,18,1,2,0
1,5.0,0.82,2,5.99431,0,20,0,0,0
3,0.0,0.85,1,10.375756,1,21,0,1,0
1,5.0,0.7,6,12.570037,0,13,0,1,0
0,75.6,0.2333,0,3.809547,0,10,0,0,1
1,5.0,0.82,2,12.660991,0,0,0,2,0
2,0.0,0.88,0,8.094461,0,15,0,0,0
1,5.0,0.7,6,12.19355,0,15,0,2,0
0,0.0,0.85,1,9.097708,0,18,1,1,0
1,5.0,0.79,3,11.663102,0,18,0,1,0
0,0.0,0.85,1,12.570039,0,12,0,1,0
3,0.0,0.88,0,13.026139,1,14,1,1,0
2,0.0,0.88,0,9.186464,0,19,0,0,0
2,0.0,0.88,0,8.919099,0,12,1,0,0
1,5.0,0.73,5,10.823544,0,3,0,0,0
1,5.0,0.7,6,13.312918,0,16,0,2,0
1,5.0,0.79,3,8.880376,0,19,0,1,0
1,5.0,0.82,2,6.292106,0,12,0,0,0
2,0.0,0.88,0,6.678807,0,13,0,0,0
1,5.0,0.65,9,10.083836,0,7,1,0,0
1,5.0,0.7,6,11.8936,0,1,0,1,0
0,0.0,0.85,1,11.339338,0,21,0,1,0
1,5.0,0.82,2,11.722437,0,17,0,1,0
3,0.0,0.85,1,13.65189,1,12,0,2,0
0,0.0,0.85,1,10.692205,0,20,0,2,0
0,66.7,0.2308,0,12.394051,0,3,1,1,1
1,5.0,0.82,2,8.706659,0,19,1,1,0
0,0.0,0.85,1,10.887229,0,20,0,0,0
1,5.0,0.7,6,8.688476,0,12,1,2,0
2,0.0,0.85,1,7.346159,0,9,0,0,0
1,5.0,0.79,3,11.215241,0,21,0,1,0
3,0.0,0.88,0,12.507866,1,16,0,1,0
0,0.0,0.85,1,12.493624,0,13,0,2,0
1,5.0,0.82,2,11.134695,0,20,0,1,0
1,72.6,0.2082,18,11.597482,0,12,0,0,1
2,0.0,0.85,1,11.84966,0,16,1,2,0
3,0.0,0.85,1,13.385788,1,2,0,2,0
2,0.0,0.88,0,10.91262,0,14,0,1,0
1,5.0,0.73,5,10.733327,0,0,0,0,0
0,0.0,0.85,1,6.556423,0,18,0,3,0
0,0.0,0.85,1,9.192177,0,16,0,3,0
0,55.8,0.0586,3,13.318149,0,16,1,0,1
1,5.0,0.73,5,12.479641,0,13,0,1,0
2,0.0,0.88,0,8.892618,0,14,0,0,0
1,5.0,0.79,3,10.811653,0,18,1,2,0
1,5.0,0.79,3,6.667097,0,22,0,1,0
1,5.0,0.7,6,11.386466,0,16,1,0,0
1,5.0,0.73,5,11.340229,0,9,0,2,0
2,0.0,0.88,0,10.908646,0,11,0,1,0
1,5.0,0.79,3,8.191056,0,19,0,2,0
3,0.0,0.85,1,13.083212,1,0,0,2,0
1,5.0,0.7,6,7.813535,0,17,0,3,0
1,5.0,0.82,2,10.861279,0,2,1,1,0
1,5.0,0.82,2,8.689884,0,15,1,2,0
1,5.0,0.7,6,9.549985,0,10,0,3,0
1,5.0,0.76,4,11.567844,0,15,0,2,0
1,5.0,0.79,3,10.479862,0,11,0,1,0
1,5.0,0.82,2,11.862783,0,18,1,1,0
1,5.0,0.82,2,11.571003,0,12,0,0,0
3,0.0,0.85,1,11.997006,1,0,1,1,0
1,5.0,0.73,5,10.451769,0,12,1,2,0
1,5.0,0.82,2,11.56073,0,3,1,1,0
1,5.0,0.82,2,13.422181,0,10,0,2,0
1,5.0,0.82,2,11.65519,0,21,0,1,0
0,0.0,0.85,1,7.686901,0,19,0,0,0
2,0.0,0.88,0,10.913725,0,11,0,1,0
1,5.0,0.73,5,12.270604,0,7,1,1,0
2,0.0,0.88,0,9.66989,0,15,0,0,0
2,0.0,0.85,1,8.538397,0,17,0,0,0
1,5.0,0.73,5,11.861867,0,13,1,1,0
0,0.0,0.85,1,11.492177,0,10,1,0,0
1,5.0,0.79,3,8.150182,0,10,0,0,0
1,5.0,0.79,3,9.652187,0,20,1,0,0
3,0.0,0.88,0,12.306667,1,20,0,1,0
3,0.0,0.85,1,10.774801,1,17,0,0,0
1,5.0,0.76,4,13.303221,0,12,0,2,0
1,5.0,0.79,3,9.790677,0,18,0,2,0
1,5.0,0.76,4,9.217142,0,12,1,1,0
2,0.0,0.85,1,10.965423,0,12,1,1,0
1,5.0,0.76,4,9.387364,0,1,0,1,0
1,5.0,0.79,3,13.119204,0,19,0,2,0
0,0.0,0.85,1,12.629768,0,18,0,1,0
0,0.0,0.85,1,11.851422,0,13,0,1,0
1,5.0,0.7,6,13.012759,0,7,1,1,0
3,0.0,0.85,1,12.243862,1,6,1,2,0
2,0.0,0.88,0,9.153606,0,14,0,0,0
1,5.0,0.7,6,13.041894,0,13,0,1,0
2,0.0,0.88,0,7.580827,0,7,0,0,0
2,0.0,0.88,0,8.604141,0,18,0,0,0
2,0.0,0.88,0,9.410379,0,11,0,0,0
1,5.0,0.79,3,9.829101,0,23,0,0,0
1,5.0,0.82,2,11.295362,0,13,0,0,0
3,0.0,0.85,1,9.261296,1,10,1,1,0
0,0.0,0.85,1,9.709344,0,16,0,0,0
1,5.0,0.82,2,11.256623,0,15,0,0,0
0,61.9,0.1399,4,12.599947,0,18,1,3,1
1,5.0,0.7,6,10.50858,0,11,0,0,0
2,0.0,0.88,0,8.804388,0,12,1,0,0
1,5.0,0.82,2,11.181466,0,18,0,1,0
1,5.0,0.73,5,13.801347,0,10,0,2,0
3,0.0,0.85,1,13.412139,1,21,1,1,0
2,0.0,0.88,0,9.518763,0,9,1,1,0
2,0.0,0.85,1,9.321363,0,1,0,0,0
0,50.9,0.2282,19,13.356132,0,0,1,2,1
3,0.0,0.85,1,12.275135,1,13,0,1,0
1,5.0,0.79,3,9.772322,0,21,0,1,0
0,54.7,0.0565,1,13.322488,0,14,0,1,1
0,0.0,0.85,1,12.778815,0,11,0,1,0
0,0.0,0.85,1,11.351441,0,21,0,1,0
1,5.0,0.7,6,6.112509,0,11,0,1,0
2,0.0,0.85,1,10.773229,0,18,0,1,0
1,5.0,0.65,10,9.747554,0,13,1,2,0
1,5.0,0.76,4,13.003467,0,15,0,1,0
1,5.0,0.79,3,13.453293,0,11,1,1,0
1,5.0,0.79,3,12.526406,0,14,0,1,0
2,0.0,0.85,1,9.972546,0,9,1,1,0
1,5.0,0.82,2,11.332,0,17,0,1,0
1,5.0,0.73,5,12.432681,0,0,0,1,0
0,0.0,0.85,1,11.278184,0,20,1,1,0
1,5.0,0.79,3,11.227687,0,8,0,1,0
2,0.0,0.85,1,6.976768,0,14,0,3,0
0,0.0,0.85,1,14.140546,0,20,0,2,0
3,0.0,0.85,1,11.705026,1,2,0,1,0
1,5.0,0.73,5,13.049762,0,11,0,2,0
1,5.0,0.82,2,9.037293,0,16,0,0,0
3,0.0,0.88,0,13.119131,1,2,0,1,0
1,5.0,0.65,8,11.098086,0,18,1,0,0
0,0.0,0.85,1,10.800947,0,6,0,0,0
1,5.0,0.79,3,9.901197,0,18,0,0,0
0,0.0,0.85,1,8.299107,0,14,1,0,0
3,0.0,0.85,1,12.815339,1,1,0,1,0
2,0.0,0.85,1,9.129973,0,3,0,0,0
1,5.0,0.79,3,9.474234,0,18,0,1,0
1,47.6,0.0975,4,14.53696,0,1,0,0,1
1,5.0,0.76,4,8.22917,0,11,0,3,0
2,0.0,0.88,0,9.448009,0,15,0,0,0
2,0.0,0.85,1,8.523291,0,19,0,0,0
1,5.0,0.82,2,11.871923,0,17,0,1,0
0,0.0,0.85,1,10.456659,0,9,1,0,0
1,5.0,0.65,8,13.156866,0,10,0,1,0
2,0.0,0.85,1,9.535172,0,4,0,0,0
2,0.0,0.85,1,9.322775,0,11,0,0,0
2,0.0,0.85,1,12.148937,0,11,0,2,0
1,5.0,0.79,3,13.578508,0,14,0,2,0
1,5.0,0.7,6,12.999916,0,16,1,1,0
1,5.0,0.73,5,11.991508,0,17,1,1,0
1,5.0,0.79,3,11.879222,0,2,0,1,0
1,5.0,0.82,2,12.469927,0,11,0,2,0
2,0.0,0.88,0,7.510321,0,12,0,3,0
2,0.0,0.88,0,8.622209,0,14,1,0,0
1,5.0,0.7,6,11.851105,0,13,0,2,0
2,0.0,0.85,1,7.438572,0,13,0,0,0
1,5.0,0.73,5,8.139493,0,20,0,2,0
1,5.0,0.7,6,8.191593,0,11,0,3,0
2,0.0,0.85,1,7.817895,0,8,0,0,0
2,0.0,0.88,0,8.969974,0,9,0,0,0
0,0.0,0.88,0,13.71638,0,14,0,2,0
1,5.0,0.82,2,12.225634,0,10,1,2,0
1,5.0,0.73,5,10.824389,0,12,0,0,0
1,5.0,0.82,2,12.89579,0,11,1,2,0
2,0.0,0.88,0,11.877773,0,17,0,2,0
1,5.0,0.79,3,10.637051,0,22,1,2,0
2,0.0,0.88,0,7.592996,0,14,1,0,0
1,5.0,0.73,5,9.124008,0,13,0,1,0
1,5.0,0.65,9,11.722733,0,10,0,0,0
2,0.0,0.88,0,9.625876,0,12,1,0,0
1,5.0,0.82,2,11.013073,0,19,0,1,0
1,5.0,0.76,4,9.939074,0,12,0,1,0
1,5.0,0.7,6,10.796561,0,1,0,0,0
0,0.0,0.85,1,11.379416,0,13,1,1,0
0,0.0,0.85,1,13.60247,0,12,1,1,0
0,0.0,0.85,1,13.013951,0,0,0,2,0
3,0.0,0.85,1,8.366398,1,0,1,3,0
2,0.0,0.88,0,9.813625,0,12,0,1,0
1,5.0,0.82,2,10.136474,0,18,0,2,0
3,0.0,0.88,0,9.489558,1,1,0,1,0
1,5.0,0.73,5,13.047859,0,10,0,2,0
2,0.0,0.88,0,10.752459,0,13,0,2,0
3,0.0,0.88,0,13.135031,1,0,0,2,0
2,0.0,0.85,1,6.215368,0,9,0,3,0
0,0.0,0.85,1,12.319614,0,10,0,1,0
2,0.0,0.85,1,9.601094,0,20,0,1,0
1,5.0,0.79,3,10.142546,0,12,0,3,0
2,0.0,0.85,1,9.284148,0,10,0,0,0
1,5.0,0.82,2,9.298827,0,15,0,0,0
1,5.0,0.79,3,13.206717,0,0,0,2,0
1,5.0,0.7,6,11.209641,0,14,0,0,0
1,5.0,0.76,4,11.837631,0,14,0,0,0
2,0.0,0.88,0,8.861689,0,11,0,0,0
2,0.0,0.85,1,10.934773,0,16,0,1,0
0,0.0,0.85,1,10.917501,0,20,0,1,0
0,0.0,0.85,1,6.671096,0,13,0,3,0
2,0.0,0.85,1,8.145886,0,12,0,0,0
1,5.0,0.82,2,13.259654,0,1,1,2,0
1,5.0,0.82,2,7.270243,0,9,1,2,0
2,0.0,0.85,1,8.221111,0,12,1,3,0
2,0.0,0.85,1,11.321261,0,18,0,1,0
2,0.0,0.88,0,8.914282,0,13,1,0,0
0,0.0,0.85,1,12.019583,0,9,0,1,0
1,5.0,0.82,2,7.267853,0,19,0,0,0
2,0.0,0.85,1,7.171618,0,16,1,3,0
2,0.0,0.88,0,9.790429,0,8,0,1,0
2,0.0,0.85,1,7.326051,0,14,0,0,0
3,0.0,0.85,1,12.316589,1,2,0,1,0
3,0.0,0.88,0,13.552619,1,4,1,2,0
2,0.0,0.85,1,8.530291,0,15,0,0,0
1,5.0,0.7,6,11.745424,0,23,1,1,0
1,5.0,0.7,6,13.185878,0,14,1,1,0
2,0.0,0.85,1,8.314837,0,14,1,3,0
1,5.0,0.76,4,12.814692,0,17,1,1,0
1,79.6,0.1364,1,2.598979,0,10,0,1,1
0,74.2,0.2138,0,13.612592,0,15,0,0,1
2,0.0,0.85,1,9.092606,0,11,0,0,0
0,56.7,0.1741,5,12.740708,0,3,0,1,1
1,5.0,0.82,2,9.546543,0,20,0,0,0
2,0.0,0.85,1,11.813126,0,17,0,2,0
0,0.0,0.85,1,9.770575,0,19,0,2,0
2,0.0,0.88,0,9.787891,0,19,0,1,0
1,5.0,0.73,5,13.407856,0,15,0,2,0
1,5.0,0.73,5,11.516448,0,10,0,0,0
2,0.0,0.85,1,9.89272,0,9,0,2,0
3,0.0,0.85,1,11.658889,1,3,0,1,0
2,0.0,0.88,0,9.276809,0,14,0,0,0
2,0.0,0.88,0,12.093015,0,2,0,2,0
1,5.0,0.82,2,12.261864,0,11,0,3,0
1,5.0,0.82,2,9.022642,0,22,0,0,0
1,5.0,0.7,6,13.034971,0,12,1,1,0
1,5.0,0.79,3,7.035629,0,19,1,3,0
2,0.0,0.85,1,10.44711,0,16,0,1,0
1,5.0,0.82,2,13.480031,0,23,0,2,0
1,5.0,0.82,2,7.265898,0,17,0,3,0
1,5.0,0.79,3,10.540073,0,15,0,2,0
1,5.0,0.73,5,11.357278,0,10,1,0,0
2,0.0,0.88,0,8.503275,0,11,0,1,0
1,5.0,0.82,2,12.349788,0,23,0,1,0
2,0.0,0.88,0,8.858922,0,6,0,0,0
1,5.0,0.82,2,9.500377,0,6,0,1,0
1,5.0,0.7,6,13.485821,0,11,0,2,0
2,0.0,0.88,0,8.738346,0,8,0,0,0
1,5.0,0.82,2,10.818075,0,21,0,1,0
0,0.0,0.85,1,9.128556,0,11,0,3,0
1,5.0,0.65,8,10.25505,0,22,1,0,0
1,46.2,0.1579,0,14.166859,0,11,0,1,1
3,0.0,0.85,1,12.422076,1,15,0,1,0
2,0.0,0.88,0,10.949234,0,15,0,2,0
0,0.0,0.88,0,9.999476,0,13,0,3,0
2,0.0,0.88,0,5.068086,0,14,0,0,0
2,0.0,0.85,1,11.585573,0,15,0,2,0
3,0.0,0.88,0,11.351056,1,1,0,1,0
1,5.0,0.67,7,10.370288,0,16,0,0,0
1,5.0,0.79,3,11.116749,0,16,0,1,0
1,5.0,0.82,2,14.116604,0,11,0,2,0
1,5.0,0.79,3,11.20509,0,8,0,1,0
1,5.0,0.7,6,12.416749,0,9,1,0,0
2,0.0,0.88,0,11.761685,0,12,1,2,0
3,0.0,0.85,1,13.259339,1,3,0,1,0
1,71.7,0.1082,3,2.568788,0,7,1,2,1
2,0.0,0.85,1,9.138473,0,12,0,0,0
1,5.0,0.65,8,10.758879,0,12,0,1,0
3,0.0,0.88,0,12.895819,1,12,0,1,0
3,0.0,0.85,1,12.750157,1,2,0,1,0
1,5.0,0.79,3,11.838165,0,21,1,1,0
2,0.0,0.88,0,8.617782,0,11,1,1,0
1,5.0,0.76,4,13.257067,0,12,0,2,0
1,5.0,0.65,11,8.999279,0,0,1,2,0
1,5.0,0.73,5,13.673019,0,12,0,2,0
1,5.0,0.79,3,11.426662,0,20,1,1,0
0,0.0,0.85,1,11.594785,0,17,1,1,0
1,5.0,0.79,3,11.007205,0,15,0,2,0
3,0.0,0.88,0,12.775324,1,15,0,1,0
2,0.0,0.88,0,7.028902,0,12,0,0,0
0,0.0,0.85,1,6.08418,0,20,0,3,0
1,5.0,0.79,3,12.229679,0,22,0,1,0
0,69.1,0.2126,1,16.054957,0,0,1,1,1
0,0.0,0.85,1,12.278996,0,13,1,1,0
1,40.9,0.2143,0,2.507157,0,11,1,0,1
2,0.0,0.85,1,10.971748,0,20,0,1,0
1,5.0,0.65,10,11.65752,0,13,1,0,0
1,5.0,0.79,3,12.504568,0,13,0,1,0
2,0.0,0.88,0,11.108549,0,14,0,1,0
0,76.2,0.1111,3,13.456523,0,14,0,1,1
3,0.0,0.85,1,10.098727,1,13,1,3,0
2,0.0,0.85,1,9.772458,0,16,0,0,0
1,5.0,0.82,2,10.280398,0,19,0,1,0
1,5.0,0.79,3,7.890036,0,19,0,0,0
1,5.0,0.79,3,10.406537,0,19,0,2,0
3,0.0,0.88,0,10.548124,1,20,0,1,0
3,0.0,0.88,0,11.901253,1,6,0,0,0
1,5.0,0.79,3,11.229913,0,4,0,1,0
2,0.0,0.88,0,11.592213,0,11,0,2,0
2,0.0,0.85,1,10.276346,0,10,0,1,0
0,0.0,0.85,1,9.956333,0,13,0,0,0
1,49.3,0.1412,1,8.330495,0,2,1,3,1
2,0.0,0.88,0,8.303834,0,13,0,0,0
3,0.0,0.85,1,12.232352,1,4,0,1,0
1,5.0,0.65,10,11.485613,0,19,0,0,0
1,5.0,0.73,5,11.597509,0,15,0,2,0
2,0.0,0.85,1,8.602337,0,13,0,0,0
1,5.0,0.65,8,9.592475,0,12,0,0,0
1,5.0,0.82,2,12.871745,0,15,0,2,0
1,5.0,0.65,11,11.367455,0,13,0,0,0
2,0.0,0.85,1,8.937011,0,10,0,2,0
2,0.0,0.85,1,8.486381,0,16,0,0,0
2,0.0,0.88,0,11.466012,0,11,1,2,0
2,0.0,0.88,0,8.453337,0,12,0,0,0
0,0.0,0.88,0,11.043753,0,14,0,0,0
2,0.0,0.85,1,7.841898,0,9,0,0,0
1,5.0,0.82,2,9.031455,0,19,0,0,0
1,5.0,0.82,2,12.665861,0,5,1,2,0
2,0.0,0.85,1,9.685659,0,13,0,2,0
0,60.4,0.1275,1,13.658368,0,3,0,0,1
2,0.0,0.85,1,8.89325,0,19,0,0,0
2,0.0,0.85,1,8.682526,0,20,1,1,0
2,0.0,0.85,1,11.26617,0,12,1,2,0
1,5.0,0.82,2,12.489759,0,20,0,0,0
1,5.0,0.7,6,11.266868,0,12,0,0,0
2,0.0,0.88,0,7.931364,0,15,0,0,0
1,5.0,0.7,6,10.446208,0,12,0,3,0
2,0.0,0.85,1,9.447212,0,16,0,0,0
3,0.0,0.85,1,11.309229,1,15,0,0,0
1,5.0,0.73,5,13.129462,0,15,1,2,0
0,0.0,0.85,1,10.532471,0,12,0,2,0
2,0.0,0.88,0,8.232408,0,12,0,0,0
3,0.0,0.88,0,12.686826,1,18,1,1,0
0,0.0,0.85,1,7.761902,0,12,0,0,0
0,0.0,0.85,1,12.162132,0,23,0,2,0
1,5.0,0.82,2,13.609919,0,13,0,2,0
2,0.0,0.88,0,11.110467,0,10,0,1,0
1,5.0,0.73,5,13.71513,0,14,1,2,0
1,5.0,0.7,6,11.71894,0,20,0,0,0
2,0.0,0.85,1,5.301662,0,17,1,3,0
1,5.0,0.79,3,9.769946,0,0,0,0,0
3,0.0,0.88,0,11.661019,1,6,0,1,0
2,0.0,0.85,1,9.234293,0,12,0,0,0
1,5.0,0.79,3,11.316946,0,20,0,1,0
1,5.0,0.82,2,12.894775,0,23,0,3,0
1,5.0,0.82,2,10.088823,0,16,0,0,0
2,0.0,0.85,1,9.569734,0,15,0,0,0
1,5.0,0.7,6,9.25332,0,18,0,3,0
2,0.0,0.88,0,7.972976,0,14,0,3,0
0,63.2,0.0582,1,11.780289,0,1,0,1,1
2,0.0,0.88,0,9.454486,0,9,0,0,0
1,5.0,0.79,3,13.622643,0,9,1,2,0
2,0.0,0.88,0,8.533694,0,13,0,0,0
2,0.0,0.85,1,8.468366,0,13,0,0,0
1,5.0,0.79,3,11.099276,0,21,0,1,0
2,0.0,0.88,0,10.970159,0,12,1,0,0
1,5.0,0.82,2,10.992748,0,21,0,1,0
2,0.0,0.88,0,6.464448,0,12,1,0,0
0,0.0,0.85,1,11.536436,0,11,1,1,0
1,5.0,0.79,3,11.083248,0,1,0,1,0
1,5.0,0.79,3,10.736017,0,20,0,1,0
2,0.0,0.79,3,10.257777,0,14,0,1,0
3,0.0,0.85,1,11.858576,1,1,0,1,0
1,5.0,0.76,4,7.554885,0,3,1,3,0
2,0.0,0.85,1,11.445127,0,19,0,1,0
1,5.0,0.79,3,11.085914,0,10,0,0,0
2,0.0,0.88,0,8.16336,0,19,0,3,0
2,0.0,0.88,0,10.937751,0,20,0,2,0
2,0.0,0.88,0,10.296279,0,7,0,2,0
2,0.0,0.88,0,11.181075,0,16,0,2,0
1,5.0,0.82,2,11.176419,0,19,0,1,0
1,5.0,0.82,2,11.586434,0,8,0,1,0
1,5.0,0.76,4,12.426872,0,14,1,2,0
1,5.0,0.73,5,10.02155,0,21,0,3,0
2,0.0,0.85,1,9.330531,0,13,0,0,0
1,5.0,0.76,4,10.934738,0,13,0,0,0
1,5.0,0.82,2,11.459669,0,20,0,1,0
1,5.0,0.79,3,11.745904,0,12,0,1,0
0,0.0,0.85,1,11.010354,0,17,1,0,0
1,5.0,0.79,3,7.821731,0,18,0,3,0
0,0.0,0.85,1,9.422531,0,23,1,3,0
1,5.0,0.82,2,11.81659,0,18,1,1,0
0,0.0,0.85,1,12.307254,0,11,1,1,0
1,5.0,0.73,5,11.120556,0,14,1,2,0
0,0.0,0.85,1,11.718205,0,19,0,1,0
1,5.0,0.76,4,12.158059,0,13,0,1,0
2,0.0,0.85,1,6.906975,0,12,0,0,0
2,0.0,0.88,0,8.407102,0,11,0,0,0
1,5.0,0.73,5,9.942217,0,20,0,3,0
0,0.0,0.85,1,7.719907,0,19,1,0,0
2,0.0,0.85,1,11.068016,0,9,0,1,0
1,5.0,0.82,2,10.126062,0,12,1,0,0
3,0.0,0.85,1,13.458711,1,0,1,2,0
2,0.0,0.88,0,11.110443,0,16,0,2,0
3,0.0,0.88,0,11.076246,1,1,1,1,0
2,0.0,0.88,0,9.130335,0,17,0,0,0
0,0.0,0.85,1,13.705341,0,14,0,2,0
2,0.0,0.88,0,11.44248,0,12,0,2,0
2,0.0,0.88,0,10.007128,0,13,1,2,0
1,5.0,0.76,4,11.557525,0,17,1,1,0
2,0.0,0.85,1,9.666845,0,13,0,1,0
1,5.0,0.82,2,11.431192,0,18,0,1,0
2,0.0,0.88,0,10.576064,0,13,0,1,0
1,5.0,0.82,2,8.716019,0,19,1,0,0
1,5.0,0.7,6,10.360242,0,11,1,1,0
1,5.0,0.65,8,7.513655,0,14,1,0,0
0,0.0,0.85,1,9.824408,0,20,1,0,0
1,5.0,0.7,6,10.053947,0,13,1,3,0
1,5.0,0.76,4,10.761484,0,14,0,1,0
0,0.0,0.85,1,10.703458,0,21,1,1,0
1,5.0,0.65,10,10.937565,0,9,0,2,0
1,5.0,0.73,5,14.069072,0,14,0,2,0
3,0.0,0.88,0,11.364308,1,6,1,0,0
1,5.0,0.82,2,7.60324,0,11,0,1,0
3,0.0,0.88,0,11.01677,1,21,0,1,0
3,0.0,0.85,1,10.407367,1,13,0,0,0
1,5.0,0.76,4,9.777868,0,9,0,1,0
1,5.0,0.79,3,11.74751,0,0,1,3,0
1,5.0,0.7,6,12.242889,0,17,0,2,0
1,5.0,0.76,4,10.022074,0,0,0,0,0
1,5.0,0.82,2,12.799022,0,23,0,1,0
2,0.0,0.88,0,9.209182,0,23,1,0,0
2,0.0,0.88,0,6.938459,0,15,0,3,0
3,0.0,0.88,0,11.663514,1,0,0,0,0
1,5.0,0.82,2,10.272536,0,15,0,1,0
1,5.0,0.7,6,9.594123,0,0,1,0,0
1,5.0,0.65,8,10.685291,0,13,1,0,0
0,0.0,0.85,1,11.544835,0,17,1,1,0
2,0.0,0.88,0,7.539989,0,18,1,0,0
2,0.0,0.88,0,7.982273,0,13,0,3,0
3,0.0,0.88,0,6.983642,1,8,0,0,0
1,5.0,0.7,6,12.989879,0,21,1,2,0
1,5.0,0.79,3,10.684809,0,21,0,1,0
1,5.0,0.82,2,11.867715,0,14,0,1,0
1,5.0,0.73,5,9.699479,0,0,1,0,0
1,5.0,0.79,3,13.011208,0,7,0,1,0
2,0.0,0.88,0,10.925901,0,10,0,2,0
2,0.0,0.85,1,11.692962,0,17,0,2,0
2,0.0,0.88,0,10.983681,0,12,0,1,0
3,0.0,0.88,0,12.062593,1,13,0,1,0
1,5.0,0.79,3,11.149802,0,18,0,0,0
2,0.0,0.88,0,11.046892,0,12,0,2,0
0,63.9,0.2254,6,14.68391,0,11,0,0,1
1,5.0,0.7,6,12.651684,0,11,0,2,0
1,5.0,0.7,6,12.970426,0,19,1,1,0
2,0.0,0.85,1,10.747605,0,15,0,1,0
1,5.0,0.73,5,12.064509,0,20,0,1,0
2,0.0,0.85,1,10.344416,0,18,1,1,0
1,5.0,0.73,5,10.730609,0,10,0,2,0
2,0.0,0.88,0,8.734954,0,14,0,0,0
3,0.0,0.85,1,11.413398,1,0,0,0,0
2,0.0,0.85,1,8.467944,0,16,1,0,0
1,5.0,0.79,3,11.508403,0,18,1,1,0
1,5.0,0.79,3,10.671169,0,10,0,0,0
3,0.0,0.85,1,13.045651,1,23,0,1,0
3,0.0,0.85,1,7.383399,1,2,1,1,0
2,0.0,0.85,1,5.373564,0,14,0,0,0
1,5.0,0.73,5,12.503742,0,12,0,1,0
1,5.0,0.76,4,11.830464,0,17,0,1,0
3,0.0,0.85,1,12.010701,1,0,1,0,0
0,56.5,0.0776,1,13.818928,0,21,0,1,1
1,5.0,0.82,2,13.018043,0,10,1,2,0
2,0.0,0.88,0,9.562146,0,14,0,1,0
3,0.0,0.88,0,13.557417,1,23,0,1,0
3,0.0,0.88,0,12.772226,1,23,0,1,0
1,5.0,0.82,2,11.075793,0,19,1,1,0
0,0.0,0.85,1,12.284582,0,3,1,2,0
1,5.0,0.79,3,11.38307,0,14,0,1,0
1,5.0,0.73,5,13.340475,0,11,1,2,0
3,0.0,0.85,1,11.399095,1,12,0,0,0
2,0.0,0.88,0,12.285507,0,13,0,2,0
3,0.0,0.88,0,10.423974,1,5,0,3,0
1,5.0,0.7,6,8.22974,0,22,0,3,0
1,5.0,0.7,6,9.919773,0,13,0,0,0
1,5.0,0.67,7,10.854262,0,13,1,1,0
1,5.0,0.82,2,11.944623,0,11,0,2,0
1,5.0,0.76,4,10.846523,0,21,1,0,0
1,5.0,0.82,2,10.493341,0,11,0,0,0
3,0.0,0.85,1,11.651357,1,3,1,1,0
1,5.0,0.73,5,11.081248,0,11,1,0,0
1,5.0,0.7,6,12.246632,0,23,0,2,0
0,0.0,0.85,1,7.551765,0,1,0,2,0
1,5.0,0.67,7,11.431735,0,12,0,2,0
1,5.0,0.82,2,11.542497,0,17,0,0,0
2,0.0,0.85,1,11.737698,0,8,0,2,0
0,0.0,0.85,1,13.076004,0,11,1,2,0
1,5.0,0.82,2,9.153722,0,18,0,2,0
1,71.3,0.092,2,14.455073,0,22,0,0,1
2,0.0,0.88,0,9.89777,0,17,0,2,0
1,5.0,0.79,3,8.915662,0,20,0,3,0
0,0.0,0.85,1,11.536057,0,21,1,1,0
1,5.0,0.7,6,12.72896,0,9,0,2,0
1,5.0,0.65,10,12.533218,0,12,1,1,0
1,5.0,0.76,4,11.129733,0,13,0,0,0
0,0.0,0.85,1,9.79166,0,14,1,2,0
1,5.0,0.79,3,11.478831,0,10,1,1,0
1,5.0,0.79,3,10.533482,0,13,1,1,0
1,5.0,0.79,3,9.331231,0,17,1,1,0
1,5.0,0.73,5,13.724806,0,10,0,2,0
2,0.0,0.85,1,6.820933,0,6,0,3,0
1,5.0,0.79,3,11.112734,0,19,1,2,0
0,0.0,0.85,1,9.205344,0,0,0,2,0
1,5.0,0.7,6,10.525172,0,1,0,1,0
1,5.0,0.82,2,9.510363,0,11,0,0,0
1,5.0,0.73,5,12.067217,0,12,0,1,0
2,0.0,0.85,1,8.553201,0,13,1,1,0
0,58.5,0.2478,0,14.19885,0,7,1,1,1
1,5.0,0.82,2,12.809972,0,6,0,2,0
1,5.0,0.79,3,8.40902,0,10,0,1,0
3,0.0,0.85,1,13.174545,1,9,0,2,0
2,0.0,0.88,0,8.42574,0,16,0,0,0
2,0.0,0.7,6,13.148403,0,14,0,0,0
1,5.0,0.7,6,7.198026,0,12,1,0,0
2,0.0,0.88,0,10.619328,0,8,0,1,0
1,5.0,0.76,4,12.79166,0,2,0,0,0
2,0.0,0.88,0,10.87397,0,18,0,1,0
0,0.0,0.85,1,7.979291,0,17,0,0,0
2,0.0,0.88,0,11.887579,0,11,0,1,0
3,0.0,0.85,1,12.626472,1,15,0,2,0
3,0.0,0.88,0,12.332552,1,1,0,1,0
3,0.0,0.85,1,11.950613,1,1,1,0,0
0,0.0,0.85,1,11.222598,0,14,0,0,0
3,0.0,0.88,0,10.576029,1,5,0,2,0
3,0.0,0.88,0,11.66496,1,3,0,0,0
3,0.0,0.88,0,6.599571,1,3,1,1,0
2,0.0,0.85,1,9.348547,0,12,1,0,0
1,5.0,0.82,2,7.71449,0,14,0,3,0
2,0.0,0.88,0,8.840887,0,14,0,0,0
1,5.0,0.79,3,13.839182,0,14,0,2,0
1,5.0,0.79,3,12.245891,0,20,0,1,0
3,0.0,0.88,0,11.815717,1,5,0,0,0
2,0.0,0.88,0,9.068077,0,16,0,0,0
1,5.0,0.79,3,11.769561,0,5,1,1,0
1,5.0,0.73,5,12.907117,0,17,0,2,0
1,5.0,0.82,2,10.300819,0,7,0,1,0
1,5.0,0.67,7,11.439534,0,13,1,2,0
2,0.0,0.85,1,10.153176,0,18,0,0,0
2,0.0,0.85,1,10.514745,0,15,0,1,0
2,0.0,0.85,1,8.789881,0,11,1,0,0
2,0.0,0.88,0,8.660899,0,18,1,3,0
1,5.0,0.79,3,11.41552,0,10,1,2,0
0,0.0,0.85,1,10.768157,0,21,0,1,0
0,0.0,0.85,1,11.886878,0,18,0,1,0
1,5.0,0.79,3,10.979998,0,13,0,1,0
1,5.0,0.76,4,10.876395,0,12,0,0,0
1,5.0,0.82,2,9.421185,0,17,0,0,0
2,0.0,0.85,1,11.384305,0,9,1,1,0
1,5.0,0.79,3,13.163497,0,23,1,2,0
1,5.0,0.73,5,12.701774,0,6,1,1,0
3,0.0,0.88,0,12.805698,1,2,1,1,0
0,0.0,0.85,1,11.497544,0,13,0,0,0
1,5.0,0.79,3,10.873665,0,13,1,0,0
0,0.0,0.85,1,10.603628,0,18,0,1,0
0,0.0,0.85,1,11.994443,0,9,0,2,0
3,0.0,0.88,0,13.044858,1,21,1,1,0
2,0.0,0.85,1,10.39749,0,12,0,2,0
1,5.0,0.79,3,8.954632,0,19,0,1,0
1,5.0,0.79,3,11.317848,0,11,1,1,0
3,0.0,0.88,0,12.907757,1,22,1,2,0
2,0.0,0.85,1,9.250576,0,8,0,1,0
1,5.0,0.79,3,11.889985,0,22,0,1,0
1,5.0,0.7,6,11.34372,0,15,0,1,0
0,0.0,0.85,1,11.839083,0,18,0,1,0
1,5.0,0.79,3,8.876438,0,13,1,1,0
2,0.0,0.88,0,9.458589,0,8,1,1,0
1,5.0,0.76,4,11.007144,0,10,0,0,0
3,0.0,0.88,0,12.948878,1,0,1,1,0
1,5.0,0.79,3,10.433887,0,20,1,1,0
1,5.0,0.73,5,11.120794,0,16,0,0,0
2,0.0,0.85,1,8.335314,0,9,1,3,0
2,0.0,0.85,1,8.649284,0,16,0,0,0
0,0.0,0.85,1,11.753476,0,16,1,1,0
3,0.0,0.88,0,12.711813,1,3,0,1,0
2,0.0,0.88,0,10.839998,0,16,1,1,0
2,0.0,0.79,3,8.077553,0,16,0,1,0
2,0.0,0.88,0,11.789114,0,16,0,2,0
1,5.0,0.67,7,7.198475,0,22,0,2,0
2,0.0,0.85,1,9.249436,0,13,0,0,0
1,5.0,0.79,3,9.581636,0,21,0,0,0
0,0.0,0.85,1,11.012573,0,3,1,0,0
1,5.0,0.7,6,12.223973,0,10,0,1,0
1,59.0,0.1558,6,8.911456,0,0,0,0,1
1,5.0,0.82,2,9.564548,0,15,1,3,0
1,5.0,0.65,9,13.368945,0,13,0,2,0
2,0.0,0.79,3,9.197787,0,17,1,0,0
3,0.0,0.88,0,12.516168,1,13,0,1,0
0,0.0,0.85,1,11.040662,0,10,0,1,0
2,0.0,0.88,0,8.855589,0,13,0,0,0
2,0.0,0.88,0,11.144976,0,13,0,1,0
2,0.0,0.85,1,8.951278,0,10,0,0,0
1,5.0,0.73,5,12.438486,0,9,0,2,0
1,5.0,0.82,2,8.917132,0,11,1,3,0
1,5.0,0.82,2,8.949764,0,18,0,3,0
0,0.0,0.85,1,12.846573,0,17,0,1,0
1,5.0,0.79,3,13.455383,0,10,0,2,0
1,5.0,0.79,3,11.76767,0,18,1,2,0
1,5.0,0.79,3,11.664502,0,19,0,1,0
0,56.7,0.0537,1,14.136077,0,11,1,1,1
1,5.0,0.7,6,12.180414,0,1,0,2,0
2,0.0,0.88,0,10.545836,0,10,0,1,0
1,5.0,0.82,2,11.806257,0,10,1,1,0
3,0.0,0.88,0,10.857142,1,7,0,1,0
1,5.0,0.65,10,12.582896,0,16,0,2,0
2,0.0,0.88,0,10.293936,0,19,1,1,0
0,0.0,0.85,1,10.816667,0,21,0,0,0
1,5.0,0.82,2,13.125314,0,16,0,1,0
1,5.0,0.65,8,10.028171,0,13,0,0,0
2,0.0,0.85,1,10.921369,0,12,0,1,0
2,0.0,0.82,2,9.155104,0,9,0,0,0
2,0.0,0.85,1,11.399257,0,10,0,1,0
1,5.0,0.73,5,11.206574,0,23,0,2,0
2,0.0,0.88,0,9.699624,0,18,0,2,0
1,5.0,0.76,4,12.749208,0,17,0,1,0
1,5.0,0.79,3,12.096422,0,20,0,1,0
1,5.0,0.82,2,13.571212,0,14,1,2,0
0,0.0,0.85,1,13.285589,0,18,0,0,0
1,5.0,0.82,2,11.884625,0,21,1,1,0
2,0.0,0.85,1,9.226886,0,16,0,0,0
1,5.0,0.82,2,13.115332,0,17,1,1,0
2,0.0,0.88,0,7.715926,0,16,0,2,0
1,5.0,0.73,5,11.340594,0,12,1,0,0
3,0.0,0.88,0,9.644426,1,23,1,1,0
2,0.0,0.85,1,8.763797,0,10,0,0,0
1,5.0,0.79,3,12.506333,0,13,0,1,0
1,5.0,0.76,4,13.359997,0,23,1,2,0
2,0.0,0.88,0,9.392673,0,9,0,2,0
1,5.0,0.79,3,10.198944,0,13,0,3,0
1,5.0,0.67,7,14.074604,0,12,0,2,0
1,5.0,0.73,5,12.967912,0,18,1,1,0
1,5.0,0.79,3,11.462445,0,14,1,1,0
2,0.0,0.88,0,6.827152,0,10,0,3,0
2,0.0,0.85,1,9.452729,0,9,0,0,0
2,0.0,0.88,0,11.119969,0,14,0,2,0
1,5.0,0.79,3,11.661924,0,0,0,1,0
1,5.0,0.79,3,11.703734,0,19,0,1,0
1,5.0,0.79,3,11.538771,0,19,0,0,0
1,5.0,0.73,5,11.301818,0,13,0,0,0
1,5.0,0.7,6,10.493455,0,15,1,0,0
0,0.0,0.85,1,10.311973,0,12,1,0,0
2,0.0,0.85,1,8.023467,0,8,1,3,0
2,0.0,0.88,0,11.038665,0,6,0,2,0
0,0.0,0.85,1,9.272803,0,0,0,1,0
3,0.0,0.88,0,10.13385,1,16,0,1,0
1,5.0,0.73,5,10.831428,0,12,0,0,0
2,0.0,0.88,0,8.244668,0,10,0,0,0
3,0.0,0.88,0,10.766443,1,14,1,0,0
2,0.0,0.88,0,9.540004,0,15,0,1,0
1,5.0,0.82,2,8.916002,0,9,0,1,0
0,0.0,0.85,1,8.90095,0,13,0,0,0
0,0.0,0.85,1,11.735833,0,10,0,1,0
3,0.0,0.88,0,13.522146,1,14,0,2,0
3,0.0,0.88,0,13.348427,1,1,0,2,0
0,0.0,0.85,1,11.71977,0,20,0,1,0
1,5.0,0.73,5,13.33045,0,13,0,1,0
0,0.0,0.85,1,12.036055,0,19,0,1,0
2,0.0,0.88,0,11.0668,0,13,0,1,0
1,5.0,0.73,5,10.519853,0,11,0,1,0
1,5.0,0.7,6,9.337278,0,12,0,0,0
1,5.0,0.79,3,11.350992,0,17,0,1,0
3,0.0,0.85,1,12.67101,1,11,0,1,0
0,0.0,0.85,1,11.45557,0,20,1,1,0
2,0.0,0.88,0,8.146164,0,15,1,0,0
0,0.0,0.85,1,10.116556,0,21,0,2,0
3,0.0,0.85,1,13.247476,1,0,1,1,0
3,0.0,0.85,1,13.53732,1,20,0,2,0
1,5.0,0.73,5,12.969167,0,10,0,2,0
1,5.0,0.82,2,11.077646,0,12,0,1,0
1,5.0,0.82,2,12.478546,0,20,1,2,0
1,5.0,0.65,11,8.93663,0,11,0,0,0
1,5.0,0.82,2,11.671986,0,14,1,1,0
1,5.0,0.7,6,12.697081,0,22,1,1,0
2,0.0,0.88,0,11.103406,0,12,1,1,0
1,5.0,0.7,6,10.612887,0,11,0,0,0
0,0.0,0.85,1,11.767268,0,19,0,1,0
3,0.0,0.73,5,11.862251,1,7,0,0,0
2,0.0,0.88,0,9.182722,0,10,0,0,0
1,5.0,0.76,4,13.242962,0,23,0,2,0
1,5.0,0.7,6,9.429122,0,11,1,2,0
2,0.0,0.85,1,7.445125,0,12,0,3,0
0,0.0,0.85,1,13.297528,0,12,0,2,0
1,5.0,0.79,3,11.422488,0,12,0,1,0
3,0.0,0.79,3,12.835085,1,0,1,1,0
2,0.0,0.85,1,8.116772,0,12,0,2,0
1,5.0,0.76,4,13.180404,0,18,0,2,0
3,0.0,0.85,1,11.347883,1,14,0,0,0
0,0.0,0.85,1,9.727798,0,19,0,2,0
2,0.0,0.85,1,10.176417,0,9,1,1,0
2,0.0,0.88,0,9.730559,0,13,0,0,0
1,5.0,0.79,3,9.687348,0,21,0,2,0
1,5.0,0.82,2,13.187993,0,15,0,2,0
3,0.0,0.85,1,10.837535,1,20,0,1,0
3,0.0,0.85,1,12.985167,1,16,0,2,0
1,5.0,0.82,2,8.703862,0,20,0,3,0
1,5.0,0.79,3,10.507804,0,14,0,2,0
1,5.0,0.79,3,10.972999,0,11,0,1,0
1,5.0,0.65,8,12.443074,0,10,0,1,0
2,0.0,0.88,0,9.359036,0,11,1,0,0
1,5.0,0.82,2,6.834195,0,17,1,2,0
2,0.0,0.85,1,6.95399,0,11,0,0,0
2,0.0,0.85,1,7.254029,0,8,1,0,0
1,5.0,0.82,2,11.185019,0,17,0,1,0
3,0.0,0.85,1,13.134703,1,11,0,1,0
2,0.0,0.88,0,13.11397,0,12,1,0,0
1,5.0,0.7,6,10.017058,0,22,0,0,0
2,0.0,0.88,0,9.478425,0,13,0,0,0
1,5.0,0.65,10,13.159147,0,23,0,2,0
0,0.0,0.85,1,10.039533,0,4,1,2,0
0,0.0,0.85,1,8.344229,0,15,0,2,0
1,5.0,0.82,2,9.626008,0,16,1,2,0
1,5.0,0.82,2,8.127901,0,12,0,0,0
1,71.9,0.1839,1,13.37004,0,23,1,1,1
3,0.0,0.82,2,10.907436,1,8,0,0,0
2,0.0,0.88,0,11.448211,0,16,0,2,0
1,5.0,0.82,2,12.577914,0,0,0,1,0
0,0.0,0.88,0,10.511205,0,3,0,0,0
1,5.0,0.73,5,11.318953,0,18,0,0,0
1,5.0,0.79,3,11.759493,0,11,0,1,0
0,0.0,0.85,1,11.230586,0,17,0,1,0
1,5.0,0.65,11,11.071666,0,14,1,0,0
1,5.0,0.79,3,10.206411,0,20,0,0,0
0,0.0,0.88,0,9.744704,0,20,0,3,0
2,0.0,0.85,1,12.181211,0,6,0,2,0
1,5.0,0.82,2,13.46319,0,18,0,2,0
1,5.0,0.7,6,11.738869,0,22,0,1,0
1,5.0,0.65,11,10.818752,0,23,0,0,0
1,5.0,0.79,3,12.619123,0,12,0,1,0
0,0.0,0.85,1,11.96682,0,10,0,1,0
1,5.0,0.65,10,10.600645,0,21,0,0,0
2,0.0,0.85,1,9.159729,0,11,0,0,0
0,0.0,0.85,1,10.525492,0,15,0,1,0
2,0.0,0.85,1,7.562333,0,12,0,0,0
1,5.0,0.79,3,7.587832,0,13,0,0,0
1,5.0,0.73,5,12.907431,0,18,1,1,0
1,5.0,0.76,4,11.361082,0,8,0,1,0
2,0.0,0.88,0,8.010004,0,10,0,0,0
2,0.0,0.85,1,9.06441,0,16,1,1,0
1,5.0,0.82,2,8.738675,0,11,0,0,0
1,5.0,0.76,4,10.679366,0,0,0,0,0
1,42.9,0.2404,5,13.441137,0,19,0,0,1
1,5.0,0.82,2,11.677111,0,10,0,1,0
3,0.0,0.88,0,13.161511,1,23,0,2,0
3,0.0,0.88,0,12.486793,1,15,1,1,0
1,5.0,0.73,5,10.838673,0,13,0,0,0
3,0.0,0.88,0,9.889848,1,1,1,3,0
2,0.0,0.88,0,8.650198,0,19,0,0,0
1,5.0,0.82,2,9.300895,0,13,0,1,0
1,5.0,0.82,2,11.574056,0,15,0,1,0
2,0.0,0.88,0,10.528304,0,13,1,1,0
1,40.6,0.1119,12,7.535174,0,12,0,1,1
2,0.0,0.88,0,12.05737,0,18,1,2,0
3,0.0,0.88,0,12.496682,1,0,1,1,0
3,0.0,0.88,0,10.555947,1,3,1,3,0
1,5.0,0.79,3,11.209587,0,16,0,1,0
3,0.0,0.85,1,12.899704,1,4,1,1,0
1,5.0,0.82,2,11.223918,0,16,1,1,0
0,0.0,0.88,0,12.572707,0,17,0,1,0
1,5.0,0.79,3,9.353397,0,20,0,1,0
1,5.0,0.82,2,9.636557,0,17,1,2,0
3,0.0,0.88,0,12.416979,1,1,1,2,0
1,5.0,0.7,6,11.037597,0,0,0,0,0
1,5.0,0.82,2,11.48462,0,16,0,2,0
2,0.0,0.88,0,7.730636,0,15,0,0,0
2,0.0,0.88,0,8.809524,0,12,0,0,0
0,0.0,0.85,1,11.688755,0,20,0,1,0
0,0.0,0.85,1,10.635232,0,17,1,2,0
1,5.0,0.73,5,13.378776,0,11,0,1,0
2,0.0,0.88,0,10.99041,0,12,1,1,0
0,0.0,0.85,1,8.950745,0,11,0,3,0
2,0.0,0.88,0,8.901267,0,14,0,0,0
1,5.0,0.79,3,9.568485,0,18,0,1,0
0,0.0,0.85,1,9.887551,0,17,1,1,0
1,5.0,0.76,4,10.598422,0,11,0,0,0
1,5.0,0.79,3,11.366539,0,12,0,1,0
2,0.0,0.85,1,10.66149,0,14,1,1,0
1,5.0,0.7,6,13.039551,0,10,0,1,0
1,5.0,0.82,2,12.1039,0,10,1,2,0
0,0.0,0.85,1,11.680121,0,18,0,1,0
2,0.0,0.85,1,7.983999,0,12,1,1,0
1,5.0,0.76,4,13.264417,0,17,0,2,0
2,0.0,0.85,1,7.04446,0,18,1,3,0
2,0.0,0.85,1,8.04445,0,18,0,0,0
3,0.0,0.88,0,12.496223,1,18,0,1,0
1,5.0,0.76,4,12.069903,0,11,0,2,0
0,46.4,0.1483,5,3.436243,0,11,0,1,1
1,5.0,0.76,4,13.019903,0,9,1,1,0
1,78.2,0.1573,1,2.788093,0,14,1,0,1
2,0.0,0.85,1,8.870527,0,11,0,1,0
2,0.0,0.76,4,7.929202,0,10,0,0,0
1,5.0,0.79,3,10.208728,0,19,1,0,0
2,0.0,0.85,1,9.331892,0,9,1,0,0
1,5.0,0.82,2,13.831806,0,12,0,2,0
3,0.0,0.88,0,12.847117,1,22,0,2,0
1,5.0,0.82,2,11.538538,0,13,0,2,0
1,5.0,0.82,2,11.281204,0,14,0,0,0
0,0.0,0.85,1,10.493073,0,14,0,2,0
0,54.5,0.2041,17,10.437384,0,21,0,1,1
1,5.0,0.79,3,8.334145,0,20,0,1,0
1,5.0,0.82,2,8.434841,0,12,1,0,0
1,5.0,0.79,3,6.509246,0,20,0,0,0
1,5.0,0.73,5,12.40165,0,18,0,1,0
1,5.0,0.76,4,9.778006,0,10,0,3,0
2,0.0,0.88,0,9.524051,0,16,0,0,0
3,0.0,0.85,1,12.550963,1,1,0,1,0
2,0.0,0.88,0,11.995854,0,19,1,2,0
2,0.0,0.85,1,7.157961,0,10,0,1,0
1,5.0,0.82,2,9.969859,0,12,0,0,0
1,5.0,0.82,2,9.580567,0,8,0,0,0
3,0.0,0.85,1,10.075581,1,2,1,3,0
2,0.0,0.85,1,9.405956,0,16,0,1,0
0,59.2,0.2219,3,2.00148,0,11,1,0,1
0,0.0,0.85,1,12.747809,0,13,1,1,0
0,0.0,0.85,1,9.334033,0,13,1,1,0
0,0.0,0.85,1,11.968575,0,13,0,1,0
3,0.0,0.88,0,12.484167,1,1,0,1,0
3,0.0,0.85,1,10.382902,1,0,0,0,0
3,0.0,0.88,0,12.920248,1,10,0,1,0
2,0.0,0.88,0,10.163165,0,17,1,1,0
1,5.0,0.65,11,10.910939,0,11,0,0,0
1,5.0,0.7,6,12.769522,0,10,0,2,0
3,0.0,0.88,0,13.458411,1,11,0,2,0
1,5.0,0.82,2,8.205784,0,19,0,0,0
1,5.0,0.82,2,9.221577,0,16,0,0,0
1,5.0,0.82,2,8.396669,0,19,0,0,0
1,5.0,0.82,2,10.265032,0,12,0,1,0
1,5.0,0.65,9,13.530458,0,0,0,2,0
1,5.0,0.73,5,10.126108,0,15,0,0,0
2,0.0,0.88,0,9.223201,0,9,0,0,0
3,0.0,0.88,0,10.354807,1,8,0,3,0
2,0.0,0.85,1,10.137588,0,19,0,1,0
1,5.0,0.73,5,8.794317,0,17,0,3,0
1,5.0,0.7,6,13.152798,0,1,1,1,0
0,0.0,0.85,1,8.100756,0,7,0,1,0
1,5.0,0.82,2,10.880345,0,14,0,2,0
2,0.0,0.88,0,10.198138,0,16,0,1,0
3,0.0,0.88,0,9.128053,1,2,0,3,0
0,0.0,0.85,1,13.347511,0,12,0,2,0
3,0.0,0.88,0,12.179142,1,9,0,0,0
2,0.0,0.85,1,11.289718,0,19,0,1,0
3,0.0,0.85,1,10.112474,1,10,0,1,0
1,5.0,0.76,4,13.042877,0,20,1,2,0
2,0.0,0.85,1,8.74401,0,9,0,0,0
0,0.0,0.85,1,11.063163,0,19,0,1,0
1,5.0,0.73,5,11.565691,0,11,1,2,0
2,0.0,0.85,1,9.125547,0,12,0,0,0
0,0.0,0.85,1,8.689774,0,20,1,3,0
1,5.0,0.79,3,10.427437,0,15,0,1,0
1,5.0,0.82,2,11.354973,0,20,0,1,0
1,5.0,0.79,3,13.922898,0,8,0,2,0
0,56.9,0.1216,1,3.560762,0,12,0,1,1
1,5.0,0.73,5,10.888258,0,10,0,0,0
1,5.0,0.79,3,11.197429,0,21,0,1,0
2,0.0,0.88,0,10.605534,0,17,0,1,0
2,0.0,0.88,0,6.862067,0,17,0,3,0
1,5.0,0.73,5,9.66248,0,13,0,2,0
2,0.0,0.85,1,6.738425,0,6,0,0,0
2,0.0,0.7,6,8.297531,0,14,1,0,0
0,0.0,0.85,1,9.655828,0,18,1,3,0
0,0.0,0.85,1,11.341979,0,13,1,0,0
0,0.0,0.85,1,8.646404,0,7,0,2,0
1,5.0,0.82,2,9.996023,0,21,0,1,0
1,5.0,0.79,3,8.189569,0,12,0,0,0
1,5.0,0.82,2,11.733197,0,22,0,1,0
3,0.0,0.85,1,11.156513,1,19,0,2,0
1,5.0,0.73,5,13.095797,0,12,0,2,0
1,44.9,0.0825,1,11.267276,0,0,1,1,1
0,0.0,0.85,1,8.479824,0,0,0,3,0
0,0.0,0.85,1,10.398119,0,14,0,1,0
1,5.0,0.73,5,10.423185,0,18,0,0,0
1,5.0,0.76,4,13.671614,0,13,0,2,0
1,5.0,0.79,3,10.038269,0,0,0,0,0
0,0.0,0.85,1,12.059956,0,18,0,2,0
1,5.0,0.79,3,8.903943,0,12,1,0,0
2,0.0,0.88,0,8.110403,0,3,1,3,0
0,0.0,0.85,1,11.217627,0,14,0,0,0
2,0.0,0.79,3,7.67658,0,14,0,0,0
1,5.0,0.79,3,10.961038,0,19,1,1,0
0,0.0,0.85,1,11.19794,0,16,1,1,0
3,0.0,0.88,0,10.898832,1,21,0,1,0
2,0.0,0.85,1,8.515618,0,13,1,0,0
0,0.0,0.85,1,11.585967,0,15,0,0,0
1,5.0,0.79,3,10.059538,0,21,0,0,0
0,0.0,0.85,1,10.357624,0,23,1,3,0
1,78.3,0.2194,5,12.094925,0,2,1,1,1
1,5.0,0.79,3,7.00723,0,12,0,3,0
0,0.0,0.85,1,8.710377,0,18,0,3,0
1,5.0,0.73,5,12.91098,0,11,0,1,0
0,0.0,0.85,1,12.725908,0,14,1,1,0
2,0.0,0.88,0,10.050989,0,12,1,1,0
1,5.0,0.79,3,9.811702,0,10,0,0,0
3,0.0,0.88,0,11.280682,1,1,0,0,0
1,5.0,0.67,7,10.990156,0,14,0,0,0
1,5.0,0.79,3,8.597157,0,20,0,0,0
0,0.0,0.85,1,8.714262,0,19,0,0,0
0,0.0,0.85,1,10.481116,0,11,0,0,0
3,0.0,0.88,0,12.956533,1,12,0,1,0
0,0.0,0.85,1,8.983653,0,10,1,2,0
3,0.0,0.85,1,13.162249,1,16,0,1,0
3,0.0,0.88,0,9.564824,1,21,0,1,0
3,0.0,0.85,1,10.415412,1,22,0,1,0
3,0.0,0.88,0,11.951914,1,8,1,1,0
3,0.0,0.85,1,12.872945,1,1,0,1,0
1,5.0,0.65,11,11.192481,0,12,0,2,0
1,5.0,0.79,3,11.231561,0,15,1,1,0
2,0.0,0.88,0,7.091958,0,15,0,3,0
2,0.0,0.85,1,8.188856,0,12,0,1,0
1,5.0,0.73,5,11.658057,0,3,1,3,0
3,0.0,0.85,1,12.44807,1,0,0,1,0
2,0.0,0.88,0,7.658912,0,1,0,3,0
2,0.0,0.85,1,7.818112,0,1,0,0,0
2,0.0,0.88,0,8.786446,0,0,1,0,0
1,5.0,0.73,5,11.884425,0,21,0,1,0
1,5.0,0.73,5,11.025681,0,14,0,2,0
1,5.0,0.79,3,11.920673,0,16,0,1,0
2,0.0,0.88,0,8.101878,0,11,0,0,0
1,5.0,0.82,2,9.773865,0,19,1,0,0
1,5.0,0.82,2,8.237858,0,21,0,0,0
1,5.0,0.82,2,12.191906,0,14,0,1,0
1,5.0,0.79,3,11.181191,0,10,1,0,0
0,0.0,0.85,1,11.719087,0,18,0,1,0
3,0.0,0.88,0,13.601263,1,12,0,2,0
2,0.0,0.88,0,7.14796,0,13,0,3,0
1,5.0,0.82,2,13.1616,0,10,0,1,0
2,0.0,0.88,0,9.439951,0,7,0,1,0
1,5.0,0.73,5,11.179704,0,15,0,1,0
0,0.0,0.85,1,11.307177,0,19,0,1,0
2,0.0,0.88,0,9.132572,0,14,0,0,0
1,5.0,0.73,5,13.469775,0,12,0,1,0
0,0.0,0.85,1,8.260912,0,20,0,0,0
0,0.0,0.85,1,13.337066,0,11,0,2,0
1,5.0,0.82,2,10.75008,0,19,1,1,0
3,0.0,0.88,0,12.876979,1,2,0,1,0
2,0.0,0.85,1,12.345715,0,11,0,2,0
1,5.0,0.7,6,13.649374,0,23,1,2,0
1,5.0,0.79,3,11.555948,0,11,0,2,0
1,5.0,0.79,3,11.371529,0,14,1,1,0
2,0.0,0.88,0,11.205313,0,12,1,2,0
2,0.0,0.88,0,8.343692,0,11,1,3,0
2,0.0,0.88,0,11.611153,0,12,1,2,0
2,0.0,0.82,2,12.352761,0,12,0,0,0
2,0.0,0.85,1,9.142574,0,9,0,1,0
1,5.0,0.76,4,13.927347,0,0,0,2,0
3,0.0,0.85,1,9.299851,1,0,0,1,0
0,0.0,0.85,1,11.267595,0,8,1,1,0
1,5.0,0.82,2,11.216028,0,10,1,1,0
2,0.0,0.88,0,8.675577,0,18,0,1,0
2,0.0,0.88,0,6.837547,0,11,0,3,0
3,0.0,0.88,0,12.631498,1,22,0,1,0
2,0.0,0.85,1,11.821271,0,14,1,2,0
1,5.0,0.76,4,11.125175,0,12,1,0,0
1,5.0,0.82,2,9.837175,0,0,1,0,0
3,0.0,0.88,0,10.084861,1,13,0,0,0
1,5.0,0.79,3,9.41943,0,10,0,0,0
1,5.0,0.76,4,9.408981,0,17,0,0,0
3,0.0,0.85,1,11.73686,1,13,0,1,0
1,60.3,0.1756,1,2.511224,0,16,1,1,1
1,5.0,0.65,12,11.816134,0,10,0,1,0
1,5.0,0.7,6,12.051522,0,14,1,2,0
0,0.0,0.85,1,8.575272,0,19,1,3,0
2,0.0,0.73,5,7.710219,0,15,0,3,0
2,0.0,0.76,4,7.761392,0,12,0,3,0
0,0.0,0.85,1,10.13278,0,2,0,1,0
1,5.0,0.79,3,11.402434,0,20,0,1,0
0,0.0,0.85,1,8.907412,0,17,0,2,0
3,0.0,0.88,0,12.751955,1,1,0,1,0
3,0.0,0.85,1,10.25374,1,2,0,2,0
1,5.0,0.79,3,13.707574,0,12,1,2,0
1,5.0,0.7,6,11.408125,0,5,0,0,0
1,5.0,0.7,6,10.51448,0,15,0,0,0
1,5.0,0.82,2,10.652501,0,10,1,0,0
2,0.0,0.88,0,9.267718,0,16,1,0,0
1,5.0,0.73,5,13.158194,0,12,1,1,0
2,0.0,0.88,0,10.826052,0,16,0,0,0
0,0.0,0.88,0,10.426427,0,2,1,0,0
0,0.0,0.88,0,11.930952,0,12,1,1,0
1,5.0,0.73,5,6.114699,0,11,0,3,0
1,5.0,0.7,6,8.877231,0,20,1,0,0
1,5.0,0.79,3,11.661371,0,16,0,1,0
2,0.0,0.88,0,10.496132,0,14,1,2,0
3,0.0,0.82,2,10.486866,1,0,0,1,0
1,5.0,0.82,2,12.384037,0,15,0,1,0
2,0.0,0.85,1,8.633614,0,21,0,0,0
1,5.0,0.79,3,10.279221,0,11,0,2,0
1,5.0,0.73,5,12.976743,0,6,0,1,0
0,0.0,0.85,1,10.349425,0,13,0,2,0
2,0.0,0.85,1,10.82605,0,13,0,1,0
3,0.0,0.88,0,12.969456,1,23,0,1,0
1,5.0,0.7,6,12.926623,0,15,0,2,0
1,5.0,0.79,3,10.527425,0,2,0,2,0
1,5.0,0.73,5,10.102685,0,0,1,3,0
1,5.0,0.82,2,7.995667,0,22,0,2,0
1,5.0,0.82,2,13.294931,0,14,0,2,0
3,0.0,0.85,1,12.601882,1,1,0,1,0
2,0.0,0.88,0,8.115105,0,18,1,0,0
1,5.0,0.7,6,9.149343,0,13,0,1,0
2,0.0,0.85,1,3.792789,0,7,1,3,0
3,0.0,0.88,0,12.204929,1,14,1,0,0
3,0.0,0.88,0,12.25617,1,20,0,0,0
3,0.0,0.73,5,11.074752,1,5,1,1,0
1,5.0,0.79,3,10.968802,0,12,0,1,0
0,0.0,0.85,1,10.851366,0,10,0,0,0
2,0.0,0.88,0,10.8463,0,15,0,1,0
0,44.7,0.0996,0,12.471243,0,12,0,0,1
2,0.0,0.88,0,8.295731,0,15,0,0,0
3,0.0,0.88,0,8.356726,1,23,0,1,0
3,0.0,0.88,0,11.612441,1,2,0,2,0
0,0.0,0.85,1,9.838166,0,14,0,1,0
2,0.0,0.88,0,10.898791,0,16,0,1,0
2,0.0,0.88,0,9.785561,0,16,1,1,0
1,5.0,0.82,2,9.990834,0,19,0,1,0
1,5.0,0.82,2,11.769584,0,17,0,1,0
1,5.0,0.82,2,8.910144,0,14,0,3,0
3,0.0,0.85,1,12.414556,1,12,1,1,0
0,0.0,0.85,1,9.200584,0,15,1,3,0
1,5.0,0.79,3,8.979131,0,19,0,2,0
2,0.0,0.85,1,6.900348,0,9,1,3,0
1,5.0,0.7,6,13.808175,0,9,1,2,0
2,0.0,0.88,0,9.137289,0,11,0,0,0
1,5.0,0.82,2,10.395835,0,15,0,0,0
1,5.0,0.73,5,10.1119,0,3,1,0,0
2,0.0,0.85,1,10.30309,0,11,1,1,0
1,5.0,0.79,3,10.792752,0,18,0,0,0
3,0.0,0.85,1,13.680841,1,12,0,2,0
1,5.0,0.73,5,8.308845,0,12,0,3,0
2,0.0,0.85,1,9.776236,0,22,0,1,0
0,70.0,0.22,2,16.5129,0,16,1,1,1
0,0.0,0.85,1,13.867266,0,1,1,2,0
2,0.0,0.88,0,8.435425,0,13,0,0,0
1,5.0,0.7,6,13.867208,0,15,0,2,0
1,5.0,0.82,2,8.168075,0,8,0,0,0
2,0.0,0.85,1,12.013228,0,5,1,2,0
3,0.0,0.88,0,10.606874,1,4,0,3,0
0,0.0,0.85,1,6.826578,0,1,0,0,0
1,5.0,0.65,10,11.906621,0,10,0,2,0
1,5.0,0.79,3,8.668812,0,17,0,3,0
3,0.0,0.88,0,11.137551,1,3,0,1,0
0,0.0,0.85,1,10.607495,0,22,1,1,0
2,0.0,0.85,1,7.789666,0,11,1,0,0
1,5.0,0.7,6,13.572029,0,2,0,2,0
1,5.0,0.82,2,11.061821,0,19,0,0,0
1,5.0,0.7,6,10.356438,0,23,0,0,0
1,61.5,0.1964,3,15.758103,0,2,0,2,1
2,0.0,0.85,1,9.080316,0,11,0,0,0
1,5.0,0.7,6,11.677326,0,12,1,2,0
1,5.0,0.65,8,10.584416,0,12,1,0,0
1,5.0,0.79,3,12.096373,0,15,0,1,0
1,5.0,0.82,2,12.679184,0,19,0,2,0
1,5.0,0.82,2,11.875479,0,0,0,2,0
1,63.9,0.2305,2,13.989152,0,14,0,0,1
1,5.0,0.79,3,12.053141,0,14,0,2,0
3,0.0,0.88,0,12.959575,1,7,1,1,0
2,0.0,0.88,0,8.45115,0,15,1,3,0
1,5.0,0.79,3,11.433136,0,12,0,0,0
2,0.0,0.88,0,8.109294,0,13,0,0,0
0,0.0,0.85,1,13.175704,0,10,1,2,0
1,5.0,0.79,3,11.233599,0,0,0,0,0
3,0.0,0.88,0,12.226579,1,0,0,2,0
1,5.0,0.73,5,12.19327,0,17,0,2,0
1,5.0,0.79,3,11.498058,0,13,0,1,0
2,0.0,0.85,1,8.422997,0,13,0,0,0
1,5.0,0.82,2,11.5787,0,18,0,1,0
1,5.0,0.82,2,8.203123,0,9,1,2,0
2,0.0,0.88,0,9.027174,0,15,0,0,0
1,5.0,0.82,2,11.628242,0,20,0,1,0
1,5.0,0.82,2,10.908591,0,18,0,0,0
1,5.0,0.65,9,10.258662,0,13,0,0,0
2,0.0,0.85,1,7.886506,0,12,1,0,0
1,5.0,0.79,3,7.867722,0,17,0,1,0
1,5.0,0.82,2,10.407618,0,20,0,1,0
2,0.0,0.88,0,7.469101,0,17,0,3,0
1,5.0,0.79,3,9.320597,0,17,0,1,0
3,0.0,0.88,0,12.411936,1,15,0,1,0
1,5.0,0.82,2,10.04722,0,20,0,1,0
0,0.0,0.85,1,9.780766,0,14,0,1,0
2,0.0,0.88,0,10.62369,0,17,0,1,0
0,0.0,0.85,1,8.767966,0,3,1,0,0
1,5.0,0.7,6,12.746282,0,15,0,1,0
2,0.0,0.88,0,7.638073,0,12,1,3,0
2,0.0,0.85,1,5.195066,0,13,0,3,0
1,5.0,0.82,2,9.399866,0,19,0,0,0
3,0.0,0.85,1,12.806801,1,1,0,1,0
1,5.0,0.79,3,11.290986,0,13,0,0,0
2,0.0,0.85,1,9.600636,0,8,0,0,0
3,0.0,0.85,1,12.962139,1,9,1,1,0
1,5.0,0.82,2,11.501425,0,17,0,0,0
2,0.0,0.85,1,8.563151,0,14,0,0,0
0,0.0,0.85,1,8.520083,0,21,0,1,0
3,0.0,0.88,0,11.65187,1,17,0,1,0
1,5.0,0.79,3,10.760766,0,19,0,1,0
1,5.0,0.82,2,10.744821,0,18,1,1,0
1,5.0,0.76,4,11.753666,0,17,0,0,0
2,0.0,0.88,0,11.846705,0,17,1,2,0
2,0.0,0.85,1,9.209377,0,9,0,0,0
2,0.0,0.85,1,9.348498,0,9,0,0,0
1,5.0,0.79,3,11.503275,0,10,1,0,0
1,5.0,0.65,10,11.859861,0,11,0,2,0
2,0.0,0.88,0,11.877757,0,13,0,2,0
1,5.0,0.76,4,10.694994,0,2,0,0,0
1,5.0,0.73,5,14.104105,0,10,0,2,0
3,0.0,0.88,0,13.328378,1,1,0,2,0
0,0.0,0.85,1,10.316305,0,21,1,1,0
2,0.0,0.85,1,9.063137,0,20,0,0,0
3,0.0,0.88,0,12.65456,1,1,0,1,0
1,5.0,0.82,2,11.897854,0,18,0,1,0
2,0.0,0.85,1,10.158837,0,3,0,1,0
1,5.0,0.82,2,10.157315,0,14,0,1,0
1,5.0,0.82,2,10.924727,0,19,0,1,0
0,0.0,0.85,1,11.717428,0,12,0,2,0
3,0.0,0.85,1,10.974302,1,22,0,3,0
1,5.0,0.79,3,8.244384,0,21,0,1,0
1,5.0,0.79,3,11.23535,0,10,0,1,0
1,5.0,0.79,3,9.430197,0,13,1,0,0
1,5.0,0.76,4,10.028777,0,5,0,0,0
2,0.0,0.88,0,8.259052,0,10,1,3,0
3,0.0,0.85,1,12.734804,1,0,1,1,0
1,5.0,0.82,2,13.249721,0,1,0,2,0
1,5.0,0.65,12,11.487598,0,14,0,0,0
2,0.0,0.88,0,12.826287,0,8,0,0,0
0,0.0,0.85,1,12.396937,0,9,0,2,0
1,5.0,0.65,12,11.599609,0,16,0,2,0
1,5.0,0.79,3,9.233026,0,16,0,0,0
2,0.0,0.85,1,11.180057,0,19,0,1,0
0,61.5,0.2201,13,12.266525,0,4,0,1,1
3,0.0,0.85,1,13.033289,1,12,0,2,0
1,5.0,0.82,2,14.092533,0,8,0,2,0
1,5.0,0.76,4,5.921096,0,14,0,3,0
2,0.0,0.85,1,8.956535,0,8,0,0,0
1,5.0,0.7,6,11.695058,0,1,0,0,0
1,5.0,0.7,6,12.336388,0,14,0,2,0
1,5.0,0.79,3,8.159292,0,13,0,3,0
0,0.0,0.88,0,11.750546,0,13,0,1,0
3,0.0,0.85,1,12.176949,1,23,0,1,0
3,0.0,0.88,0,7.346281,1,11,0,2,0
1,5.0,0.82,2,8.006977,0,20,0,2,0
3,0.0,0.85,1,13.595433,1,0,0,2,0
3,0.0,0.85,1,13.234766,1,22,0,2,0
1,5.0,0.79,3,9.628909,0,13,0,3,0
1,5.0,0.82,2,12.654926,0,22,0,1,0
2,0.0,0.88,0,9.144241,0,17,0,0,0
1,5.0,0.79,3,11.069757,0,4,1,1,0
1,5.0,0.79,3,11.552899,0,12,1,1,0
1,5.0,0.79,3,9.745751,0,18,0,0,0
0,0.0,0.85,1,10.605102,0,21,0,1,0
2,0.0,0.88,0,8.374756,0,13,0,0,0
2,0.0,0.88,0,11.111605,0,14,0,2,0
1,5.0,0.7,6,13.472403,0,13,0,2,0
0,0.0,0.85,1,10.549808,0,8,1,1,0
2,0.0,0.88,0,9.448611,0,18,0,2,0
1,5.0,0.82,2,9.360951,0,19,1,0,0
2,0.0,0.85,1,6.821838,0,23,0,3,0
1,5.0,0.65,11,12.661995,0,21,0,1,0
0,0.0,0.85,1,8.451305,0,14,0,2,0
2,0.0,0.88,0,8.392926,0,18,0,3,0
1,5.0,0.79,3,7.456882,0,23,0,2,0
1,5.0,0.82,2,10.65797,0,0,0,2,0
0,0.0,0.85,1,11.141563,0,19,1,1,0
2,0.0,0.88,0,6.503524,0,16,1,0,0
1,5.0,0.82,2,12.942615,0,13,0,2,0
1,5.0,0.7,6,12.933185,0,12,0,2,0
3,0.0,0.85,1,12.789227,1,3,1,1,0
2,0.0,0.85,1,11.412578,0,21,1,1,0
2,0.0,0.85,1,10.062894,0,18,0,2,0
2,0.0,0.88,0,10.283696,0,12,0,1,0
0,0.0,0.85,1,10.062793,0,13,0,0,0
0,76.3,0.1958,0,6.961884,0,0,0,3,1
1,5.0,0.76,4,11.787323,0,10,1,1,0
2,0.0,0.88,0,12.277388,0,10,1,2,0
0,0.0,0.85,1,13.064903,0,23,0,1,0
1,5.0,0.73,5,11.044028,0,21,1,0,0
2,0.0,0.85,1,8.621834,0,14,0,0,0
1,5.0,0.73,5,11.944585,0,23,0,1,0
2,0.0,0.85,1,9.851451,0,15,0,1,0
1,5.0,0.76,4,10.604569,0,11,0,0,0
2,0.0,0.85,1,7.296013,0,19,0,2,0
3,0.0,0.88,0,13.110981,1,10,0,2,0
0,0.0,0.85,1,10.617608,0,19,0,1,0
2,0.0,0.85,1,10.544001,0,17,1,1,0
0,0.0,0.85,1,13.062411,0,1,0,2,0
2,0.0,0.88,0,10.519952,0,10,1,1,0
2,0.0,0.88,0,10.444423,0,9,1,2,0
3,0.0,0.85,1,11.499815,1,1,0,0,0
2,0.0,0.85,1,11.880124,0,12,1,2,0
0,0.0,0.85,1,10.068163,0,15,0,1,0
0,0.0,0.85,1,11.681488,0,11,0,1,0
2,0.0,0.79,3,6.637507,0,13,1,2,0
1,5.0,0.82,2,12.248024,0,11,0,1,0
3,0.0,0.88,0,11.203583,1,14,0,1,0
1,5.0,0.82,2,13.415409,0,13,0,2,0
1,5.0,0.79,3,10.529471,0,18,1,2,0
1,5.0,0.79,3,11.182195,0,12,0,0,0
1,5.0,0.82,2,11.053216,0,12,0,1,0
1,5.0,0.82,2,10.804158,0,12,1,0,0
2,0.0,0.79,3,10.999531,0,13,0,1,0
1,5.0,0.76,4,11.911026,0,8,0,0,0
1,65.0,0.0705,3,3.482163,0,9,0,1,1
0,0.0,0.88,0,10.528116,0,18,1,2,0
2,0.0,0.88,0,11.194561,0,12,0,1,0
0,0.0,0.85,1,13.15173,0,16,0,2,0
2,0.0,0.85,1,7.699489,0,15,0,0,0
1,5.0,0.82,2,9.617863,0,12,0,1,0
0,0.0,0.85,1,9.093995,0,19,0,0,0
1,5.0,0.76,4,11.757277,0,0,0,1,0
0,0.0,0.85,1,8.629707,0,10,1,3,0
0,0.0,0.85,1,8.606688,0,19,0,1,0
3,0.0,0.88,0,11.752085,1,3,0,0,0
1,5.0,0.73,5,11.641617,0,11,0,0,0
1,5.0,0.79,3,11.426629,0,10,1,1,0
1,5.0,0.82,2,11.86693,0,14,0,2,0
2,0.0,0.88,0,7.929792,0,13,0,0,0
3,0.0,0.88,0,12.584344,1,7,0,1,0
1,5.0,0.79,3,10.284325,0,14,0,2,0
1,5.0,0.82,2,12.550514,0,10,0,1,0
1,5.0,0.82,2,11.160235,0,7,0,1,0
1,5.0,0.7,6,13.145244,0,11,1,2,0
0,77.8,0.1099,0,13.221266,0,9,1,0,1
1,5.0,0.82,2,10.605138,0,18,1,1,0
1,5.0,0.82,2,11.359214,0,22,0,1,0
1,5.0,0.7,6,10.602961,0,13,1,0,0
1,5.0,0.82,2,12.546037,0,23,0,1,0
1,5.0,0.79,3,11.462267,0,18,0,1,0
1,5.0,0.76,4,7.648873,0,10,0,2,0
2,0.0,0.88,0,7.620092,0,17,0,1,0
0,0.0,0.88,0,11.195115,0,20,1,1,0
3,0.0,0.85,1,12.182332,1,0,1,1,0
1,5.0,0.79,3,11.633071,0,15,0,1,0
1,5.0,0.82,2,10.437872,0,16,1,1,0
1,5.0,0.73,5,12.309509,0,15,1,1,0
1,5.0,0.7,6,10.607365,0,13,1,0,0
0,0.0,0.85,1,10.169653,0,16,1,1,0
1,5.0,0.73,5,11.614168,0,1,0,0,0
2,0.0,0.88,0,10.650337,0,16,0,1,0
1,5.0,0.82,2,11.412551,0,18,0,1,0
1,5.0,0.82,2,13.034308,0,15,0,2,0
3,0.0,0.88,0,12.350348,1,14,1,1,0
1,5.0,0.7,6,11.177651,0,16,0,0,0
1,5.0,0.82,2,11.476221,0,19,1,1,0
0,0.0,0.85,1,11.53303,0,19,0,1,0
1,5.0,0.76,4,9.906381,0,10,0,0,0
1,5.0,0.82,2,11.746852,0,22,0,0,0
1,5.0,0.79,3,7.81711,0,21,1,1,0
3,0.0,0.85,1,12.866058,1,9,0,2,0
1,5.0,0.82,2,10.868087,0,0,0,1,0
2,0.0,0.88,0,7.127629,0,15,0,3,0
2,0.0,0.88,0,9.10396,0,9,1,0,0
2,0.0,0.85,1,7.111039,0,14,1,0,0
1,5.0,0.82,2,12.655386,0,19,1,1,0
1,5.0,0.73,5,10.581305,0,14,0,0,0
1,5.0,0.82,2,10.16361,0,20,0,1,0
1,5.0,0.82,2,10.817745,0,13,0,0,0
1,5.0,0.79,3,8.256021,0,16,0,0,0
1,5.0,0.82,2,11.642986,0,12,0,0,0
0,0.0,0.85,1,7.913759,0,20,0,0,0
2,0.0,0.88,0,8.624473,0,14,1,0,0
0,0.0,0.88,0,9.552702,0,10,1,1,0
1,5.0,0.82,2,11.834235,0,21,0,1,0
1,5.0,0.82,2,12.040032,0,14,0,1,0
1,5.0,0.65,8,9.917392,0,15,0,0,0
3,0.0,0.85,1,12.978756,1,3,0,1,0
2,0.0,0.88,0,9.825109,0,13,0,0,0
1,5.0,0.82,2,9.337953,0,16,0,0,0
3,0.0,0.88,0,11.953548,1,4,0,0,0
1,5.0,0.7,6,11.54472,0,17,1,2,0
1,5.0,0.7,6,8.773522,0,14,0,1,0
1,5.0,0.79,3,11.828225,0,16,1,1,0
1,5.0,0.7,6,12.7733,0,0,0,1,0
2,0.0,0.85,1,8.575445,0,13,0,0,0
1,5.0,0.79,3,11.844175,0,17,0,1,0
1,5.0,0.73,5,13.103228,0,15,1,2,0
0,0.0,0.88,0,10.712725,0,23,1,1,0
2,0.0,0.88,0,12.187105,0,11,0,2,0
2,0.0,0.88,0,9.724439,0,14,0,1,0
0,0.0,0.85,1,9.919186,0,18,1,2,0
1,5.0,0.79,3,10.303622,0,0,1,0,0
3,0.0,0.88,0,12.535244,1,21,0,1,0
1,5.0,0.79,3,11.045227,0,14,0,2,0
1,5.0,0.79,3,9.162816,0,11,0,1,0
2,0.0,0.88,0,8.689919,0,11,0,3,0
2,0.0,0.88,0,9.328996,0,14,0,3,0
0,0.0,0.85,1,10.27809,0,15,1,3,0
1,5.0,0.73,5,12.091976,0,12,0,1,0
3,0.0,0.88,0,12.988937,1,4,0,1,0
1,5.0,0.79,3,8.715929,0,16,0,0,0
1,5.0,0.65,8,11.409501,0,3,1,0,0
0,0.0,0.85,1,10.622604,0,12,0,0,0
1,5.0,0.67,7,8.457447,0,13,1,0,0
1,5.0,0.65,11,13.057846,0,16,1,1,0
1,5.0,0.7,6,11.524849,0,16,1,1,0
1,5.0,0.79,3,12.510101,0,8,1,2,0
1,5.0,0.79,3,8.422496,0,10,0,3,0
1,5.0,0.76,4,11.052903,0,12,0,0,0
2,0.0,0.85,1,7.616407,0,16,0,3,0
1,5.0,0.7,6,7.734651,0,12,0,2,0
0,0.0,0.85,1,12.00736,0,18,0,1,0
2,0.0,0.88,0,13.28625,0,17,1,1,0
1,5.0,0.76,4,13.451469,0,21,0,2,0
1,5.0,0.67,7,8.542953,0,10,0,0,0
0,0.0,0.85,1,9.744536,0,19,1,1,0
2,0.0,0.85,1,5.435554,0,13,1,3,0
1,5.0,0.79,3,10.569694,0,19,1,1,0
2,0.0,0.85,1,9.376667,0,17,0,1,0
1,5.0,0.7,6,12.789116,0,0,0,1,0
2,0.0,0.88,0,11.812647,0,17,0,2,0
0,0.0,0.85,1,10.2397,0,0,0,2,0
1,5.0,0.76,4,9.144845,0,4,1,3,0
1,5.0,0.82,2,10.818885,0,12,0,1,0
1,5.0,0.65,12,11.559455,0,17,1,0,0
3,0.0,0.85,1,11.839446,1,3,1,1,0
1,5.0,0.82,2,11.184534,0,14,0,1,0
3,0.0,0.85,1,11.531104,1,21,1,2,0
2,0.0,0.79,3,10.558746,0,10,1,1,0
0,0.0,0.85,1,11.033834,0,8,0,1,0
1,5.0,0.7,6,11.986279,0,11,0,1,0
1,5.0,0.79,3,11.452029,0,15,0,1,0
1,5.0,0.7,6,7.982693,0,20,0,1,0
2,0.0,0.88,0,7.787448,0,12,0,1,0
2,0.0,0.85,1,8.606513,0,20,0,0,0
3,0.0,0.85,1,11.36746,1,14,1,1,0
1,5.0,0.76,4,9.950358,0,11,0,0,0
2,0.0,0.88,0,9.8341,0,14,0,1,0
2,0.0,0.85,1,9.58352,0,12,1,0,0
2,0.0,0.85,1,9.637142,0,14,1,2,0
3,0.0,0.85,1,9.798758,1,1,0,3,0
2,0.0,0.88,0,10.876906,0,9,1,1,0
0,0.0,0.85,1,10.781735,0,17,1,2,0
2,0.0,0.85,1,8.178319,0,9,1,3,0
2,0.0,0.85,1,10.498008,0,17,0,2,0
0,0.0,0.85,1,13.756198,0,12,1,2,0
2,0.0,0.85,1,8.987108,0,11,0,1,0
1,5.0,0.79,3,7.304079,0,13,0,0,0
1,46.4,0.1189,14,11.286867,0,10,0,2,1
1,5.0,0.79,3,11.187231,0,13,0,1,0
3,0.0,0.88,0,11.629151,1,21,0,2,0
0,0.0,0.85,1,9.999281,0,17,0,0,0
0,0.0,0.85,1,11.057431,0,0,0,0,0
1,5.0,0.82,2,8.814124,0,20,1,3,0
3,0.0,0.88,0,8.777989,1,15,0,3,0
3,0.0,0.88,0,11.380171,1,7,0,0,0
2,0.0,0.82,2,9.034584,0,9,1,0,0
1,5.0,0.76,4,9.443516,0,23,0,3,0
1,5.0,0.65,8,10.215441,0,22,0,0,0
2,0.0,0.88,0,8.285473,0,18,0,0,0
1,5.0,0.82,2,9.111912,0,19,0,0,0
1,5.0,0.73,5,13.139513,0,11,1,1,0
1,5.0,0.65,8,8.162898,0,12,0,3,0
1,5.0,0.76,4,10.093051,0,13,0,0,0
1,67.5,0.2206,12,9.594177,0,2,0,3,1
3,0.0,0.85,1,11.941054,1,4,0,2,0
2,0.0,0.88,0,9.743015,0,13,0,1,0
1,5.0,0.7,6,9.117431,0,21,0,2,0
2,0.0,0.88,0,9.2771,0,16,0,0,0
3,0.0,0.88,0,12.799228,1,1,0,1,0
0,0.0,0.88,0,10.781074,0,12,0,1,0
2,0.0,0.85,1,7.530045,0,15,0,0,0
2,0.0,0.85,1,10.900811,0,12,0,2,0
1,5.0,0.76,4,10.735092,0,15,0,2,0
0,46.7,0.1185,1,2.341806,0,5,1,1,1
1,5.0,0.65,11,13.770859,0,9,0,2,0
2,0.0,0.85,1,8.998364,0,10,0,0,0
1,5.0,0.65,12,8.584061,0,16,1,1,0
1,5.0,0.79,3,10.868726,0,11,0,0,0
3,0.0,0.85,1,11.018028,1,14,0,0,0
2,0.0,0.82,2,8.798071,0,18,0,0,0
2,0.0,0.85,1,11.99353,0,16,0,2,0
2,0.0,0.85,1,10.511158,0,13,1,1,0
1,5.0,0.7,6,10.630491,0,11,0,0,0
1,5.0,0.65,10,13.682898,0,13,1,2,0
2,0.0,0.88,0,9.303085,0,15,1,0,0
1,5.0,0.82,2,12.54328,0,13,0,2,0
1,5.0,0.7,6,13.011691,0,17,1,1,0
2,0.0,0.88,0,11.095115,0,7,1,1,0
1,5.0,0.82,2,11.352415,0,14,1,0,0
0,0.0,0.85,1,13.055974,0,17,0,1,0
2,0.0,0.85,1,6.960632,0,16,0,0,0
3,0.0,0.88,0,13.364599,1,22,0,2,0
1,64.7,0.0912,1,13.670734,0,8,0,1,1
2,0.0,0.85,1,10.942935,0,11,0,2,0
2,0.0,0.85,1,10.620577,0,10,1,2,0
1,5.0,0.73,5,9.183838,0,0,1,3,0
2,0.0,0.85,1,10.091306,0,16,0,2,0
1,5.0,0.65,11,11.371918,0,14,0,0,0
0,64.6,0.0638,8,3.124565,0,10,0,1,1
1,5.0,0.7,6,11.23115,0,11,1,1,0
1,76.8,0.0997,10,10.706784,0,0,0,2,1
3,0.0,0.88,0,11.920383,1,17,0,2,0
2,0.0,0.88,0,8.881679,0,13,1,0,0
0,0.0,0.85,1,10.344634,0,17,0,0,0
3,0.0,0.88,0,12.114095,1,23,0,1,0
3,0.0,0.88,0,10.845217,1,5,0,1,0
1,5.0,0.79,3,11.519039,0,18,0,1,0
3,0.0,0.88,0,9.912715,1,20,0,2,0
1,5.0,0.82,2,12.811385,0,11,1,2,0
1,5.0,0.67,7,13.699332,0,15,0,2,0
1,5.0,0.79,3,9.621898,0,7,0,2,0
0,0.0,0.85,1,8.640992,0,18,0,1,0
1,5.0,0.7,6,10.379825,0,17,1,0,0
1,5.0,0.82,2,10.36539,0,11,0,1,0
0,0.0,0.85,1,10.426628,0,20,1,1,0
2,0.0,0.88,0,7.66091,0,12,1,3,0
2,0.0,0.85,1,7.959608,0,13,0,3,0
1,5.0,0.79,3,8.851505,0,14,0,1,0
2,0.0,0.88,0,9.293963,0,17,1,0,0
2,0.0,0.85,1,10.010033,0,9,0,1,0
1,5.0,0.82,2,12.466232,0,11,0,1,0
0,0.0,0.85,1,8.884861,0,10,0,2,0
0,0.0,0.85,1,9.306074,0,15,1,1,0
2,0.0,0.88,0,10.16966,0,18,0,2,0
1,5.0,0.76,4,13.165657,0,23,0,2,0
1,5.0,0.76,4,12.058469,0,13,1,1,0
0,0.0,0.85,1,13.192579,0,12,0,1,0
2,0.0,0.88,0,7.032598,0,18,1,0,0
1,5.0,0.79,3,8.032367,0,17,0,0,0
2,0.0,0.88,0,5.873131,0,9,0,0,0
1,5.0,0.79,3,10.314278,0,17,0,3,0
2,0.0,0.85,1,10.826199,0,7,0,0,0
1,5.0,0.65,10,12.139426,0,0,0,1,0
1,5.0,0.79,3,11.883993,0,13,1,1,0
1,5.0,0.7,6,13.247896,0,7,0,1,0
1,5.0,0.82,2,11.934449,0,21,0,1,0
1,5.0,0.82,2,13.207695,0,9,0,2,0
1,5.0,0.79,3,9.292128,0,0,1,0,0
3,0.0,0.85,1,11.189743,1,16,0,1,0
1,5.0,0.65,9,9.384188,0,0,0,0,0
1,5.0,0.65,9,12.866259,0,15,0,1,0
2,0.0,0.85,1,12.407294,0,16,0,2,0
1,5.0,0.7,6,10.907303,0,13,0,0,0
2,0.0,0.88,0,10.965937,0,12,0,1,0
3,0.0,0.88,0,12.282844,1,23,0,1,0
0,0.0,0.88,0,10.744204,0,12,0,0,0
2,0.0,0.88,0,8.969586,0,18,0,1,0
1,5.0,0.65,11,9.154249,0,7,0,3,0
2,0.0,0.85,1,11.182378,0,12,1,1,0
2,0.0,0.85,1,7.564648,0,16,0,0,0
1,5.0,0.65,11,8.698925,0,18,0,0,0
1,5.0,0.7,6,11.620614,0,11,0,1,0
0,0.0,0.85,1,11.319328,0,11,0,1,0
1,5.0,0.73,5,12.823484,0,14,1,1,0
1,5.0,0.82,2,11.186768,0,18,0,1,0
2,0.0,0.88,0,7.958416,0,12,0,0,0
1,5.0,0.82,2,11.561343,0,14,0,1,0
2,0.0,0.88,0,6.473582,0,7,0,0,0
1,5.0,0.76,4,13.10362,0,11,1,2,0
0,0.0,0.85,1,9.701493,0,17,0,0,0
0,0.0,0.85,1,10.22642,0,20,0,1,0
1,5.0,0.82,2,12.131307,0,19,1,1,0
2,0.0,0.88,0,7.92037,0,10,1,0,0
2,0.0,0.85,1,7.07165,0,20,1,0,0
2,0.0,0.85,1,9.240546,0,9,1,1,0
1,5.0,0.82,2,12.584026,0,13,0,2,0
1,5.0,0.67,7,10.942469,0,11,0,0,0
1,5.0,0.82,2,13.159539,0,17,0,2,0
1,5.0,0.82,2,11.639226,0,1,0,0,0
1,5.0,0.7,6,9.808631,0,10,1,0,0
1,5.0,0.76,4,11.599368,0,15,0,0,0
2,0.0,0.88,0,11.108932,0,11,1,1,0
3,0.0,0.85,1,10.040729,1,2,0,0,0
2,0.0,0.85,1,11.257726,0,13,0,1,0
2,0.0,0.88,0,9.315226,0,15,1,0,0
0,53.0,0.0793,1,2.582487,0,21,0,1,1
3,0.0,0.85,1,12.295396,1,11,0,1,0
1,5.0,0.76,4,13.041858,0,11,0,2,0
1,5.0,0.67,7,11.38181,0,6,0,0,0
1,5.0,0.7,6,11.449349,0,19,1,0,0
2,0.0,0.85,1,11.482669,0,17,0,0,0
2,0.0,0.85,1,7.219627,0,16,1,0,0
1,5.0,0.7,6,9.145008,0,19,0,3,0
2,0.0,0.88,0,9.307365,0,7,1,0,0
1,5.0,0.76,4,13.450056,0,10,0,2,0
1,5.0,0.82,2,11.488404,0,17,1,0,0
2,0.0,0.85,1,10.280156,0,12,0,1,0
3,0.0,0.85,1,11.40292,1,1,0,0,0
1,5.0,0.79,3,11.23841,0,8,0,0,0
1,5.0,0.82,2,9.640392,0,16,1,1,0
1,5.0,0.76,4,13.448723,0,11,0,2,0
1,5.0,0.76,4,10.99741,0,14,0,0,0
3,0.0,0.85,1,12.66702,1,2,0,0,0
1,5.0,0.7,6,10.455403,0,14,0,3,0
1,5.0,0.79,3,9.979654,0,13,1,0,0
1,5.0,0.7,6,13.803878,0,12,0,2,0
0,0.0,0.85,1,10.789766,0,23,1,1,0
1,5.0,0.7,6,12.617635,0,16,0,1,0
2,0.0,0.85,1,9.430757,0,15,0,0,0
1,5.0,0.65,8,10.762603,0,11,0,0,0
3,0.0,0.85,1,9.50854,1,3,0,3,0
1,5.0,0.79,3,9.375322,0,10,0,0,0
2,0.0,0.88,0,9.244128,0,4,1,0,0
1,5.0,0.7,6,11.156446,0,23,0,1,0
0,0.0,0.85,1,12.316385,0,1,0,2,0
2,0.0,0.85,1,8.102505,0,10,0,0,0
1,5.0,0.79,3,6.633937,0,20,1,3,0
1,5.0,0.76,4,8.824023,0,17,0,0,0
1,5.0,0.79,3,9.241031,0,19,1,2,0
2,0.0,0.88,0,9.132991,0,12,0,0,0
1,5.0,0.73,5,13.926967,0,12,0,2,0
0,0.0,0.85,1,9.564531,0,0,0,2,0
2,0.0,0.88,0,6.654977,0,10,1,3,0
1,5.0,0.76,4,13.916376,0,0,0,2,0
1,5.0,0.82,2,10.830895,0,14,0,0,0
2,0.0,0.88,0,11.180506,0,10,0,1,0
1,5.0,0.7,6,11.232866,0,11,0,0,0
1,5.0,0.76,4,13.788512,0,2,1,2,0
1,5.0,0.67,7,13.20686,0,12,0,2,0
1,5.0,0.65,10,11.579725,0,12,1,1,0
2,0.0,0.85,1,8.606785,0,11,0,0,0
1,5.0,0.82,2,13.553148,0,0,0,2,0
1,5.0,0.76,4,14.003556,0,12,1,2,0
2,0.0,0.85,1,9.372916,0,6,1,0,0
2,0.0,0.88,0,8.728196,0,14,0,0,0
0,0.0,0.85,1,8.853271,0,11,1,0,0
2,0.0,0.85,1,10.201816,0,12,0,1,0
1,5.0,0.82,2,12.087384,0,21,0,1,0
1,56.5,0.074,14,11.874461,0,10,0,1,1
1,5.0,0.79,3,10.795614,0,20,0,1,0
1,5.0,0.76,4,13.725069,0,0,0,2,0
1,5.0,0.65,8,12.022545,0,9,0,1,0
1,5.0,0.79,3,10.955831,0,23,0,0,0
1,5.0,0.76,4,12.233323,0,10,0,2,0
1,5.0,0.76,4,12.136039,0,0,0,2,0
3,0.0,0.88,0,11.906928,1,1,0,1,0
0,66.2,0.1785,0,3.803769,0,13,0,3,1
1,5.0,0.82,2,12.950432,0,12,0,2,0
2,0.0,0.85,1,9.405459,0,16,0,1,0
1,5.0,0.73,5,12.424622,0,11,0,1,0
1,5.0,0.76,4,8.799254,0,0,0,3,0
1,5.0,0.76,4,14.221029,0,16,0,2,0
1,5.0,0.82,2,11.65507,0,16,0,1,0
0,0.0,0.85,1,13.503824,0,14,1,2,0
1,5.0,0.82,2,11.528343,0,15,0,1,0
3,0.0,0.85,1,11.42293,1,3,0,0,0
1,5.0,0.79,3,8.679577,0,1,1,3,0
1,5.0,0.65,10,13.254652,0,13,0,1,0
3,0.0,0.88,0,8.766885,1,4,1,1,0
1,5.0,0.65,10,9.879561,0,22,0,0,0
0,0.0,0.85,1,9.318258,0,20,0,0,0
2,0.0,0.85,1,9.595527,0,10,0,0,0
3,0.0,0.88,0,12.677094,1,0,0,1,0
0,0.0,0.85,1,10.524417,0,2,0,0,0
1,5.0,0.82,2,10.879301,0,18,0,1,0
2,0.0,0.85,1,10.203362,0,8,0,1,0
0,0.0,0.85,1,8.822048,0,0,0,1,0
3,0.0,0.85,1,12.846721,1,23,0,1,0
1,5.0,0.67,7,10.051202,0,19,1,3,0
1,5.0,0.79,3,13.734568,0,0,0,2,0
1,5.0,0.79,3,11.495437,0,18,0,1,0
2,0.0,0.88,0,7.421184,0,10,0,0,0
2,0.0,0.88,0,8.642934,0,9,0,3,0
0,0.0,0.88,0,11.039619,0,21,1,1,0
1,5.0,0.65,10,9.476614,0,10,0,3,0
2,0.0,0.85,1,9.239997,0,10,0,0,0
1,5.0,0.82,2,9.125766,0,23,0,1,0
2,0.0,0.88,0,9.068562,0,15,1,0,0
0,0.0,0.85,1,11.640342,0,2,0,0,0
1,5.0,0.82,2,12.764008,0,16,0,2,0
2,0.0,0.88,0,11.801,0,12,1,2,0
1,5.0,0.82,2,8.577292,0,21,0,1,0
2,0.0,0.88,0,10.970926,0,16,0,1,0
1,5.0,0.65,9,10.056076,0,23,0,3,0
2,0.0,0.85,1,7.029079,0,14,0,0,0
2,0.0,0.85,1,8.974838,0,12,0,0,0
0,0.0,0.85,1,10.662581,0,11,0,0,0
2,0.0,0.88,0,12.168625,0,16,0,2,0
2,0.0,0.88,0,8.535777,0,19,0,1,0
2,0.0,0.85,1,12.369451,0,11,0,2,0
2,0.0,0.88,0,11.112342,0,19,1,2,0
1,5.0,0.73,5,11.288723,0,20,1,0,0
2,0.0,0.85,1,10.936391,0,18,1,1,0
1,5.0,0.76,4,13.535761,0,10,0,2,0
1,5.0,0.65,11,10.764697,0,12,1,0,0
2,0.0,0.88,0,11.452066,0,11,0,1,0
3,0.0,0.88,0,10.342482,1,10,0,3,0
0,0.0,0.85,1,9.179096,0,8,0,0,0
2,0.0,0.88,0,10.745768,0,10,0,1,0
1,5.0,0.65,12,12.475357,0,11,0,2,0
1,5.0,0.82,2,12.429307,0,14,0,2,0
1,5.0,0.79,3,12.092947,0,17,0,1,0
0,0.0,0.85,1,10.180885,0,15,0,1,0
0,0.0,0.85,1,9.692408,0,21,0,0,0
1,5.0,0.82,2,10.32867,0,14,0,2,0
3,0.0,0.85,1,12.589272,1,7,1,1,0
3,0.0,0.85,1,12.675612,1,23,0,1,0
2,0.0,0.85,1,10.364975,0,17,0,1,0
2,0.0,0.85,1,11.416426,0,13,1,0,0
1,5.0,0.79,3,12.113537,0,16,0,1,0
1,5.0,0.82,2,9.261088,0,13,1,2,0
2,0.0,0.88,0,8.425087,0,21,0,0,0
0,0.0,0.85,1,11.042837,0,15,1,1,0
1,5.0,0.73,5,13.301135,0,19,0,2,0
1,5.0,0.76,4,12.11814,0,13,0,1,0
0,0.0,0.85,1,11.770244,0,10,0,1,0
2,0.0,0.88,0,11.885512,0,18,1,2,0
2,0.0,0.88,0,6.798643,0,12,1,3,0
1,5.0,0.82,2,9.798328,0,8,0,1,0
3,0.0,0.88,0,11.53827,1,1,0,0,0
1,5.0,0.82,2,11.754411,0,10,0,0,0
3,0.0,0.85,1,11.260195,1,21,0,1,0
1,5.0,0.82,2,11.580999,0,22,0,1,0
0,0.0,0.85,1,5.792922,0,20,1,2,0
1,5.0,0.73,5,11.082807,0,12,0,0,0
3,0.0,0.85,1,9.698352,1,0,0,1,0
2,0.0,0.88,0,8.714618,0,23,1,3,0
1,5.0,0.79,3,9.670687,0,19,0,0,0
3,0.0,0.85,1,12.15161,1,9,0,1,0
1,5.0,0.82,2,11.509902,0,18,0,0,0
1,5.0,0.82,2,11.462392,0,13,1,1,0
1,5.0,0.82,2,9.492017,0,18,1,0,0
3,0.0,0.88,0,10.885253,1,1,1,1,0
2,0.0,0.85,1,11.887234,0,9,1,2,0
3,0.0,0.85,1,11.066636,1,11,0,2,0
0,0.0,0.85,1,8.55414,0,19,0,0,0
2,0.0,0.88,0,8.605887,0,13,0,0,0
2,0.0,0.88,0,10.69874,0,12,1,1,0
0,0.0,0.85,1,8.264281,0,18,0,3,0
2,0.0,0.88,0,9.483898,0,9,1,0,0
2,0.0,0.85,1,5.663655,0,10,1,3,0
1,5.0,0.7,6,10.140209,0,9,0,3,0
1,5.0,0.79,3,11.622917,0,20,0,1,0
2,0.0,0.85,1,10.953286,0,11,0,1,0
0,0.0,0.88,0,10.296326,0,16,0,1,0
2,0.0,0.88,0,10.227619,0,16,0,1,0
2,0.0,0.85,1,11.358745,0,11,0,1,0
0,0.0,0.85,1,10.107089,0,20,1,2,0
2,0.0,0.88,0,11.550207,0,11,0,2,0
1,5.0,0.7,6,12.002553,0,2,1,1,0
1,5.0,0.73,5,11.926999,0,19,0,0,0
1,5.0,0.73,5,13.522238,0,16,0,2,0
2,0.0,0.85,1,10.670519,0,14,0,1,0
3,0.0,0.85,1,12.136986,1,17,0,1,0
0,0.0,0.85,1,11.864407,0,8,0,1,0
2,0.0,0.85,1,8.380406,0,14,1,1,0
1,5.0,0.76,4,10.595268,0,12,0,0,0
1,5.0,0.67,7,9.457853,0,23,0,0,0
2,0.0,0.88,0,6.280171,0,13,1,0,0
2,0.0,0.85,1,10.605288,0,14,0,1,0
2,0.0,0.88,0,8.392383,0,12,0,0,0
1,5.0,0.7,6,11.207685,0,14,0,0,0
1,5.0,0.82,2,11.479941,0,16,0,1,0
1,62.9,0.1816,1,14.518225,0,20,0,2,1
1,5.0,0.73,5,9.616115,0,13,0,0,0
1,5.0,0.76,4,11.865067,0,23,0,1,0
1,5.0,0.7,6,10.982791,0,18,0,0,0
1,5.0,0.73,5,11.919284,0,12,1,2,0
2,0.0,0.85,1,9.90376,0,15,0,2,0
1,5.0,0.82,2,11.654469,0,15,1,1,0
1,5.0,0.73,5,13.308316,0,13,0,2,0
0,0.0,0.85,1,8.073842,0,17,1,0,0
1,5.0,0.79,3,9.718087,0,12,0,0,0
1,5.0,0.79,3,11.66427,0,19,0,1,0
0,0.0,0.85,1,9.489006,0,20,0,0,0
3,0.0,0.85,1,12.818131,1,23,0,1,0
0,0.0,0.85,1,13.193696,0,11,0,2,0
1,5.0,0.7,6,10.95909,0,14,0,1,0
2,0.0,0.85,1,9.409093,0,2,1,0,0
1,5.0,0.82,2,9.394692,0,20,0,0,0
2,0.0,0.88,0,8.166901,0,14,0,0,0
2,0.0,0.88,0,9.547779,0,17,1,1,0
2,0.0,0.85,1,8.134746,0,10,0,3,0
2,0.0,0.85,1,9.331297,0,10,0,1,0
2,0.0,0.85,1,8.408556,0,16,0,0,0
1,5.0,0.73,5,13.157244,0,14,0,2,0
1,5.0,0.7,6,12.221825,0,11,1,2,0
1,5.0,0.7,6,11.808939,0,19,0,1,0
2,0.0,0.88,0,7.915476,0,13,0,0,0
2,0.0,0.88,0,10.971613,0,19,0,2,0
2,0.0,0.85,1,11.337845,0,11,0,2,0
2,0.0,0.85,1,11.144724,0,10,0,1,0
2,0.0,0.88,0,9.069752,0,13,0,0,0
1,41.0,0.2498,2,3.589059,0,3,1,1,1
1,5.0,0.82,2,11.691435,0,2,1,1,0
2,0.0,0.85,1,8.786209,0,13,0,0,0
1,5.0,0.7,6,11.441012,0,3,0,2,0
0,0.0,0.85,1,10.959092,0,18,0,1,0
2,0.0,0.88,0,7.096961,0,9,0,3,0
2,0.0,0.85,1,9.068359,0,13,0,0,0
1,5.0,0.82,2,13.056724,0,13,0,2,0
3,0.0,0.88,0,12.893315,1,1,1,1,0
0,0.0,0.85,1,10.379577,0,14,0,1,0
1,5.0,0.82,2,10.176579,0,17,0,2,0
2,0.0,0.85,1,11.559915,0,18,1,2,0
1,5.0,0.67,7,11.668229,0,11,0,1,0
0,0.0,0.85,1,11.441604,0,15,0,1,0
2,0.0,0.88,0,6.269324,0,17,0,0,0
1,5.0,0.82,2,11.600234,0,23,1,0,0
2,0.0,0.85,1,10.982985,0,23,1,1,0
1,5.0,0.7,6,13.340524,0,12,1,2,0
1,5.0,0.79,3,10.95834,0,14,0,0,0
2,0.0,0.88,0,11.029257,0,3,0,1,0
1,5.0,0.82,2,11.456911,0,18,0,1,0
2,0.0,0.88,0,10.209911,0,7,0,2,0
0,0.0,0.85,1,11.027648,0,0,1,1,0
2,0.0,0.88,0,10.620711,0,22,0,1,0
2,0.0,0.85,1,8.301321,0,13,0,0,0
2,0.0,0.85,1,9.634807,0,15,0,0,0
2,0.0,0.85,1,10.827377,0,6,0,1,0
2,0.0,0.85,1,10.054614,0,10,0,2,0
0,0.0,0.85,1,9.731477,0,16,0,2,0
2,0.0,0.85,1,11.137979,0,9,0,1,0
1,5.0,0.65,9,13.552332,0,9,1,2,0
1,5.0,0.7,6,10.812911,0,14,1,1,0
1,5.0,0.73,5,11.405205,0,9,0,0,0
3,0.0,0.85,1,12.254953,1,13,0,1,0
1,5.0,0.7,6,11.115576,0,10,1,0,0
1,5.0,0.73,5,5.99436,0,13,0,0,0
1,5.0,0.82,2,10.193057,0,10,0,2,0
2,0.0,0.85,1,11.584869,0,13,0,2,0
0,0.0,0.85,1,8.069374,0,17,0,3,0
1,5.0,0.79,3,8.362981,0,11,0,3,0
2,0.0,0.85,1,9.280762,0,23,1,0,0
1,5.0,0.73,5,13.088879,0,21,1,2,0
1,5.0,0.76,4,8.766432,0,19,0,2,0
3,0.0,0.85,1,13.030217,1,12,1,1,0
1,5.0,0.65,11,9.231514,0,12,0,3,0
2,0.0,0.85,1,9.575059,0,19,0,0,0
0,0.0,0.85,1,10.694408,0,23,0,1,0
0,0.0,0.85,1,9.493184,0,13,0,3,0
2,0.0,0.85,1,8.113582,0,11,0,1,0
2,0.0,0.88,0,8.635152,0,13,0,3,0
1,5.0,0.79,3,10.525018,0,15,0,2,0
2,0.0,0.88,0,9.180977,0,16,1,0,0
1,5.0,0.73,5,12.356144,0,15,0,1,0
1,5.0,0.82,2,11.201652,0,10,0,2,0
2,0.0,0.88,0,8.20538,0,13,0,0,0
1,5.0,0.73,5,11.455303,0,3,1,1,0
3,0.0,0.88,0,12.38357,1,21,0,1,0
0,0.0,0.85,1,13.971327,0,9,1,2,0
2,0.0,0.88,0,9.838046,0,10,0,1,0
2,0.0,0.88,0,10.947406,0,12,0,1,0
3,0.0,0.88,0,11.240887,1,23,0,2,0
0,0.0,0.85,1,13.744872,0,14,1,2,0
2,0.0,0.88,0,8.55637,0,10,1,0,0
2,0.0,0.88,0,11.264502,0,16,1,2,0
1,5.0,0.73,5,10.702201,0,17,1,0,0
2,0.0,0.85,1,8.889437,0,13,0,0,0
1,5.0,0.82,2,10.544381,0,15,1,1,0
1,5.0,0.82,2,11.117529,0,17,1,1,0
0,0.0,0.85,1,10.234767,0,19,0,1,0
1,5.0,0.79,3,10.605058,0,17,0,1,0
0,0.0,0.85,1,11.886753,0,22,1,1,0
1,5.0,0.79,3,11.51918,0,11,1,0,0
2,0.0,0.85,1,10.952692,0,18,0,1,0
0,0.0,0.85,1,10.742846,0,10,0,1,0
3,0.0,0.85,1,13.174682,1,1,1,2,0
2,0.0,0.85,1,9.687497,0,4,0,1,0
2,0.0,0.85,1,7.751583,0,12,0,3,0
2,0.0,0.85,1,11.849656,0,7,0,2,0
2,0.0,0.85,1,10.288438,0,19,1,2,0
2,0.0,0.88,0,11.967051,0,12,0,2,0
2,0.0,0.88,0,7.127035,0,12,0,0,0
3,0.0,0.85,1,9.070319,1,4,0,0,0
1,5.0,0.82,2,11.101025,0,16,1,1,0
1,5.0,0.65,12,13.869352,0,15,0,2,0
0,0.0,0.85,1,9.810869,0,18,1,1,0
0,0.0,0.85,1,11.678555,0,16,1,1,0
1,5.0,0.79,3,9.721505,0,19,1,1,0
3,0.0,0.85,1,12.342448,1,17,1,1,0
2,0.0,0.85,1,8.617791,0,13,0,3,0
2,0.0,0.85,1,9.565281,0,16,1,1,0
2,0.0,0.85,1,6.337781,0,15,1,0,0
0,0.0,0.85,1,9.429963,0,20,0,3,0
2,0.0,0.88,0,10.66304,0,9,1,1,0
1,5.0,0.79,3,11.702827,0,9,0,1,0
2,0.0,0.88,0,11.541474,0,16,0,2,0
0,0.0,0.85,1,14.264498,0,7,1,2,0
1,5.0,0.82,2,11.912802,0,12,0,1,0
1,5.0,0.67,7,10.677181,0,11,0,0,0
1,5.0,0.65,10,8.962302,0,13,1,3,0
1,5.0,0.7,6,13.616765,0,11,0,2,0
1,5.0,0.65,11,11.333623,0,10,1,0,0
2,0.0,0.88,0,7.390083,0,18,0,3,0
1,5.0,0.82,2,10.687715,0,23,0,1,0
1,5.0,0.65,8,10.187729,0,20,0,0,0
1,5.0,0.65,11,13.467852,0,13,1,2,0
1,5.0,0.65,12,13.394562,0,0,1,2,0
3,0.0,0.85,1,11.307073,1,2,0,0,0
2,0.0,0.88,0,10.636154,0,20,1,1,0
3,0.0,0.88,0,11.798214,1,17,1,1,0
2,0.0,0.85,1,8.166867,0,17,0,0,0
2,0.0,0.85,1,10.90068,0,12,0,1,0
0,0.0,0.85,1,13.574556,0,14,0,1,0
2,0.0,0.88,0,9.378597,0,0,0,0,0
1,5.0,0.7,6,12.600634,0,10,0,2,0
2,0.0,0.85,1,8.055428,0,17,0,0,0
1,5.0,0.73,5,10.042869,0,10,0,0,0
1,5.0,0.79,3,8.372241,0,1,0,3,0
0,0.0,0.85,1,8.419232,0,12,0,0,0
0,0.0,0.85,1,7.824166,0,11,0,2,0
0,0.0,0.85,1,12.233896,0,12,0,1,0
3,0.0,0.85,1,12.050342,1,14,0,1,0
2,0.0,0.88,0,10.361172,0,10,1,1,0
0,0.0,0.85,1,10.886761,0,13,1,1,0
1,5.0,0.73,5,13.59509,0,1,0,2,0
0,0.0,0.85,1,11.371381,0,17,1,3,0
1,5.0,0.82,2,11.538515,0,12,0,1,0
3,0.0,0.88,0,8.25633,1,1,0,3,0
2,0.0,0.88,0,10.695401,0,11,1,1,0
2,0.0,0.85,1,11.388165,0,18,0,1,0
1,5.0,0.79,3,7.677048,0,18,0,1,0
1,5.0,0.7,6,13.27668,0,15,0,2,0
3,0.0,0.88,0,13.528119,1,23,1,2,0
1,69.0,0.0921,1,9.5284,0,0,0,0,1
3,0.0,0.85,1,7.1236,1,10,0,3,0
2,0.0,0.88,0,8.237445,0,18,0,3,0
2,0.0,0.85,1,12.008582,0,13,0,2,0
1,5.0,0.82,2,10.50267,0,10,0,1,0
1,5.0,0.73,5,11.642463,0,12,0,2,0
3,0.0,0.85,1,12.335116,1,16,1,1,0
1,5.0,0.79,3,10.793216,0,13,0,1,0
1,5.0,0.65,10,12.300522,0,15,0,1,0
1,5.0,0.76,4,11.526676,0,23,0,1,0
0,0.0,0.88,0,11.063938,0,11,1,0,0
2,0.0,0.88,0,10.136817,0,15,1,1,0
1,5.0,0.73,5,11.496916,0,13,0,0,0
1,64.8,0.0947,0,13.932717,0,17,1,0,1
1,5.0,0.7,6,9.928123,0,13,0,3,0
1,5.0,0.82,2,12.999379,0,14,0,1,0
0,0.0,0.85,1,11.45658,0,11,0,0,0
1,5.0,0.76,4,12.877404,0,11,0,1,0
3,0.0,0.88,0,11.39844,1,23,0,1,0
1,5.0,0.7,6,11.21889,0,10,0,0,0
0,0.0,0.85,1,9.896335,0,13,1,0,0
0,0.0,0.85,1,9.812385,0,18,0,2,0
2,0.0,0.88,0,9.101722,0,9,0,0,0
1,5.0,0.82,2,7.084159,0,18,0,0,0
0,0.0,0.85,1,11.093622,0,23,0,1,0
1,5.0,0.79,3,10.501349,0,20,0,1,0
0,0.0,0.85,1,10.986272,0,8,0,1,0
0,0.0,0.85,1,10.877854,0,16,0,2,0
1,5.0,0.82,2,12.477097,0,15,1,1,0
3,0.0,0.88,0,12.565815,1,10,0,1,0
1,5.0,0.65,9,10.666298,0,10,1,0,0
1,5.0,0.7,6,8.571733,0,10,0,0,0
0,0.0,0.85,1,10.928099,0,19,0,1,0
1,5.0,0.82,2,10.273012,0,19,0,1,0
1,5.0,0.82,2,11.64688,0,19,0,0,0
1,5.0,0.79,3,13.503128,0,2,0,2,0
1,5.0,0.76,4,10.677141,0,11,0,0,0
3,0.0,0.88,0,12.271039,1,22,0,0,0
2,0.0,0.85,1,11.094147,0,10,0,2,0
2,0.0,0.88,0,10.457239,0,16,1,2,0
1,5.0,0.79,3,9.949026,0,13,0,3,0
1,5.0,0.82,2,11.926647,0,15,0,1,0
1,5.0,0.79,3,11.29991,0,3,0,1,0
2,0.0,0.85,1,8.240174,0,15,0,1,0
1,5.0,0.79,3,9.847453,0,11,0,1,0
2,0.0,0.88,0,7.615628,0,13,0,1,0
3,0.0,0.85,1,8.72477,1,1,0,0,0
1,5.0,0.7,6,13.181211,0,15,0,2,0
1,5.0,0.82,2,10.868222,0,21,1,1,0
0,0.0,0.85,1,11.100495,0,23,0,0,0
1,5.0,0.76,4,13.283508,0,16,1,2,0
2,0.0,0.88,0,8.770725,0,13,0,0,0
0,0.0,0.85,1,9.953188,0,19,0,1,0
1,5.0,0.7,6,12.641044,0,14,0,1,0
3,0.0,0.88,0,13.189192,1,1,1,1,0
2,0.0,0.88,0,9.3544,0,19,0,2,0
1,5.0,0.82,2,12.204962,0,17,0,1,0
1,5.0,0.79,3,8.42703,0,12,0,2,0
0,0.0,0.85,1,11.108529,0,15,0,1,0
2,0.0,0.88,0,8.417477,0,17,0,0,0
1,5.0,0.79,3,9.464005,0,18,0,0,0
1,5.0,0.7,6,11.63306,0,13,0,1,0
1,5.0,0.79,3,8.121234,0,22,0,0,0
1,5.0,0.73,5,8.917213,0,14,0,3,0
2,0.0,0.88,0,11.443416,0,15,1,1,0
2,0.0,0.88,0,8.861408,0,9,0,0,0
3,0.0,0.88,0,11.353503,1,22,1,0,0
2,0.0,0.85,1,9.190283,0,11,1,0,0
0,0.0,0.88,0,7.897865,0,22,0,3,0
0,0.0,0.85,1,13.983028,0,15,0,2,0
2,0.0,0.88,0,7.640897,0,22,0,0,0
1,5.0,0.76,4,9.284052,0,0,0,1,0
0,0.0,0.85,1,9.734142,0,18,0,0,0
1,5.0,0.7,6,13.161906,0,13,0,2,0
1,5.0,0.79,3,11.478504,0,19,0,1,0
1,5.0,0.79,3,12.644083,0,10,0,1,0
0,55.9,0.137,0,13.458495,0,2,1,2,1
1,5.0,0.79,3,12.902448,0,22,1,2,0
1,5.0,0.82,2,9.80625,0,18,0,1,0
1,5.0,0.76,4,12.455485,0,14,0,2,0
2,0.0,0.85,1,8.215071,0,10,0,0,0
1,5.0,0.65,11,5.595455,0,0,0,3,0
1,5.0,0.76,4,13.048968,0,12,0,1,0
1,5.0,0.7,6,12.936878,0,14,0,1,0
2,0.0,0.85,1,9.969475,0,9,0,1,0
1,5.0,0.73,5,10.01644,0,11,1,3,0
1,5.0,0.79,3,12.250759,0,12,0,2,0
3,0.0,0.88,0,12.768796,1,23,0,1,0
1,5.0,0.79,3,10.72707,0,22,0,0,0
2,0.0,0.85,1,10.125816,0,22,1,1,0
1,78.4,0.2467,2,13.881775,0,19,0,1,1
3,0.0,0.85,1,11.477382,1,4,0,1,0
3,0.0,0.85,1,12.762363,1,18,0,1,0
1,5.0,0.73,5,11.103456,0,2,1,2,0
1,5.0,0.79,3,9.916264,0,12,0,3,0
1,5.0,0.73,5,11.33072,0,1,0,0,0
0,0.0,0.85,1,11.554771,0,19,0,1,0
0,0.0,0.85,1,12.028311,0,21,0,1,0
1,5.0,0.73,5,8.343166,0,1,0,0,0
0,0.0,0.85,1,10.655886,0,14,1,0,0
3,0.0,0.88,0,12.127043,1,9,0,0,0
1,5.0,0.82,2,9.623525,0,19,0,0,0
1,5.0,0.73,5,10.169054,0,11,0,2,0
1,5.0,0.79,3,12.399016,0,7,1,2,0
2,0.0,0.85,1,6.578557,0,9,0,3,0
3,0.0,0.88,0,12.839642,1,16,1,1,0
1,5.0,0.7,6,8.417556,0,12,0,0,0
2,0.0,0.88,0,11.648501,0,11,0,2,0
1,5.0,0.79,3,9.709207,0,17,1,0,0
1,5.0,0.73,5,11.373252,0,11,1,0,0
1,5.0,0.82,2,8.424378,0,11,0,1,0
1,5.0,0.65,8,10.845284,0,3,0,2,0
0,0.0,0.85,1,10.472308,0,18,1,1,0
1,5.0,0.65,11,11.981062,0,12,0,2,0
2,0.0,0.85,1,8.27601,0,17,0,0,0
1,5.0,0.76,4,12.54569,0,11,0,1,0
1,5.0,0.76,4,11.023122,0,12,0,0,0
1,5.0,0.73,5,11.014738,0,13,1,0,0
1,5.0,0.79,3,11.101326,0,20,0,1,0
2,0.0,0.88,0,8.530554,0,11,0,0,0
1,5.0,0.82,2,9.988564,0,15,0,2,0
1,5.0,0.7,6,9.231433,0,13,0,3,0
2,0.0,0.85,1,9.056719,0,19,0,0,0
2,0.0,0.88,0,11.047597,0,12,0,1,0
0,0.0,0.85,1,9.299113,0,18,1,0,0
1,5.0,0.82,2,10.398934,0,11,0,0,0
2,0.0,0.88,0,10.824791,0,9,0,1,0
0,0.0,0.85,1,11.469354,0,9,1,1,0
1,5.0,0.82,2,10.459596,0,16,0,0,0
2,0.0,0.88,0,8.721868,0,10,1,0,0
3,0.0,0.85,1,12.957963,1,0,0,1,0
2,0.0,0.88,0,9.304331,0,16,0,0,0
2,0.0,0.82,2,10.531474,0,12,1,1,0
1,5.0,0.79,3,11.62844,0,17,0,1,0
1,5.0,0.76,4,11.349891,0,11,1,0,0
2,0.0,0.85,1,6.461796,0,17,0,3,0
1,5.0,0.79,3,11.301938,0,18,0,1,0
2,0.0,0.85,1,12.455208,0,14,1,2,0
1,5.0,0.79,3,11.829714,0,16,0,1,0
3,0.0,0.88,0,12.627945,1,23,0,1,0
2,0.0,0.88,0,11.893171,0,11,0,2,0
0,0.0,0.85,1,13.245411,0,13,0,1,0
3,0.0,0.82,2,11.5356,1,13,0,2,0
2,0.0,0.88,0,13.433251,0,17,0,1,0
3,0.0,0.85,1,12.90139,1,20,1,1,0
1,5.0,0.79,3,11.196994,0,15,1,2,0
2,0.0,0.88,0,12.446444,0,9,0,2,0
0,0.0,0.85,1,11.425898,0,13,1,0,0
1,5.0,0.73,5,9.806232,0,10,0,0,0
1,5.0,0.7,6,13.37434,0,23,0,2,0
1,5.0,0.7,6,11.782589,0,16,0,1,0
3,0.0,0.85,1,13.078954,1,1,0,2,0
1,5.0,0.79,3,9.078668,0,16,1,0,0
1,5.0,0.82,2,11.09887,0,18,1,0,0
2,0.0,0.88,0,8.953512,0,6,0,0,0
0,0.0,0.85,1,13.914245,0,19,0,2,0
2,0.0,0.88,0,9.15961,0,21,0,0,0
1,5.0,0.65,10,12.350962,0,11,0,1,0
0,0.0,0.88,0,10.619073,0,6,0,2,0
2,0.0,0.85,1,10.474075,0,11,0,0,0
1,5.0,0.7,6,13.888318,0,2,0,2,0
0,0.0,0.85,1,9.845933,0,12,0,0,0
2,0.0,0.85,1,6.799947,0,11,0,3,0
2,0.0,0.88,0,9.668954,0,12,0,1,0
1,5.0,0.82,2,11.722418,0,23,0,1,0
1,5.0,0.7,6,10.980858,0,13,0,2,0
1,5.0,0.76,4,13.255009,0,22,1,2,0
0,0.0,0.85,1,11.59595,0,20,0,1,0
2,0.0,0.85,1,7.861361,0,10,1,2,0
2,0.0,0.88,0,9.979976,0,11,0,2,0
1,5.0,0.7,6,13.65155,0,23,0,2,0
2,0.0,0.88,0,10.389547,0,17,0,1,0
1,5.0,0.82,2,8.911766,0,20,1,0,0
3,0.0,0.85,1,12.095962,1,22,1,0,0
1,5.0,0.79,3,13.251654,0,10,0,2,0
0,0.0,0.85,1,12.20893,0,14,1,2,0
2,0.0,0.88,0,7.127541,0,13,0,0,0
1,5.0,0.7,6,9.611199,0,12,1,3,0
2,0.0,0.88,0,10.470975,0,3,1,1,0
1,5.0,0.65,8,11.851393,0,11,0,2,0
1,5.0,0.79,3,8.222755,0,18,0,1,0
1,5.0,0.73,5,12.7044,0,7,0,1,0
1,5.0,0.82,2,9.490451,0,16,0,0,0
0,0.0,0.85,1,11.048033,0,0,0,0,0
0,0.0,0.85,1,10.824924,0,16,0,1,0
1,5.0,0.82,2,9.352368,0,1,1,1,0
1,5.0,0.7,6,13.157779,0,11,0,2,0
1,5.0,0.79,3,12.460573,0,22,1,1,0
1,5.0,0.76,4,10.720399,0,12,1,2,0
1,5.0,0.7,6,11.0092,0,12,1,1,0
1,5.0,0.79,3,10.585361,0,2,0,1,0
2,0.0,0.85,1,9.206908,0,7,0,0,0
0,0.0,0.85,1,10.315455,0,20,1,2,0
0,0.0,0.85,1,13.014371,0,12,0,1,0
1,5.0,0.76,4,13.84419,0,16,1,1,0
1,5.0,0.82,2,9.9205,0,17,0,0,0
1,5.0,0.82,2,8.693185,0,0,1,2,0
2,0.0,0.88,0,10.336077,0,16,0,1,0
0,58.6,0.1425,14,8.638003,0,11,0,0,1
2,0.0,0.85,1,7.01635,0,12,0,1,0
0,0.0,0.85,1,9.056004,0,11,0,1,0
1,5.0,0.76,4,11.37874,0,13,0,0,0
2,0.0,0.88,0,10.562221,0,10,0,1,0
2,0.0,0.85,1,7.070673,0,12,0,3,0
1,5.0,0.7,6,10.801084,0,14,0,0,0
3,0.0,0.85,1,12.181211,1,22,0,0,0
3,0.0,0.88,0,9.853787,1,16,1,1,0
3,0.0,0.88,0,9.085788,1,8,0,3,0
3,0.0,0.88,0,12.264363,1,23,1,1,0
1,5.0,0.79,3,10.033492,0,13,0,0,0
2,0.0,0.85,1,8.87443,0,11,0,0,0
2,0.0,0.88,0,8.995198,0,11,0,0,0
1,5.0,0.79,3,11.203435,0,10,1,1,0
1,5.0,0.7,6,8.500641,0,15,0,0,0
1,5.0,0.73,5,13.328738,0,15,0,2,0
1,5.0,0.79,3,11.061866,0,16,0,1,0
1,5.0,0.82,2,12.461003,0,13,1,1,0
1,48.8,0.0863,1,10.115842,0,3,0,0,1
2,0.0,0.88,0,10.063454,0,19,0,1,0
1,5.0,0.82,2,5.789624,0,21,1,3,0
1,5.0,0.82,2,13.178474,0,16,0,2,0
1,5.0,0.7,6,11.041239,0,12,1,0,0
1,5.0,0.79,3,12.987529,0,14,1,1,0
1,67.3,0.1584,16,8.06606,0,12,0,0,1
2,0.0,0.85,1,7.134564,0,12,0,0,0
1,5.0,0.73,5,10.927707,0,10,0,2,0
2,0.0,0.85,1,10.204015,0,13,0,1,0
1,5.0,0.79,3,9.293238,0,18,1,1,0
1,5.0,0.73,5,12.142324,0,11,0,2,0
2,0.0,0.85,1,9.171357,0,17,1,0,0
1,5.0,0.79,3,9.623531,0,12,0,3,0
0,0.0,0.85,1,11.718106,0,21,0,1,0
1,5.0,0.7,6,7.895067,0,13,0,3,0
0,0.0,0.85,1,10.687128,0,13,0,0,0
1,5.0,0.67,7,10.922962,0,13,0,0,0
0,0.0,0.85,1,11.801501,0,22,1,2,0
0,0.0,0.88,0,11.436829,0,13,0,0,0
2,0.0,0.88,0,9.956306,0,17,0,2,0
2,0.0,0.88,0,9.023202,0,15,0,0,0
2,0.0,0.85,1,9.493878,0,18,1,2,0
1,5.0,0.7,6,13.443363,0,15,0,2,0
2,0.0,0.85,1,8.858066,0,15,0,3,0
3,0.0,0.85,1,9.699088,1,3,0,1,0
1,5.0,0.79,3,10.620312,0,3,0,2,0
2,0.0,0.88,0,12.346399,0,16,0,2,0
1,54.0,0.1886,3,13.296776,0,2,0,1,1
0,0.0,0.85,1,10.228196,0,18,0,0,0
1,5.0,0.76,4,10.430387,0,12,0,2,0
1,78.7,0.195,6,13.946538,0,10,0,0,1
3,0.0,0.88,0,11.620683,1,0,0,1,0
0,0.0,0.85,1,11.690728,0,21,0,1,0
1,5.0,0.82,2,8.608948,0,18,1,0,0
1,5.0,0.79,3,12.004371,0,11,0,1,0
1,5.0,0.65,10,10.501869,0,14,1,1,0
1,40.2,0.1216,1,2.754934,0,22,0,1,1
3,0.0,0.85,1,12.085215,1,1,0,2,0
1,5.0,0.82,2,9.372895,0,16,0,1,0
3,0.0,0.88,0,9.973913,1,9,0,3,0
2,0.0,0.85,1,8.949475,0,12,0,0,0
1,5.0,0.82,2,10.780179,0,18,0,1,0
2,0.0,0.88,0,11.538377,0,11,0,1,0
1,5.0,0.76,4,11.283614,0,14,0,1,0
0,0.0,0.85,1,11.369122,0,22,1,1,0
1,5.0,0.7,6,12.923698,0,13,1,1,0
3,0.0,0.88,0,12.499389,1,3,0,2,0
1,5.0,0.82,2,9.332469,0,18,0,0,0
3,0.0,0.88,0,10.879009,1,19,0,1,0
3,0.0,0.85,1,13.373818,1,18,0,2,0
1,5.0,0.79,3,13.029222,0,15,0,2,0
1,5.0,0.79,3,11.977341,0,15,0,1,0
0,0.0,0.85,1,12.36465,0,20,0,1,0
3,0.0,0.88,0,13.334647,1,22,0,1,0
3,0.0,0.88,0,12.174833,1,17,0,1,0
3,0.0,0.88,0,11.629924,1,0,1,2,0
0,0.0,0.85,1,12.865572,0,11,1,2,0
0,0.0,0.85,1,7.954867,0,16,0,1,0
2,0.0,0.85,1,11.221852,0,15,1,1,0
3,0.0,0.88,0,13.799867,1,16,1,2,0
1,5.0,0.82,2,10.615535,0,13,0,2,0
2,0.0,0.88,0,8.825118,0,15,0,1,0
1,5.0,0.7,6,10.576728,0,12,0,0,0
1,5.0,0.82,2,10.4381,0,13,0,3,0
2,0.0,0.85,1,9.239697,0,16,1,0,0
3,0.0,0.85,1,9.999134,1,14,0,2,0
1,5.0,0.79,3,12.521502,0,2,0,1,0
3,0.0,0.88,0,10.804652,1,0,0,0,0
2,0.0,0.85,1,12.285326,0,16,0,1,0
1,5.0,0.82,2,10.362812,0,17,1,0,0
1,5.0,0.76,4,13.671614,0,13,0,2,0
1,5.0,0.79,3,11.341564,0,18,0,1,0
3,0.0,0.88,0,12.778352,1,0,0,2,0
1,44.4,0.1577,0,8.493034,0,3,1,0,1
1,5.0,0.7,6,12.227659,0,12,1,2,0
1,5.0,0.79,3,11.078512,0,12,0,0,0
1,5.0,0.65,12,8.364201,0,14,0,0,0
2,0.0,0.88,0,11.149261,0,15,0,1,0
0,0.0,0.85,1,10.603226,0,14,0,1,0
1,5.0,0.7,6,13.668869,0,12,0,2,0
2,0.0,0.88,0,8.355648,0,8,0,3,0
1,5.0,0.76,4,13.007851,0,17,0,1,0
2,0.0,0.88,0,8.46499,0,18,1,0,0
0,67.8,0.114,1,12.54025,0,3,0,1,1
2,0.0,0.88,0,11.432623,0,6,0,2,0
1,5.0,0.73,5,13.47917,0,15,0,2,0
2,0.0,0.85,1,7.904339,0,10,1,2,0
0,0.0,0.88,0,13.001191,0,13,0,1,0
2,0.0,0.88,0,10.826443,0,10,0,1,0
0,0.0,0.85,1,12.4233,0,20,1,2,0
1,5.0,0.73,5,9.981607,0,9,0,3,0
1,5.0,0.76,4,11.47202,0,13,0,0,0
1,5.0,0.73,5,11.014836,0,12,0,0,0
1,5.0,0.7,6,6.491255,0,17,0,3,0
1,5.0,0.79,3,12.042243,0,18,0,1,0
1,5.0,0.82,2,10.965822,0,12,0,0,0
0,0.0,0.85,1,12.631213,0,10,0,1,0
3,0.0,0.88,0,10.710151,1,17,0,0,0
1,5.0,0.79,3,9.850327,0,17,0,0,0
2,0.0,0.88,0,13.059064,0,10,0,0,0
2,0.0,0.88,0,8.743012,0,18,0,0,0
3,0.0,0.85,1,13.288929,1,22,0,2,0
1,5.0,0.65,12,12.62132,0,7,1,1,0
1,5.0,0.7,6,13.76144,0,16,0,2,0
0,0.0,0.85,1,13.148838,0,3,1,2,0
2,0.0,0.88,0,11.405276,0,14,0,1,0
1,5.0,0.82,2,11.586172,0,16,0,1,0
2,0.0,0.85,1,7.118664,0,11,0,3,0
2,0.0,0.88,0,10.73534,0,11,1,1,0
1,5.0,0.73,5,11.020514,0,17,0,0,0
1,5.0,0.79,3,12.446586,0,14,1,2,0
2,0.0,0.88,0,11.832861,0,11,0,2,0
1,5.0,0.82,2,11.344695,0,6,0,1,0
1,5.0,0.73,5,11.095492,0,17,0,0,0
0,0.0,0.85,1,11.600856,0,14,0,1,0
0,48.1,0.2132,17,9.954672,0,10,1,1,1
1,5.0,0.82,2,9.593409,0,18,0,0,0
1,5.0,0.73,5,12.43651,0,17,0,1,0
1,5.0,0.82,2,10.660904,0,16,0,0,0
1,5.0,0.82,2,9.903167,0,12,0,1,0
0,0.0,0.85,1,13.160806,0,7,1,2,0
3,0.0,0.88,0,10.756535,1,13,0,0,0
2,0.0,0.88,0,9.458707,0,12,0,1,0
3,0.0,0.88,0,12.534809,1,0,0,1,0
0,0.0,0.85,1,10.283144,0,17,0,2,0
0,0.0,0.85,1,8.516967,0,16,0,3,0
0,0.0,0.88,0,11.636518,0,14,0,0,0
0,0.0,0.85,1,9.615398,0,20,0,2,0
1,5.0,0.79,3,10.636737,0,18,0,1,0
0,0.0,0.85,1,11.684865,0,0,1,1,0
1,5.0,0.79,3,11.79264,0,1,1,1,0
2,0.0,0.85,1,9.668082,0,13,0,1,0
0,0.0,0.85,1,11.684064,0,20,1,1,0
0,0.0,0.85,1,12.107762,0,11,0,1,0
3,0.0,0.85,1,12.75509,1,13,1,2,0
3,0.0,0.85,1,11.351714,1,1,0,2,0
1,5.0,0.82,2,10.111786,0,11,0,3,0
1,5.0,0.82,2,7.643157,0,14,0,1,0
2,0.0,0.85,1,9.091167,0,12,0,0,0
2,0.0,0.88,0,10.754854,0,16,1,1,0
0,0.0,0.85,1,11.587645,0,22,0,1,0
3,0.0,0.88,0,10.379661,1,22,0,3,0
2,0.0,0.85,1,8.762899,0,14,0,0,0
0,0.0,0.85,1,11.532495,0,23,0,1,0
0,57.3,0.1669,14,13.352479,0,12,0,2,1
3,0.0,0.88,0,12.066962,1,9,1,1,0
1,5.0,0.79,3,11.808111,0,20,0,1,0
3,0.0,0.88,0,11.781745,1,3,1,2,0
1,5.0,0.7,6,12.412038,0,7,0,2,0
2,0.0,0.88,0,9.545706,0,7,0,1,0
3,0.0,0.88,0,11.405668,1,14,0,0,0
2,0.0,0.88,0,11.377036,0,6,1,2,0
3,0.0,0.88,0,11.621946,1,1,0,0,0
1,5.0,0.79,3,11.696691,0,17,0,1,0
0,0.0,0.85,1,7.723005,0,8,0,3,0
2,0.0,0.73,5,10.426689,0,18,0,1,0
2,0.0,0.88,0,9.236672,0,12,0,0,0
1,5.0,0.67,7,13.36257,0,18,0,2,0
2,0.0,0.88,0,10.595726,0,18,0,1,0
2,0.0,0.88,0,7.736403,0,10,1,3,0
3,0.0,0.85,1,10.480196,1,19,0,0,0
1,5.0,0.73,5,11.473809,0,13,1,2,0
2,0.0,0.88,0,9.328117,0,21,0,0,0
1,5.0,0.76,4,13.301232,0,14,0,2,0
0,0.0,0.85,1,10.23778,0,2,0,1,0
1,5.0,0.65,9,11.673216,0,10,0,0,0
1,5.0,0.82,2,11.50702,0,13,0,0,0
2,0.0,0.85,1,9.279241,0,8,0,1,0
0,0.0,0.85,1,12.756791,0,10,0,1,0
2,0.0,0.85,1,6.606826,0,14,0,1,0
0,0.0,0.85,1,10.649394,0,21,1,0,0
2,0.0,0.85,1,7.894572,0,15,0,0,0
2,0.0,0.85,1,8.885614,0,16,1,0,0
1,5.0,0.82,2,12.041667,0,14,0,0,0
2,0.0,0.88,0,10.530103,0,11,1,1,0
0,0.0,0.85,1,12.490403,0,18,0,2,0
1,5.0,0.7,6,10.324349,0,12,0,1,0
1,5.0,0.79,3,11.676066,0,10,0,0,0
1,5.0,0.82,2,10.321132,0,20,1,2,0
1,5.0,0.79,3,10.054816,0,14,1,0,0
2,0.0,0.85,1,11.668773,0,11,1,2,0
2,0.0,0.88,0,5.031157,0,12,1,3,0
0,0.0,0.85,1,9.441932,0,14,0,0,0
1,5.0,0.82,2,11.923448,0,13,1,0,0
1,5.0,0.65,12,12.936177,0,15,0,1,0
2,0.0,0.85,1,10.902831,0,4,1,1,0
3,0.0,0.88,0,14.089657,1,12,0,2,0
2,0.0,0.88,0,7.06082,0,13,0,0,0
1,5.0,0.82,2,11.960247,0,10,0,1,0
1,5.0,0.76,4,8.254755,0,11,1,0,0
0,0.0,0.85,1,12.692838,0,2,1,1,0
1,5.0,0.67,7,13.81052,0,19,1,2,0
2,0.0,0.85,1,10.753808,0,16,0,1,0
1,5.0,0.73,5,12.512434,0,1,1,2,0
2,0.0,0.88,0,12.037323,0,23,0,2,0
3,0.0,0.85,1,13.238819,1,17,1,2,0
1,5.0,0.76,4,12.792413,0,10,0,2,0
2,0.0,0.88,0,7.723801,0,15,0,0,0
0,0.0,0.85,1,11.04183,0,15,0,1,0
1,5.0,0.65,8,9.443172,0,13,0,1,0
1,5.0,0.82,2,11.463844,0,23,0,0,0
0,67.6,0.2467,1,13.193611,0,13,1,2,1
1,5.0,0.82,2,11.103098,0,11,0,0,0
1,5.0,0.65,9,9.124226,0,2,1,3,0
1,5.0,0.7,6,12.336039,0,11,0,1,0
1,5.0,0.82,2,11.037973,0,10,1,1,0
2,0.0,0.88,0,8.953096,0,12,1,1,0
1,5.0,0.67,7,10.982915,0,14,0,0,0
1,5.0,0.79,3,11.281101,0,13,0,2,0
2,0.0,0.85,1,8.940887,0,14,1,0,0
0,0.0,0.85,1,10.735029,0,6,0,0,0
2,0.0,0.88,0,8.811271,0,10,1,0,0
2,0.0,0.85,1,9.05206,0,17,1,0,0
1,5.0,0.79,3,11.03927,0,22,0,1,0
1,5.0,0.73,5,13.333648,0,13,0,1,0
0,0.0,0.85,1,11.006037,0,12,0,1,0
1,5.0,0.76,4,13.144769,0,23,0,0,0
1,5.0,0.79,3,12.819102,0,2,0,2,0
1,5.0,0.79,3,11.62265,0,17,0,2,0
2,0.0,0.85,1,11.583491,0,15,0,2,0
2,0.0,0.88,0,10.965849,0,12,0,0,0
0,0.0,0.85,1,13.185488,0,3,0,2,0
0,0.0,0.85,1,10.291173,0,18,0,2,0
1,5.0,0.7,6,14.028206,0,12,0,2,0
1,5.0,0.79,3,9.677494,0,20,0,1,0
2,0.0,0.82,2,8.734666,0,13,0,0,0
0,0.0,0.88,0,13.489507,0,12,1,2,0
3,0.0,0.85,1,12.375277,1,0,0,1,0
3,0.0,0.82,2,11.917548,1,22,0,0,0
1,5.0,0.82,2,8.867457,0,12,0,1,0
2,0.0,0.88,0,6.299831,0,5,0,3,0
3,0.0,0.85,1,13.598383,1,4,0,2,0
0,0.0,0.85,1,11.459085,0,11,1,0,0
2,0.0,0.85,1,8.999685,0,14,1,0,0
0,0.0,0.85,1,9.125967,0,20,0,1,0
3,0.0,0.88,0,13.459567,1,16,0,2,0
2,0.0,0.85,1,10.585052,0,13,0,1,0
0,0.0,0.88,0,10.503234,0,20,1,1,0
0,0.0,0.85,1,11.69274,0,16,0,1,0
0,0.0,0.85,1,11.100222,0,18,1,1,0
3,0.0,0.85,1,11.699151,1,23,0,1,0
0,0.0,0.85,1,13.899195,0,16,0,2,0
1,5.0,0.82,2,7.738275,0,9,0,0,0
1,5.0,0.73,5,12.831051,0,1,0,1,0
0,0.0,0.85,1,9.55813,0,19,0,0,0
1,5.0,0.76,4,13.28984,0,10,0,2,0
1,5.0,0.73,5,12.669061,0,10,1,1,0
1,5.0,0.7,6,11.421203,0,18,0,0,0
1,5.0,0.82,2,7.275899,0,1,0,0,0
3,0.0,0.85,1,11.187849,1,23,1,0,0
2,0.0,0.88,0,10.963015,0,15,0,1,0
0,0.0,0.85,1,10.868518,0,12,0,1,0
2,0.0,0.85,1,11.850819,0,9,0,2,0
1,5.0,0.82,2,5.618842,0,12,0,0,0
1,5.0,0.82,2,7.800311,0,14,0,1,0
1,5.0,0.82,2,10.721368,0,7,0,1,0
1,5.0,0.65,11,10.69495,0,11,0,1,0
1,5.0,0.65,11,10.043578,0,10,0,2,0
2,0.0,0.88,0,9.71408,0,9,0,0,0
0,0.0,0.85,1,7.036825,0,18,0,1,0
0,0.0,0.85,1,7.766218,0,14,0,0,0
2,0.0,0.88,0,8.350728,0,9,0,0,0
2,0.0,0.88,0,8.928504,0,14,0,0,0
1,5.0,0.82,2,10.787669,0,22,0,1,0
0,0.0,0.85,1,9.47132,0,23,0,1,0
2,0.0,0.85,1,8.575866,0,16,0,0,0
2,0.0,0.85,1,11.310785,0,17,1,1,0
2,0.0,0.88,0,10.76182,0,2,0,1,0
2,0.0,0.88,0,9.161015,0,2,1,1,0
0,0.0,0.85,1,7.919429,0,10,1,3,0
1,5.0,0.82,2,10.598583,0,19,0,1,0
1,5.0,0.73,5,9.640554,0,12,0,2,0
1,5.0,0.82,2,9.913847,0,17,0,2,0
1,5.0,0.79,3,9.262637,0,14,0,0,0
1,5.0,0.82,2,10.807042,0,0,0,1,0
2,0.0,0.85,1,10.730936,0,15,0,1,0
3,0.0,0.85,1,11.577967,1,3,0,1,0
0,0.0,0.85,1,8.463178,0,12,0,0,0
1,5.0,0.76,4,9.861221,0,11,0,0,0
0,0.0,0.85,1,10.583638,0,12,0,0,0
1,5.0,0.76,4,11.504431,0,19,0,1,0
3,0.0,0.88,0,10.502775,1,3,1,3,0
3,0.0,0.85,1,12.25864,1,22,0,2,0
1,5.0,0.82,2,12.076308,0,14,0,2,0
1,5.0,0.73,5,9.696894,0,17,1,3,0
2,0.0,0.85,1,11.032132,0,9,0,2,0
0,0.0,0.85,1,12.353867,0,16,0,1,0
1,5.0,0.79,3,10.630491,0,20,0,2,0
2,0.0,0.88,0,10.836318,0,18,0,1,0
1,5.0,0.82,2,8.194994,0,13,0,1,0
1,5.0,0.79,3,11.165383,0,16,0,2,0
2,0.0,0.85,1,7.765853,0,16,0,3,0
0,0.0,0.85,1,11.800114,0,0,0,1,0
1,5.0,0.79,3,11.636679,0,0,0,0,0
1,5.0,0.82,2,10.724034,0,11,0,0,0
1,5.0,0.82,2,10.712024,0,19,0,1,0
2,0.0,0.88,0,9.759606,0,3,0,1,0
1,5.0,0.76,4,13.379152,0,10,0,1,0
1,5.0,0.7,6,13.325914,0,18,0,2,0
1,5.0,0.79,3,11.586523,0,12,0,1,0
1,5.0,0.79,3,12.78823,0,10,0,1,0
0,0.0,0.85,1,9.647654,0,13,0,2,0
1,5.0,0.7,6,9.217873,0,14,1,1,0
1,5.0,0.73,5,11.74097,0,22,0,0,0
2,0.0,0.88,0,9.682607,0,8,0,1,0
1,5.0,0.79,3,8.796799,0,18,1,1,0
0,0.0,0.85,1,10.028955,0,22,1,1,0
1,5.0,0.76,4,13.445347,0,12,0,2,0
1,5.0,0.79,3,10.900014,0,19,0,1,0
1,5.0,0.79,3,9.039212,0,13,0,2,0
2,0.0,0.85,1,8.419514,0,16,0,0,0
1,5.0,0.7,6,9.283958,0,1,0,0,0
1,5.0,0.76,4,8.621557,0,4,0,3,0
1,5.0,0.82,2,12.929692,0,11,0,1,0
2,0.0,0.88,0,5.758933,0,12,0,3,0
1,5.0,0.82,2,11.541029,0,5,1,1,0
3,0.0,0.85,1,12.936825,1,15,1,1,0
1,5.0,0.79,3,10.974049,0,17,0,1,0
0,77.5,0.1972,1,2.561096,0,12,0,1,1
1,5.0,0.76,4,12.675943,0,13,1,1,0
1,5.0,0.82,2,11.389504,0,17,0,1,0
3,0.0,0.88,0,11.019311,1,2,0,1,0
1,5.0,0.82,2,11.400182,0,20,0,1,0
1,5.0,0.82,2,12.097133,0,10,0,1,0
2,0.0,0.85,1,8.47865,0,10,0,3,0
2,0.0,0.88,0,12.040059,0,14,1,2,0
2,0.0,0.85,1,11.284426,0,14,0,1,0
1,5.0,0.76,4,13.614203,0,17,0,2,0
1,5.0,0.7,6,10.214553,0,0,1,3,0
2,0.0,0.88,0,9.241352,0,11,1,0,0
1,5.0,0.82,2,11.594669,0,22,1,1,0
2,0.0,0.85,1,11.734538,0,18,0,3,0
1,70.8,0.1072,18,7.133791,0,17,0,3,1
1,5.0,0.82,2,10.893537,0,21,1,1,0
0,0.0,0.85,1,11.771015,0,21,0,1,0
3,0.0,0.85,1,13.148095,1,4,1,1,0
1,5.0,0.82,2,13.300624,0,14,0,1,0
3,0.0,0.85,1,12.960338,1,2,0,1,0
2,0.0,0.88,0,11.179627,0,12,0,1,0
3,0.0,0.88,0,13.142447,1,0,0,2,0
2,0.0,0.88,0,14.156772,0,13,0,0,0
1,5.0,0.82,2,8.857433,0,8,0,0,0
2,0.0,0.88,0,12.037014,0,11,0,2,0
1,5.0,0.73,5,11.318957,0,15,0,0,0
1,5.0,0.7,6,10.228584,0,19,0,0,0
1,5.0,0.7,6,11.851298,0,13,0,1,0
1,5.0,0.82,2,8.815756,0,20,1,3,0
0,0.0,0.85,1,8.872981,0,12,1,0,0
1,5.0,0.76,4,9.97375,0,14,0,3,0
3,0.0,0.85,1,13.342938,1,11,0,2,0
2,0.0,0.88,0,7.886559,0,9,0,0,0
1,5.0,0.79,3,10.240211,0,20,0,1,0
0,63.2,0.2013,3,2.48574,0,19,0,1,1
1,5.0,0.76,4,9.832243,0,16,0,0,0
2,0.0,0.85,1,5.737282,0,12,0,3,0
1,62.6,0.2283,1,13.56506,0,20,1,1,1
2,0.0,0.85,1,7.950925,0,12,0,0,0
1,5.0,0.82,2,13.978262,0,23,0,2,0
3,0.0,0.85,1,12.215131,1,0,0,0,0
2,0.0,0.85,1,11.159339,0,9,0,1,0
1,5.0,0.82,2,13.001093,0,23,0,1,0
2,0.0,0.88,0,9.601542,0,10,0,0,0
2,0.0,0.85,1,12.010286,0,12,0,2,0
3,0.0,0.85,1,13.075953,1,5,0,2,0
1,5.0,0.82,2,11.500304,0,12,0,0,0
1,5.0,0.76,4,13.222835,0,15,0,2,0
1,5.0,0.82,2,10.381145,0,20,0,2,0
1,5.0,0.7,6,11.437722,0,13,0,2,0
1,5.0,0.7,6,12.24332,0,13,1,2,0
0,0.0,0.85,1,10.541574,0,10,0,0,0
2,0.0,0.85,1,8.572607,0,10,1,1,0
0,0.0,0.85,1,8.394847,0,15,1,0,0
0,0.0,0.85,1,13.488529,0,23,0,2,0
2,0.0,0.85,1,9.773435,0,19,1,1,0
1,5.0,0.76,4,8.86876,0,21,0,3,0
2,0.0,0.88,0,11.629731,0,13,0,2,0
1,5.0,0.73,5,10.916469,0,11,0,2,0
2,0.0,0.85,1,7.649412,0,14,0,3,0
0,0.0,0.88,0,8.028432,0,12,1,3,0
2,0.0,0.88,0,7.631257,0,10,0,0,0
1,5.0,0.82,2,13.771447,0,13,0,2,0
1,5.0,0.82,2,9.880457,0,20,0,1,0
1,5.0,0.82,2,9.41688,0,3,0,0,0
0,0.0,0.85,1,11.479932,0,11,1,1,0
2,0.0,0.85,1,8.06788,0,11,0,0,0
1,5.0,0.76,4,10.718192,0,14,1,0,0
2,0.0,0.88,0,11.727179,0,8,0,2,0
2,0.0,0.88,0,8.594971,0,10,0,0,0
2,0.0,0.85,1,7.735232,0,15,0,0,0
1,74.9,0.1417,16,13.249961,0,10,0,2,1
0,0.0,0.85,1,11.075749,0,19,0,1,0
1,5.0,0.79,3,10.037993,0,12,0,3,0
1,5.0,0.79,3,11.193081,0,19,0,0,0
2,0.0,0.85,1,7.597843,0,18,0,1,0
1,5.0,0.82,2,11.04369,0,21,0,1,0
1,5.0,0.7,6,10.712169,0,11,0,2,0
1,5.0,0.76,4,12.741872,0,17,0,2,0
2,0.0,0.88,0,10.376697,0,17,0,1,0
1,5.0,0.73,5,10.123401,0,15,0,3,0
2,0.0,0.82,2,12.152478,0,9,0,3,0
2,0.0,0.88,0,10.753407,0,4,0,2,0
2,0.0,0.88,0,8.510539,0,8,0,0,0
1,5.0,0.76,4,13.015731,0,13,1,2,0
1,5.0,0.7,6,13.764199,0,10,0,2,0
1,5.0,0.82,2,12.517743,0,12,1,1,0
2,0.0,0.85,1,9.858261,0,14,0,1,0
1,5.0,0.82,2,9.93525,0,12,0,3,0
2,0.0,0.88,0,11.607984,0,18,0,2,0
3,0.0,0.88,0,11.289262,1,0,0,0,0
2,0.0,0.85,1,8.084177,0,8,0,0,0
2,0.0,0.88,0,10.222427,0,18,1,1,0
2,0.0,0.85,1,8.810507,0,16,1,0,0
2,0.0,0.85,1,9.08047,0,12,0,0,0
2,0.0,0.88,0,8.994824,0,18,0,1,0
3,0.0,0.88,0,13.049172,1,1,0,1,0
1,5.0,0.76,4,12.025706,0,15,1,1,0
1,5.0,0.79,3,6.865516,0,14,0,0,0
1,5.0,0.67,7,13.053243,0,12,1,2,0
1,5.0,0.82,2,9.316054,0,10,1,0,0
1,5.0,0.79,3,10.530289,0,0,1,1,0
1,5.0,0.7,6,11.118498,0,11,0,0,0
1,5.0,0.79,3,11.052788,0,12,0,0,0
2,0.0,0.88,0,8.472522,0,12,0,0,0
1,5.0,0.73,5,10.265758,0,16,1,0,0
1,5.0,0.79,3,12.94064,0,11,0,1,0
0,0.0,0.85,1,12.031419,0,8,0,1,0
3,0.0,0.88,0,12.391308,1,9,0,1,0
2,0.0,0.85,1,11.26779,0,13,0,2,0
3,0.0,0.88,0,12.410911,1,23,0,1,0
2,0.0,0.88,0,8.024944,0,11,0,3,0
1,5.0,0.65,11,11.184309,0,11,0,0,0
1,5.0,0.82,2,5.888684,0,22,0,3,0
1,5.0,0.82,2,12.4093,0,11,1,1,0
1,5.0,0.73,5,12.771533,0,14,0,1,0
0,0.0,0.85,1,10.617036,0,18,0,2,0
1,5.0,0.7,6,12.350597,0,16,0,1,0
1,5.0,0.65,9,11.001514,0,19,0,0,0
2,0.0,0.85,1,9.064416,0,10,1,0,0
1,5.0,0.79,3,9.30617,0,18,0,0,0
2,0.0,0.85,1,5.640807,0,11,0,0,0
2,0.0,0.88,0,11.273387,0,15,0,1,0
2,0.0,0.85,1,9.085304,0,11,0,0,0
2,0.0,0.85,1,8.964564,0,17,0,0,0
1,5.0,0.79,3,9.110559,0,17,1,2,0
1,5.0,0.82,2,12.988306,0,0,0,2,0
1,5.0,0.79,3,8.329892,0,16,1,0,0
3,0.0,0.88,0,12.955958,1,4,0,1,0
3,0.0,0.85,1,11.490723,1,20,0,1,0
0,0.0,0.85,1,10.814335,0,0,1,1,0
1,5.0,0.79,3,10.225246,0,8,1,2,0
0,0.0,0.85,1,9.356547,0,15,0,3,0
2,0.0,0.88,0,9.365235,0,14,0,0,0
0,0.0,0.85,1,11.282039,0,0,1,0,0
3,0.0,0.88,0,11.991866,1,23,0,0,0
3,0.0,0.88,0,12.264267,1,0,1,1,0
1,5.0,0.76,4,11.938034,0,15,0,0,0
0,0.0,0.85,1,11.499339,0,20,0,1,0
1,5.0,0.79,3,9.737219,0,22,0,2,0
1,5.0,0.82,2,10.951167,0,18,0,1,0
2,0.0,0.85,1,8.688459,0,12,0,0,0
1,5.0,0.73,5,9.948007,0,11,1,0,0
1,5.0,0.65,10,9.620197,0,16,0,2,0
0,71.2,0.2385,12,10.354275,0,11,0,0,1
2,0.0,0.88,0,8.81068,0,12,0,0,0
0,0.0,0.85,1,10.710784,0,17,1,1,0
1,5.0,0.79,3,12.64956,0,11,1,1,0
1,5.0,0.79,3,11.45948,0,20,0,1,0
0,0.0,0.85,1,9.353239,0,21,1,0,0
1,5.0,0.79,3,13.581252,0,13,0,2,0
1,5.0,0.82,2,11.628184,0,15,1,1,0
1,5.0,0.82,2,12.819792,0,0,1,2,0
1,5.0,0.73,5,12.915041,0,22,0,1,0
1,5.0,0.82,2,9.165581,0,15,0,0,0
1,5.0,0.65,9,12.764585,0,14,0,1,0
3,0.0,0.88,0,13.232473,1,13,1,1,0
3,0.0,0.85,1,11.340819,1,12,0,0,0
1,5.0,0.79,3,11.305512,0,20,0,1,0
1,5.0,0.82,2,11.764772,0,12,1,1,0
2,0.0,0.88,0,10.611488,0,12,0,1,0
1,5.0,0.7,6,10.802336,0,10,0,1,0
1,5.0,0.76,4,11.861287,0,16,0,1,0
1,5.0,0.73,5,13.126798,0,14,0,2,0
2,0.0,0.88,0,10.80763,0,15,0,1,0
3,0.0,0.85,1,13.63716,1,21,0,2,0
1,5.0,0.76,4,12.905321,0,12,0,1,0
2,0.0,0.85,1,7.813296,0,16,1,1,0
3,0.0,0.85,1,12.313052,1,7,0,1,0
2,0.0,0.85,1,10.235815,0,12,1,1,0
2,0.0,0.85,1,11.900213,0,9,0,2,0
1,5.0,0.82,2,9.446695,0,21,1,0,0
1,5.0,0.82,2,9.619236,0,20,0,1,0
0,0.0,0.85,1,13.388627,0,15,0,2,0
0,0.0,0.85,1,10.092441,0,13,1,0,0
2,0.0,0.85,1,9.612737,0,11,1,2,0
2,0.0,0.85,1,8.604191,0,10,0,0,0
1,5.0,0.82,2,13.489958,0,11,0,2,0
1,5.0,0.82,2,11.239156,0,20,0,1,0
2,0.0,0.85,1,8.258948,0,13,0,0,0
1,5.0,0.82,2,11.772379,0,11,0,1,0
0,0.0,0.85,1,11.280226,0,11,1,1,0
0,0.0,0.85,1,13.179293,0,23,0,1,0
0,0.0,0.85,1,13.465173,0,12,0,2,0
1,53.1,0.185,2,3.772531,0,16,1,2,1
2,0.0,0.85,1,11.25677,0,15,0,1,0
1,5.0,0.82,2,8.448981,0,15,0,0,0
1,5.0,0.82,2,8.641474,0,17,0,0,0
1,5.0,0.79,3,8.906034,0,10,0,2,0
0,0.0,0.85,1,10.615777,0,18,1,0,0
2,0.0,0.85,1,10.974752,0,2,1,1,0
2,0.0,0.85,1,11.545038,0,12,1,2,0
2,0.0,0.88,0,11.20567,0,14,0,1,0
2,0.0,0.88,0,12.554266,0,14,0,1,0
2,0.0,0.88,0,7.401347,0,17,1,0,0
0,0.0,0.85,1,6.747434,0,17,0,0,0
0,0.0,0.85,1,8.028996,0,19,0,3,0
1,5.0,0.65,9,9.837553,0,22,1,3,0
3,0.0,0.85,1,13.368324,1,22,1,1,0
1,5.0,0.7,6,9.293669,0,13,1,3,0
3,0.0,0.88,0,12.33478,1,0,0,2,0
1,5.0,0.7,6,12.924274,0,17,0,1,0
2,0.0,0.88,0,10.619986,0,10,0,2,0
1,5.0,0.7,6,11.948888,0,12,1,1,0
1,5.0,0.79,3,8.284108,0,11,0,3,0
2,0.0,0.85,1,11.324436,0,18,0,2,0
0,0.0,0.85,1,11.800419,0,18,1,1,0
0,0.0,0.85,1,11.050789,0,1,1,0,0
0,0.0,0.85,1,11.109501,0,22,0,0,0
2,0.0,0.88,0,8.22089,0,11,0,0,0
0,0.0,0.85,1,12.942568,0,16,0,1,0
1,5.0,0.79,3,11.965742,0,20,0,1,0
1,5.0,0.73,5,9.73302,0,12,1,0,0
0,0.0,0.85,1,11.50189,0,14,0,1,0
2,0.0,0.85,1,9.614656,0,12,1,1,0
1,42.3,0.1706,1,14.129883,0,18,1,1,1
1,5.0,0.79,3,8.295254,0,20,1,1,0
1,5.0,0.73,5,10.244186,0,0,1,3,0
3,0.0,0.88,0,13.02745,1,22,1,2,0
3,0.0,0.85,1,12.849978,1,23,0,1,0
2,0.0,0.85,1,12.136767,0,9,0,2,0
2,0.0,0.85,1,7.626088,0,14,0,0,0
1,5.0,0.65,10,12.563902,0,12,0,2,0
2,0.0,0.88,0,9.472011,0,16,1,0,0
2,0.0,0.88,0,11.294618,0,16,0,1,0
1,5.0,0.65,10,9.787987,0,2,1,3,0
2,0.0,0.88,0,8.724885,0,17,0,0,0
3,0.0,0.88,0,12.972564,1,12,0,1,0
1,5.0,0.76,4,11.087702,0,16,1,0,0
3,0.0,0.85,1,13.32865,1,4,0,1,0
2,0.0,0.88,0,8.528244,0,16,0,0,0
3,0.0,0.85,1,13.162904,1,2,1,1,0
1,5.0,0.82,2,9.983088,0,21,0,1,0
0,0.0,0.85,1,8.011083,0,13,0,1,0
2,0.0,0.85,1,9.114882,0,13,0,0,0
3,0.0,0.88,0,12.888723,1,11,1,1,0
1,5.0,0.65,11,13.094822,0,12,0,2,0
1,5.0,0.7,6,11.398312,0,1,0,0,0
1,5.0,0.73,5,12.036972,0,13,0,2,0
0,0.0,0.85,1,12.910011,0,23,0,1,0
2,0.0,0.85,1,9.434752,0,18,0,0,0
2,0.0,0.85,1,7.420555,0,16,0,3,0
2,0.0,0.88,0,11.034473,0,12,0,1,0
1,5.0,0.79,3,10.644259,0,14,0,2,0
0,0.0,0.85,1,13.84299,0,17,1,2,0
2,0.0,0.85,1,9.623182,0,14,0,1,0
1,5.0,0.7,6,10.688392,0,14,0,0,0
3,0.0,0.88,0,10.828815,1,23,0,1,0
0,0.0,0.85,1,13.610451,0,19,1,2,0
2,0.0,0.88,0,9.238943,0,15,0,0,0
1,5.0,0.7,6,9.927272,0,12,0,3,0
2,0.0,0.88,0,12.095667,0,18,0,2,0
2,0.0,0.85,1,8.746284,0,10,0,0,0
1,5.0,0.79,3,13.474747,0,20,0,2,0
1,5.0,0.73,5,9.646007,0,19,1,0,0
1,5.0,0.7,6,13.080995,0,12,0,1,0
3,0.0,0.85,1,12.56792,1,23,0,1,0
0,56.8,0.1237,4,9.268728,0,0,0,3,1
1,5.0,0.7,6,13.643759,0,12,0,2,0
2,0.0,0.88,0,7.163428,0,13,0,0,0
1,5.0,0.7,6,13.899042,0,8,0,2,0
1,5.0,0.82,2,9.316231,0,19,0,0,0
1,5.0,0.76,4,12.944192,0,14,0,1,0
1,5.0,0.73,5,12.134887,0,15,0,2,0
3,0.0,0.88,0,13.221678,1,12,1,1,0
1,5.0,0.79,3,11.171868,0,17,1,1,0
1,5.0,0.73,5,12.359304,0,1,0,1,0
3,0.0,0.85,1,10.05334,1,1,0,3,0
1,5.0,0.82,2,11.299495,0,18,1,0,0
2,0.0,0.85,1,7.410758,0,10,0,3,0
1,5.0,0.79,3,10.823169,0,18,0,1,0
2,0.0,0.88,0,8.844873,0,12,0,0,0
1,5.0,0.79,3,9.729885,0,2,0,0,0
2,0.0,0.88,0,8.310226,0,11,0,0,0
3,0.0,0.85,1,11.495253,1,13,0,2,0
3,0.0,0.85,1,11.338686,1,2,0,1,0
2,0.0,0.88,0,10.250614,0,0,0,1,0
1,5.0,0.79,3,11.870161,0,22,0,1,0
3,0.0,0.85,1,12.768409,1,0,0,1,0
1,5.0,0.67,7,12.169938,0,19,0,2,0
2,0.0,0.88,0,11.360121,0,6,0,2,0
2,0.0,0.88,0,9.749364,0,12,0,1,0
2,0.0,0.88,0,11.083241,0,11,1,2,0
3,0.0,0.88,0,13.846759,1,11,0,2,0
0,0.0,0.85,1,11.549409,0,18,0,1,0
1,5.0,0.65,12,12.385353,0,13,0,2,0
1,5.0,0.82,2,10.961925,0,12,0,2,0
1,44.4,0.1503,9,3.561046,0,17,1,1,1
1,5.0,0.82,2,10.99042,0,21,1,2,0
2,0.0,0.88,0,8.560065,0,10,1,0,0
2,0.0,0.85,1,6.806276,0,16,0,1,0
1,5.0,0.82,2,10.478026,0,14,1,0,0
2,0.0,0.85,1,8.295047,0,10,0,0,0
0,0.0,0.85,1,7.511328,0,14,0,1,0
2,0.0,0.88,0,10.471454,0,10,1,1,0
2,0.0,0.88,0,10.342475,0,13,1,1,0
1,5.0,0.82,2,12.211345,0,13,0,1,0
2,0.0,0.85,1,10.149513,0,15,1,1,0
2,0.0,0.85,1,10.990789,0,11,0,1,0
3,0.0,0.85,1,9.295019,1,0,1,0,0
1,5.0,0.79,3,9.794906,0,20,0,0,0
1,5.0,0.76,4,12.355199,0,14,0,2,0
2,0.0,0.85,1,8.236815,0,12,1,0,0
0,0.0,0.85,1,11.129072,0,20,1,1,0
1,5.0,0.82,2,11.580311,0,20,1,1,0
1,5.0,0.82,2,9.664937,0,16,1,0,0
3,0.0,0.88,0,12.759781,1,22,1,2,0
1,5.0,0.7,6,11.245995,0,12,0,0,0
3,0.0,0.88,0,10.680834,1,20,1,0,0
2,0.0,0.85,1,9.166406,0,11,0,0,0
1,5.0,0.7,6,13.508558,0,13,0,2,0
2,0.0,0.85,1,9.122062,0,10,1,0,0
3,0.0,0.85,1,11.965039,1,22,0,0,0
1,5.0,0.82,2,11.893137,0,18,0,1,0
1,5.0,0.82,2,12.518725,0,12,1,1,0
1,5.0,0.76,4,11.633318,0,11,0,1,0
3,0.0,0.85,1,11.770105,1,23,0,2,0
1,5.0,0.79,3,13.820618,0,13,0,2,0
2,0.0,0.88,0,10.644643,0,12,1,2,0
1,5.0,0.7,6,11.105434,0,14,0,0,0
1,5.0,0.79,3,12.469196,0,12,0,1,0
1,5.0,0.7,6,12.882481,0,11,1,1,0
1,5.0,0.7,6,10.672401,0,9,0,2,0
3,0.0,0.85,1,10.570528,1,18,0,1,0
3,0.0,0.88,0,13.128597,1,5,0,2,0
1,5.0,0.7,6,12.908022,0,8,1,1,0
2,0.0,0.85,1,9.695437,0,15,0,2,0
3,0.0,0.85,1,13.300439,1,19,0,2,0
1,5.0,0.76,4,9.699216,0,0,0,2,0
2,0.0,0.88,0,8.654437,0,18,0,0,0
2,0.0,0.85,1,10.771107,0,15,1,2,0
2,0.0,0.88,0,10.333043,0,17,0,1,0
1,5.0,0.76,4,12.220153,0,11,0,2,0
2,0.0,0.85,1,10.218052,0,11,0,1,0
1,5.0,0.7,6,12.765199,0,14,0,1,0
2,0.0,0.85,1,8.443482,0,10,1,3,0
1,5.0,0.79,3,12.069429,0,16,0,1,0
2,0.0,0.85,1,7.364028,0,18,0,0,0
1,75.3,0.1778,1,8.97147,0,2,0,0,1
1,5.0,0.82,2,11.98249,0,19,0,1,0
1,5.0,0.82,2,11.488432,0,10,0,2,0
2,0.0,0.88,0,11.828997,0,18,0,0,0
2,0.0,0.85,1,11.726204,0,13,0,2,0
1,5.0,0.82,2,12.36951,0,11,1,1,0
1,5.0,0.82,2,8.788302,0,22,0,3,0
2,0.0,0.88,0,10.629072,0,13,0,1,0
2,0.0,0.85,1,7.151423,0,13,0,3,0
1,5.0,0.76,4,10.4973,0,19,0,0,0
1,5.0,0.79,3,11.274161,0,23,0,1,0
1,50.5,0.1113,0,13.675701,0,19,0,0,1
1,5.0,0.76,4,9.903191,0,16,0,0,0
0,0.0,0.85,1,9.196944,0,21,0,0,0
1,5.0,0.7,6,11.291021,0,8,0,0,0
3,0.0,0.88,0,12.308875,1,4,1,1,0
0,0.0,0.85,1,12.940614,0,20,0,1,0
3,0.0,0.85,1,11.083127,1,2,0,1,0
2,0.0,0.88,0,8.979953,0,18,0,0,0
1,5.0,0.79,3,11.811843,0,17,0,0,0
1,5.0,0.82,2,8.540572,0,18,0,0,0
2,0.0,0.85,1,11.743681,0,8,0,2,0
1,5.0,0.82,2,9.011016,0,8,1,1,0
2,0.0,0.85,1,8.510761,0,16,0,1,0
1,5.0,0.79,3,8.067444,0,20,0,0,0
3,0.0,0.85,1,11.900978,1,22,0,1,0
2,0.0,0.85,1,8.924531,0,16,0,3,0
1,5.0,0.73,5,11.518364,0,16,0,0,0
2,0.0,0.88,0,11.574293,0,18,0,2,0
0,0.0,0.85,1,10.423054,0,14,0,0,0
0,0.0,0.85,1,12.540086,0,22,0,1,0
3,0.0,0.88,0,12.336451,1,2,1,1,0
1,5.0,0.7,6,10.039276,0,8,1,0,0
1,5.0,0.82,2,13.657177,0,13,0,2,0
1,5.0,0.79,3,8.708996,0,9,1,1,0
2,0.0,0.88,0,9.168692,0,11,0,0,0
1,5.0,0.79,3,11.632493,0,19,0,1,0
2,0.0,0.85,1,10.117786,0,11,1,1,0
2,0.0,0.85,1,6.973702,0,1,0,2,0
1,5.0,0.65,8,13.090291,0,9,0,1,0
2,0.0,0.88,0,10.414122,0,18,0,1,0
0,0.0,0.85,1,10.902014,0,22,1,1,0
0,0.0,0.85,1,11.55266,0,10,0,1,0
1,5.0,0.7,6,9.818936,0,16,0,2,0
1,5.0,0.65,12,8.684499,0,0,0,1,0
0,0.0,0.85,1,9.440211,0,10,0,1,0
3,0.0,0.85,1,12.968587,1,6,0,1,0
2,0.0,0.85,1,8.787413,0,12,0,0,0
1,5.0,0.79,3,12.037379,0,14,0,1,0
1,5.0,0.79,3,10.591321,0,20,0,1,0
1,5.0,0.82,2,12.747361,0,16,0,2,0
2,0.0,0.88,0,8.61887,0,12,0,0,0
1,5.0,0.65,12,10.915922,0,11,0,0,0
2,0.0,0.85,1,11.908864,0,14,1,2,0
0,50.8,0.2444,1,3.203559,0,13,0,1,1
1,5.0,0.76,4,11.776597,0,0,0,1,0
1,5.0,0.79,3,11.7929,0,15,0,1,0
1,5.0,0.79,3,12.485515,0,22,0,2,0
1,5.0,0.82,2,9.858553,0,18,0,1,0
1,5.0,0.73,5,8.242948,0,19,0,3,0
2,0.0,0.85,1,11.846529,0,3,0,2,0
2,0.0,0.85,1,7.896348,0,16,0,0,0
2,0.0,0.85,1,11.058116,0,11,1,1,0
1,5.0,0.82,2,8.480901,0,12,0,3,0
3,0.0,0.85,1,11.043193,1,2,0,0,0
1,5.0,0.73,5,13.576925,0,20,0,2,0
1,5.0,0.82,2,10.747314,0,20,0,0,0
2,0.0,0.85,1,9.857138,0,13,1,1,0
1,5.0,0.7,6,13.032761,0,23,0,2,0
1,5.0,0.7,6,12.915179,0,13,1,1,0
1,5.0,0.73,5,11.254687,0,12,0,1,0
1,5.0,0.82,2,9.834246,0,3,0,0,0
2,0.0,0.88,0,9.100909,0,11,0,0,0
1,5.0,0.76,4,10.617203,0,13,0,2,0
1,5.0,0.82,2,10.820487,0,16,0,1,0
2,0.0,0.88,0,7.565855,0,20,0,0,0
1,5.0,0.82,2,8.75152,0,15,1,1,0
1,5.0,0.79,3,9.158458,0,11,1,0,0
1,5.0,0.79,3,13.449628,0,16,0,2,0
1,5.0,0.82,2,12.005183,0,20,0,1,0
3,0.0,0.85,1,12.152895,1,11,0,1,0
1,5.0,0.82,2,12.123351,0,18,1,1,0
1,5.0,0.82,2,9.345237,0,18,0,0,0
0,0.0,0.85,1,9.750475,0,20,0,1,0
3,0.0,0.85,1,10.130613,1,2,0,2,0
1,5.0,0.82,2,12.388677,0,20,0,1,0
1,5.0,0.76,4,11.017089,0,13,1,0,0
1,5.0,0.79,3,11.521654,0,18,0,1,0
3,0.0,0.88,0,9.97388,1,23,0,3,0
1,5.0,0.7,6,10.94384,0,13,0,0,0
3,0.0,0.85,1,13.284472,1,0,0,2,0
1,5.0,0.7,6,9.646037,0,19,1,3,0
1,5.0,0.73,5,13.932176,0,0,0,2,0
2,0.0,0.85,1,8.323837,0,12,0,0,0
2,0.0,0.88,0,6.259084,0,11,0,0,0
1,5.0,0.73,5,10.099313,0,8,0,3,0
2,0.0,0.85,1,7.572704,0,2,0,0,0
1,58.5,0.2122,1,12.947111,0,2,0,2,1
2,0.0,0.85,1,8.02853,0,11,0,0,0
2,0.0,0.88,0,10.675867,0,15,0,1,0
2,0.0,0.85,1,11.401366,0,12,0,2,0
1,5.0,0.65,10,10.111906,0,12,0,0,0
2,0.0,0.88,0,9.048547,0,12,0,0,0
0,56.6,0.178,1,15.650963,0,11,0,1,1
2,0.0,0.88,0,9.947068,0,10,1,1,0
2,0.0,0.88,0,8.522201,0,19,1,0,0
2,0.0,0.88,0,10.368589,0,9,0,1,0
2,0.0,0.85,1,9.940523,0,17,1,1,0
1,5.0,0.82,2,12.976705,0,13,0,1,0
2,0.0,0.88,0,10.370603,0,16,0,2,0
1,5.0,0.82,2,11.856679,0,17,0,0,0
1,5.0,0.79,3,7.756679,0,20,0,3,0
2,0.0,0.85,1,10.880327,0,11,0,1,0
2,0.0,0.85,1,11.081861,0,11,0,1,0
1,5.0,0.82,2,8.706245,0,9,0,0,0
3,0.0,0.85,1,8.614676,1,17,0,3,0
2,0.0,0.85,1,8.545477,0,12,1,3,0
2,0.0,0.85,1,9.185783,0,12,0,0,0
0,0.0,0.85,1,10.466629,0,10,0,0,0
1,5.0,0.7,6,13.261986,0,15,1,2,0
1,5.0,0.82,2,11.785924,0,11,1,1,0
1,5.0,0.79,3,11.892539,0,15,1,1,0
1,5.0,0.82,2,13.633096,0,11,0,2,0
1,5.0,0.82,2,11.443136,0,19,1,1,0
3,0.0,0.85,1,10.844861,1,1,0,0,0
3,0.0,0.85,1,11.855324,1,18,0,2,0
2,0.0,0.88,0,11.358913,0,10,0,2,0
0,0.0,0.85,1,8.940776,0,18,1,2,0
0,0.0,0.85,1,11.769719,0,17,0,1,0
0,0.0,0.85,1,12.053299,0,1,0,1,0
3,0.0,0.88,0,12.735726,1,1,0,1,0
0,0.0,0.85,1,11.147354,0,17,1,1,0
1,5.0,0.82,2,11.321972,0,13,0,1,0
1,5.0,0.82,2,8.824381,0,0,0,0,0
2,0.0,0.85,1,8.694901,0,17,0,1,0
1,5.0,0.82,2,12.257527,0,12,0,1,0
2,0.0,0.85,1,8.29427,0,12,0,2,0
0,0.0,0.85,1,11.459645,0,13,1,0,0
2,0.0,0.88,0,9.562011,0,10,0,0,0
3,0.0,0.85,1,12.444376,1,23,0,0,0
2,0.0,0.88,0,9.153442,0,12,0,0,0
0,0.0,0.85,1,11.554931,0,15,0,1,0
1,5.0,0.76,4,12.909562,0,13,0,1,0
2,0.0,0.85,1,11.392207,0,15,1,2,0
1,5.0,0.73,5,11.361276,0,14,1,0,0
1,5.0,0.76,4,13.670085,0,20,0,2,0
0,0.0,0.85,1,9.077433,0,14,0,0,0
1,5.0,0.82,2,9.604496,0,21,0,3,0
0,0.0,0.88,0,11.245657,0,19,1,1,0
1,5.0,0.82,2,13.913574,0,12,1,2,0
0,0.0,0.85,1,12.598668,0,12,1,1,0
2,0.0,0.85,1,8.37586,0,15,1,0,0
2,0.0,0.88,0,8.479149,0,10,1,0,0
1,5.0,0.82,2,10.445258,0,16,0,1,0
1,5.0,0.65,10,10.134407,0,12,1,0,0
1,5.0,0.79,3,12.096569,0,15,0,1,0
1,5.0,0.82,2,9.207219,0,12,1,3,0
0,0.0,0.85,1,12.556904,0,12,0,2,0
1,5.0,0.79,3,11.513474,0,19,0,1,0
3,0.0,0.88,0,7.883657,1,23,0,1,0
1,5.0,0.76,4,13.13056,0,16,0,2,0
3,0.0,0.88,0,12.91045,1,2,0,1,0
2,0.0,0.85,1,9.099828,0,8,0,0,0
2,0.0,0.85,1,7.100992,0,17,0,0,0
1,5.0,0.79,3,12.678414,0,11,0,1,0
0,0.0,0.85,1,9.260801,0,21,0,0,0
0,0.0,0.85,1,11.264108,0,19,0,0,0
2,0.0,0.88,0,8.969508,0,11,1,0,0
1,5.0,0.82,2,13.292509,0,15,0,1,0
1,5.0,0.79,3,10.964306,0,16,0,2,0
2,0.0,0.88,0,10.438815,0,16,0,2,0
3,0.0,0.85,1,10.843478,1,17,0,1,0
1,5.0,0.7,6,10.624245,0,22,0,0,0
2,0.0,0.88,0,13.467833,0,20,0,1,0
1,5.0,0.76,4,10.836801,0,12,0,1,0
0,0.0,0.85,1,13.11431,0,15,0,1,0
1,5.0,0.82,2,12.166513,0,16,0,2,0
2,0.0,0.85,1,11.112218,0,12,0,2,0
2,0.0,0.88,0,10.793772,0,10,0,1,0
3,0.0,0.85,1,12.932065,1,23,0,1,0
1,50.7,0.2474,5,13.383792,0,2,0,2,1
2,0.0,0.88,0,9.39525,0,15,1,0,0
1,5.0,0.82,2,8.35025,0,15,1,2,0
2,0.0,0.88,0,8.786492,0,9,1,0,0
1,5.0,0.82,2,12.671244,0,10,0,1,0
2,0.0,0.88,0,8.37922,0,9,0,0,0
1,5.0,0.73,5,10.139018,0,17,1,0,0
1,5.0,0.7,6,13.616963,0,0,0,1,0
1,5.0,0.79,3,9.688111,0,10,0,3,0
0,0.0,0.85,1,11.429026,0,18,0,1,0
1,5.0,0.82,2,9.095473,0,22,1,0,0
2,0.0,0.88,0,7.866423,0,13,0,0,0
3,0.0,0.85,1,12.850785,1,15,0,1,0
2,0.0,0.85,1,7.521421,0,11,0,0,0
1,5.0,0.79,3,11.250773,0,21,0,1,0
0,0.0,0.85,1,9.173146,0,17,0,0,0
2,0.0,0.79,3,11.039062,0,14,0,0,0
2,0.0,0.88,0,6.751008,0,21,0,0,0
2,0.0,0.85,1,8.843725,0,14,0,0,0
2,0.0,0.88,0,11.381542,0,10,0,1,0
1,5.0,0.73,5,8.925676,0,17,0,0,0
1,5.0,0.82,2,9.776811,0,17,0,3,0
3,0.0,0.85,1,9.008011,1,23,0,0,0
1,5.0,0.79,3,10.063486,0,13,1,3,0
2,0.0,0.85,1,10.000638,0,10,0,1,0
1,5.0,0.7,6,10.949545,0,13,1,0,0
2,0.0,0.85,1,9.391638,0,18,0,0,0
1,5.0,0.82,2,9.806328,0,12,0,0,0
3,0.0,0.85,1,11.500101,1,23,0,2,0
1,5.0,0.82,2,9.00146,0,14,0,3,0
1,5.0,0.79,3,13.592599,0,22,0,2,0
3,0.0,0.88,0,12.219783,1,2,1,1,0
0,0.0,0.85,1,11.3416,0,21,0,1,0
2,0.0,0.85,1,10.707641,0,16,1,1,0
3,0.0,0.85,1,11.250888,1,1,0,2,0
3,0.0,0.85,1,9.049581,1,0,0,3,0
2,0.0,0.88,0,7.83712,0,18,0,3,0
2,0.0,0.85,1,10.476457,0,15,0,2,0
3,0.0,0.88,0,12.609774,1,15,0,1,0
3,0.0,0.88,0,11.327568,1,14,1,2,0
1,5.0,0.7,6,10.172485,0,9,0,0,0
2,0.0,0.88,0,9.516116,0,23,0,0,0
2,0.0,0.88,0,11.128683,0,16,0,1,0
2,0.0,0.85,1,7.725365,0,18,1,3,0
1,5.0,0.79,3,10.90281,0,20,0,1,0
3,0.0,0.85,1,11.694293,1,18,0,1,0
1,5.0,0.79,3,13.296236,0,2,0,2,0
2,0.0,0.85,1,9.683497,0,16,0,0,0
2,0.0,0.85,1,10.951538,0,16,0,2,0
2,0.0,0.76,4,9.243372,0,17,0,0,0
1,5.0,0.76,4,11.591297,0,19,0,0,0
2,0.0,0.85,1,11.164941,0,16,0,2,0
0,55.4,0.2298,9,15.541935,0,13,0,1,1
2,0.0,0.88,0,9.120545,0,11,0,0,0
0,0.0,0.88,0,8.901688,0,20,0,3,0
1,5.0,0.67,7,10.971742,0,10,0,0,0
1,5.0,0.82,2,12.103569,0,10,1,2,0
3,0.0,0.85,1,12.465353,1,22,0,1,0
0,0.0,0.85,1,11.770088,0,20,1,1,0
1,5.0,0.73,5,12.515316,0,10,0,1,0
1,42.7,0.0697,1,7.70628,0,3,0,3,1
0,0.0,0.85,1,12.911817,0,14,0,1,0
3,0.0,0.85,1,12.495132,1,13,1,2,0
0,0.0,0.85,1,10.060454,0,16,0,2,0
0,0.0,0.85,1,7.362709,0,14,1,3,0
3,0.0,0.88,0,13.374398,1,22,0,1,0
3,0.0,0.88,0,13.58023,1,0,0,2,0
2,0.0,0.85,1,9.820299,0,17,0,1,0
1,5.0,0.73,5,10.308979,0,10,0,3,0
1,5.0,0.82,2,11.36883,0,13,0,1,0
1,5.0,0.79,3,11.126656,0,9,0,1,0
0,0.0,0.85,1,9.731656,0,20,1,3,0
1,5.0,0.82,2,10.10331,0,15,0,1,0
3,0.0,0.85,1,13.322672,1,1,0,2,0
2,0.0,0.85,1,9.002246,0,10,0,0,0
0,0.0,0.85,1,9.160553,0,11,0,3,0
1,5.0,0.79,3,9.680727,0,22,1,0,0
2,0.0,0.85,1,7.803129,0,10,0,0,0
2,0.0,0.85,1,8.256392,0,10,0,1,0
0,0.0,0.85,1,7.454784,0,18,0,2,0
0,0.0,0.85,1,10.598684,0,14,0,2,0
2,0.0,0.85,1,8.591456,0,10,0,0,0
1,62.7,0.0695,15,10.437005,0,12,0,1,1
2,0.0,0.88,0,7.806973,0,9,0,0,0
1,5.0,0.79,3,10.310843,0,13,0,0,0
2,0.0,0.85,1,10.50643,0,14,0,2,0
2,0.0,0.88,0,11.387252,0,12,1,1,0
2,0.0,0.88,0,11.56252,0,8,1,2,0
2,0.0,0.88,0,9.066042,0,10,1,0,0
0,0.0,0.85,1,9.601751,0,18,0,0,0
1,5.0,0.79,3,11.30019,0,20,0,1,0
2,0.0,0.85,1,7.376571,0,8,1,0,0
2,0.0,0.88,0,11.90831,0,17,1,2,0
3,0.0,0.79,3,9.657886,1,22,0,1,0
0,0.0,0.85,1,11.623392,0,17,1,1,0
0,0.0,0.85,1,9.879812,0,10,1,0,0
1,5.0,0.76,4,11.334391,0,15,0,0,0
1,5.0,0.73,5,10.491469,0,12,0,1,0
1,5.0,0.73,5,10.929836,0,14,0,0,0
1,5.0,0.79,3,10.752234,0,12,1,1,0
3,0.0,0.88,0,10.721617,1,16,0,0,0
2,0.0,0.88,0,8.42323,0,22,1,0,0
1,5.0,0.73,5,13.151431,0,17,0,1,0
0,0.0,0.85,1,11.822514,0,19,1,1,0
2,0.0,0.85,1,9.529518,0,10,1,0,0
2,0.0,0.85,1,11.661441,0,12,0,2,0
1,5.0,0.82,2,9.155222,0,19,0,1,0
0,0.0,0.85,1,11.742963,0,14,1,2,0
2,0.0,0.88,0,9.837437,0,15,0,1,0
3,0.0,0.7,6,11.082629,1,0,0,0,0
1,5.0,0.79,3,9.157049,0,16,1,2,0
1,5.0,0.76,4,11.404069,0,1,1,1,0
1,5.0,0.79,3,9.205677,0,21,0,0,0
2,0.0,0.85,1,10.491189,0,18,0,2,0
3,0.0,0.88,0,12.175534,1,2,0,0,0
0,0.0,0.85,1,9.848413,0,13,0,3,0
0,0.0,0.85,1,10.434679,0,13,0,0,0
1,5.0,0.82,2,12.953099,0,11,0,1,0
1,5.0,0.82,2,11.063383,0,17,0,1,0
1,5.0,0.82,2,11.794044,0,20,0,1,0
1,5.0,0.79,3,10.876201,0,22,1,0,0
2,0.0,0.88,0,11.292752,0,7,0,1,0
2,0.0,0.82,2,10.703104,0,14,0,1,0
0,0.0,0.85,1,11.151349,0,13,0,1,0
1,5.0,0.82,2,13.100948,0,21,0,1,0
2,0.0,0.85,1,7.356663,0,15,0,0,0
2,0.0,0.88,0,11.639955,0,16,0,2,0
1,5.0,0.82,2,12.061815,0,21,0,1,0
1,5.0,0.73,5,13.007681,0,0,0,1,0
1,5.0,0.82,2,11.001879,0,19,0,1,0
1,5.0,0.82,2,12.080101,0,5,0,1,0
3,0.0,0.73,5,12.66022,1,20,0,1,0
1,5.0,0.82,2,11.814212,0,16,0,1,0
2,0.0,0.85,1,10.072537,0,11,0,1,0
2,0.0,0.88,0,10.398239,0,11,1,1,0
1,5.0,0.76,4,9.715656,0,10,0,0,0
0,0.0,0.85,1,9.332537,0,15,0,0,0
0,0.0,0.85,1,8.552722,0,21,0,0,0
0,0.0,0.85,1,9.952246,0,18,0,1,0
1,5.0,0.82,2,11.712379,0,18,0,1,0
3,0.0,0.85,1,13.116065,1,12,1,1,0
3,0.0,0.88,0,11.98778,1,5,1,2,0
2,0.0,0.85,1,11.945197,0,8,0,2,0
1,5.0,0.79,3,13.091048,0,12,0,2,0
1,5.0,0.73,5,12.09679,0,10,0,2,0
1,5.0,0.7,6,8.90514,0,16,0,0,0
0,0.0,0.85,1,11.025141,0,13,0,1,0
1,5.0,0.7,6,10.353552,0,10,0,0,0
1,5.0,0.82,2,8.470959,0,14,0,0,0
1,5.0,0.65,12,8.824388,0,15,1,1,0
2,0.0,0.88,0,9.307611,0,19,0,0,0
1,5.0,0.79,3,11.460052,0,13,1,1,0
0,0.0,0.85,1,8.704841,0,4,1,1,0
3,0.0,0.88,0,11.534846,1,3,0,0,0
3,0.0,0.88,0,11.513303,1,17,0,1,0
1,5.0,0.79,3,12.262911,0,11,0,1,0
2,0.0,0.88,0,7.722416,0,11,0,3,0
3,0.0,0.85,1,12.841361,1,1,0,1,0
1,5.0,0.82,2,14.433368,0,21,0,2,0
3,0.0,0.85,1,10.33174,1,16,0,3,0
0,0.0,0.85,1,11.136689,0,20,1,1,0
2,0.0,0.88,0,8.756963,0,9,1,0,0
2,0.0,0.85,1,9.89953,0,14,0,1,0
1,5.0,0.7,6,11.458627,0,17,1,0,0
1,5.0,0.76,4,13.065367,0,19,1,2,0
3,0.0,0.85,1,12.988429,1,1,0,2,0
2,0.0,0.88,0,9.765311,0,13,0,1,0
1,5.0,0.82,2,13.803504,0,21,0,2,0
0,67.1,0.07,1,13.44279,0,18,1,1,1
1,5.0,0.82,2,11.679255,0,9,1,1,0
3,0.0,0.85,1,13.439418,1,22,0,1,0
3,0.0,0.88,0,11.306474,1,10,1,1,0
2,0.0,0.85,1,6.305746,0,14,0,0,0
2,0.0,0.85,1,7.576584,0,8,0,0,0
2,0.0,0.85,1,9.239427,0,21,0,0,0
2,0.0,0.85,1,9.202393,0,17,0,0,0
0,0.0,0.88,0,9.736158,0,20,0,0,0
1,5.0,0.82,2,7.028662,0,18,0,1,0
1,5.0,0.79,3,11.19507,0,18,0,1,0
1,5.0,0.76,4,11.58642,0,11,0,2,0
0,0.0,0.85,1,10.814244,0,12,0,2,0
1,5.0,0.82,2,12.023452,0,20,0,1,0
1,5.0,0.73,5,13.602225,0,22,0,0,0
3,0.0,0.85,1,10.329082,1,1,0,1,0
2,0.0,0.88,0,6.774578,0,21,0,1,0
1,5.0,0.7,6,7.796004,0,13,0,1,0
2,0.0,0.85,1,7.739263,0,14,0,0,0
1,5.0,0.82,2,8.912616,0,15,0,0,0
1,5.0,0.79,3,11.925612,0,10,0,1,0
1,5.0,0.7,6,9.155854,0,17,1,3,0
1,5.0,0.82,2,11.187885,0,20,0,1,0
2,0.0,0.88,0,8.168614,0,17,0,3,0
1,5.0,0.82,2,8.797394,0,17,1,0,0
2,0.0,0.85,1,7.136945,0,10,1,3,0
1,5.0,0.82,2,10.575685,0,13,0,2,0
1,5.0,0.82,2,13.000167,0,21,0,1,0
1,5.0,0.7,6,10.984441,0,14,0,0,0
2,0.0,0.88,0,9.725128,0,16,0,1,0
1,5.0,0.7,6,11.340892,0,11,0,0,0
1,5.0,0.65,9,13.827614,0,2,0,2,0
0,0.0,0.88,0,11.275466,0,16,0,1,0
2,0.0,0.85,1,9.016325,0,9,0,0,0
1,5.0,0.79,3,12.930517,0,18,1,2,0
0,0.0,0.85,1,9.240339,0,18,0,1,0
2,0.0,0.85,1,9.945437,0,19,1,1,0
3,0.0,0.88,0,10.285956,1,2,1,0,0
1,5.0,0.76,4,13.507329,0,14,1,1,0
1,5.0,0.82,2,13.04045,0,13,0,2,0
3,0.0,0.88,0,10.152227,1,13,0,0,0
1,5.0,0.79,3,11.230182,0,18,0,1,0
2,0.0,0.88,0,8.883359,0,12,1,0,0
1,5.0,0.79,3,10.816064,0,19,0,1,0
2,0.0,0.88,0,9.13174,0,15,0,0,0
2,0.0,0.85,1,8.116996,0,12,0,3,0
1,5.0,0.73,5,10.051734,0,12,0,0,0
1,5.0,0.82,2,9.993687,0,23,0,0,0
2,0.0,0.85,1,8.728768,0,19,0,0,0
1,5.0,0.76,4,12.029905,0,7,0,1,0
1,5.0,0.79,3,9.624534,0,18,1,1,0
1,5.0,0.7,6,12.195569,0,14,1,1,0
2,0.0,0.85,1,8.618952,0,18,1,0,0
1,5.0,0.79,3,10.717258,0,19,0,1,0
1,5.0,0.82,2,12.787219,0,0,0,1,0
0,0.0,0.85,1,9.875396,0,2,0,0,0
2,0.0,0.88,0,8.579623,0,11,0,0,0
1,71.7,0.2086,8,7.666686,0,3,0,2,1
1,5.0,0.65,9,9.536829,0,11,1,1,0
2,0.0,0.85,1,8.462116,0,13,0,3,0
2,0.0,0.88,0,10.393549,0,9,0,2,0
3,0.0,0.88,0,7.987803,1,10,1,2,0
0,0.0,0.85,1,9.493105,0,11,0,2,0
2,0.0,0.88,0,9.469763,0,15,0,0,0
0,0.0,0.85,1,12.998477,0,16,0,1,0
0,0.0,0.85,1,11.924523,0,13,0,1,0
2,0.0,0.85,1,9.461041,0,9,1,0,0
1,5.0,0.82,2,12.991245,0,15,0,2,0
1,5.0,0.65,12,11.604317,0,17,0,1,0
1,5.0,0.7,6,13.57012,0,10,0,2,0
0,0.0,0.85,1,11.466374,0,16,0,0,0
2,0.0,0.88,0,8.873042,0,12,0,1,0
1,5.0,0.79,3,11.793013,0,14,0,2,0
1,5.0,0.73,5,12.07891,0,10,0,1,0
1,5.0,0.79,3,7.844178,0,19,0,1,0
1,5.0,0.82,2,13.50406,0,10,0,2,0
2,0.0,0.85,1,10.9289,0,8,1,1,0
1,5.0,0.65,9,11.428553,0,14,0,0,0
0,0.0,0.85,1,10.856733,0,12,0,0,0
2,0.0,0.88,0,11.157483,0,12,1,2,0
1,5.0,0.79,3,11.9227,0,19,0,1,0
2,0.0,0.85,1,11.217357,0,17,1,2,0
2,0.0,0.85,1,9.312509,0,18,0,0,0
3,0.0,0.85,1,11.099007,1,10,0,2,0
1,5.0,0.82,2,12.008042,0,19,0,1,0
3,0.0,0.85,1,12.899274,1,22,0,2,0
3,0.0,0.85,1,11.939922,1,23,0,0,0
2,0.0,0.88,0,7.614835,0,11,1,3,0
3,0.0,0.85,1,13.943708,1,14,0,2,0
2,0.0,0.85,1,5.454936,0,13,1,3,0
1,5.0,0.7,6,12.047356,0,11,0,2,0
1,5.0,0.79,3,9.444616,0,1,1,0,0
2,0.0,0.88,0,11.193125,0,18,1,1,0
1,5.0,0.79,3,11.359183,0,14,0,0,0
2,0.0,0.85,1,12.096698,0,17,0,2,0
0,72.0,0.1213,1,9.681234,0,2,0,0,1
1,5.0,0.82,2,9.456699,0,16,0,0,0
2,0.0,0.85,1,10.833413,0,8,0,1,0
0,0.0,0.85,1,8.669159,0,22,0,1,0
1,5.0,0.76,4,12.811888,0,13,0,1,0
3,0.0,0.88,0,9.688832,1,7,0,3,0
1,5.0,0.82,2,11.348299,0,21,0,1,0
2,0.0,0.88,0,10.109936,0,13,1,1,0
1,5.0,0.76,4,13.259363,0,12,0,2,0
1,5.0,0.82,2,8.094949,0,19,0,3,0
3,0.0,0.85,1,8.700459,1,1,0,1,0
1,5.0,0.82,2,10.284754,0,9,1,2,0
2,0.0,0.88,0,8.196564,0,14,0,3,0
1,5.0,0.73,5,13.73267,0,12,1,2,0
1,5.0,0.76,4,13.118017,0,16,0,2,0
2,0.0,0.85,1,8.387551,0,13,0,0,0
2,0.0,0.88,0,8.348356,0,13,1,1,0
2,0.0,0.73,5,6.926567,0,10,0,0,0
1,5.0,0.65,9,12.603082,0,17,1,1,0
1,5.0,0.79,3,10.339863,0,21,1,1,0
1,5.0,0.79,3,7.972111,0,15,0,1,0
1,5.0,0.82,2,11.150141,0,12,1,1,0
1,5.0,0.82,2,8.589601,0,17,1,1,0
2,0.0,0.85,1,10.424277,0,13,0,2,0
2,0.0,0.88,0,9.06199,0,13,0,0,0
1,5.0,0.7,6,8.540027,0,8,0,3,0
0,0.0,0.85,1,12.051323,0,17,0,1,0
2,0.0,0.85,1,10.551398,0,21,0,2,0
2,0.0,0.88,0,10.413331,0,11,0,1,0
3,0.0,0.88,0,8.500816,1,23,1,0,0
1,5.0,0.7,6,12.953037,0,0,0,2,0
1,5.0,0.79,3,6.435349,0,19,0,0,0
0,0.0,0.85,1,9.037784,0,16,0,1,0
1,5.0,0.73,5,8.362201,0,23,0,1,0
1,5.0,0.82,2,9.02639,0,17,0,0,0
2,0.0,0.88,0,11.57919,0,18,0,2,0
1,5.0,0.73,5,12.740532,0,13,0,1,0
1,5.0,0.82,2,11.352825,0,16,0,0,0
1,5.0,0.79,3,12.777334,0,18,0,1,0
0,0.0,0.85,1,12.411473,0,11,1,1,0
2,0.0,0.88,0,10.17664,0,11,1,1,0
1,5.0,0.7,6,10.860433,0,15,0,0,0
1,5.0,0.82,2,10.050352,0,8,1,0,0
1,5.0,0.79,3,11.163016,0,18,0,1,0
1,5.0,0.7,6,10.449656,0,11,1,0,0
1,5.0,0.7,6,8.840378,0,0,0,3,0
1,5.0,0.67,7,13.683806,0,10,0,2,0
1,5.0,0.73,5,11.572262,0,21,0,1,0
1,5.0,0.65,12,13.191015,0,12,0,2,0
3,0.0,0.85,1,12.856633,1,1,0,1,0
1,5.0,0.65,10,13.97439,0,9,0,2,0
3,0.0,0.85,1,11.391438,1,22,0,2,0
1,5.0,0.7,6,12.070691,0,0,0,2,0
1,5.0,0.82,2,12.350604,0,10,1,2,0
2,0.0,0.82,2,11.137719,0,9,0,2,0
1,5.0,0.76,4,10.037439,0,20,0,0,0
0,0.0,0.85,1,10.525183,0,21,0,0,0
2,0.0,0.88,0,5.848748,0,11,0,0,0
1,5.0,0.7,6,11.349796,0,3,0,1,0
2,0.0,0.85,1,11.910518,0,12,0,2,0
1,5.0,0.82,2,13.119571,0,13,0,2,0
3,0.0,0.88,0,12.17792,1,10,0,1,0
0,0.0,0.85,1,10.645812,0,21,0,0,0
1,5.0,0.7,6,12.455563,0,16,0,1,0
2,0.0,0.88,0,11.902443,0,19,0,2,0
2,0.0,0.88,0,8.859108,0,10,0,0,0
2,0.0,0.88,0,11.597133,0,14,0,2,0
1,5.0,0.82,2,10.883657,0,10,0,1,0
3,0.0,0.88,0,12.459116,1,22,0,1,0
1,5.0,0.82,2,13.262632,0,13,0,2,0
1,5.0,0.7,6,13.00087,0,8,0,2,0
1,5.0,0.82,2,8.332847,0,0,1,0,0
2,0.0,0.85,1,12.133696,0,16,1,2,0
2,0.0,0.88,0,9.010001,0,13,0,0,0
1,5.0,0.82,2,8.521293,0,13,0,0,0
0,0.0,0.85,1,13.94546,0,15,0,2,0
1,5.0,0.76,4,11.700097,0,12,0,1,0
1,5.0,0.82,2,8.294092,0,17,0,2,0
3,0.0,0.85,1,12.619411,1,15,0,1,0
3,0.0,0.85,1,10.9406,1,1,0,1,0
1,5.0,0.82,2,8.705038,0,11,0,3,0
1,5.0,0.65,10,13.470981,0,11,0,2,0
2,0.0,0.88,0,7.53983,0,8,0,0,0
0,0.0,0.85,1,10.916521,0,22,0,1,0
1,5.0,0.82,2,12.79769,0,12,0,2,0
1,5.0,0.82,2,8.545625,0,18,0,0,0
1,5.0,0.82,2,8.946028,0,4,0,0,0
1,5.0,0.76,4,8.584147,0,12,0,3,0
2,0.0,0.88,0,7.511623,0,14,1,3,0
1,5.0,0.73,5,13.066463,0,11,0,2,0
2,0.0,0.88,0,10.51616,0,20,0,1,0
1,5.0,0.79,3,11.55297,0,11,0,0,0
1,5.0,0.79,3,11.167545,0,15,0,0,0
1,5.0,0.79,3,12.114569,0,18,1,1,0
1,69.4,0.106,17,12.191343,0,14,0,2,1
3,0.0,0.85,1,13.374079,1,2,0,1,0
2,0.0,0.85,1,10.057538,0,15,0,2,0
1,5.0,0.79,3,12.344301,0,16,0,1,0
1,5.0,0.82,2,10.58668,0,11,0,2,0
1,5.0,0.73,5,13.876101,0,12,0,2,0
1,5.0,0.76,4,12.055746,0,23,0,1,0
0,0.0,0.85,1,11.481396,0,18,1,1,0
1,5.0,0.82,2,8.880637,0,13,0,1,0
0,0.0,0.85,1,10.689349,0,18,0,1,0
0,0.0,0.85,1,8.892503,0,14,1,3,0
1,5.0,0.76,4,11.089797,0,19,0,0,0
2,0.0,0.85,1,8.357046,0,11,0,0,0
1,5.0,0.79,3,13.197839,0,12,0,2,0
2,0.0,0.88,0,9.216282,0,11,0,0,0
3,0.0,0.85,1,11.540105,1,14,0,2,0
1,5.0,0.79,3,10.884652,0,13,1,0,0
2,0.0,0.85,1,11.389505,0,12,0,2,0
1,5.0,0.82,2,11.616494,0,10,0,1,0
1,5.0,0.82,2,11.125078,0,11,1,1,0
2,0.0,0.88,0,9.426246,0,14,0,0,0
1,5.0,0.79,3,9.33435,0,13,0,0,0
1,5.0,0.76,4,8.462682,0,11,1,0,0
1,5.0,0.82,2,8.52085,0,17,1,1,0
1,5.0,0.73,5,12.933509,0,10,0,2,0
0,0.0,0.85,1,10.84215,0,12,0,1,0
2,0.0,0.88,0,8.60596,0,10,1,0,0
0,73.6,0.2019,1,3.407511,0,10,0,1,1
2,0.0,0.88,0,6.648855,0,13,1,0,0
1,5.0,0.7,6,13.844068,0,0,0,2,0
2,0.0,0.88,0,7.869497,0,6,1,3,0
3,0.0,0.88,0,12.717406,1,23,0,2,0
2,0.0,0.85,1,5.291997,0,22,0,3,0
1,5.0,0.79,3,10.872612,0,23,0,1,0
2,0.0,0.88,0,9.000299,0,10,0,0,0
3,0.0,0.88,0,13.013583,1,1,1,1,0
0,0.0,0.85,1,11.401768,0,21,0,0,0
1,5.0,0.82,2,13.026391,0,4,0,2,0
2,0.0,0.85,1,12.289705,0,2,0,2,0
1,56.2,0.075,1,13.227273,0,7,1,0,1
1,5.0,0.73,5,11.353489,0,23,0,0,0
2,0.0,0.88,0,10.740043,0,15,0,1,0
1,5.0,0.82,2,9.050627,0,11,1,2,0
1,5.0,0.82,2,10.592648,0,14,0,2,0
1,5.0,0.82,2,9.826852,0,0,1,3,0
2,0.0,0.85,1,7.511743,0,9,0,1,0
1,5.0,0.82,2,13.303504,0,19,0,2,0
1,5.0,0.82,2,11.288194,0,11,0,1,0
3,0.0,0.88,0,12.928946,1,23,1,1,0
0,0.0,0.85,1,8.845322,0,22,0,0,0
2,0.0,0.85,1,10.872856,0,16,0,1,0
3,0.0,0.88,0,10.58632,1,14,1,3,0
3,0.0,0.85,1,9.254242,1,10,0,3,0
2,0.0,0.88,0,11.103153,0,10,0,1,0
1,5.0,0.79,3,8.264783,0,13,0,0,0
1,5.0,0.82,2,10.331185,0,11,0,1,0
1,5.0,0.73,5,9.506511,0,11,0,0,0
1,5.0,0.65,10,12.643647,0,1,0,1,0
1,5.0,0.73,5,13.127434,0,11,0,2,0
1,5.0,0.82,2,11.164943,0,19,1,1,0
1,5.0,0.82,2,10.828582,0,21,0,1,0
2,0.0,0.85,1,9.411844,0,15,0,1,0
3,0.0,0.85,1,11.554297,1,12,0,1,0
2,0.0,0.88,0,7.197832,0,13,0,3,0
1,5.0,0.79,3,8.58331,0,12,0,3,0
0,0.0,0.85,1,11.540723,0,13,0,0,0
1,5.0,0.7,6,11.944571,0,11,0,1,0
0,0.0,0.85,1,10.511395,0,10,0,0,0
1,5.0,0.82,2,10.474773,0,23,0,1,0
1,5.0,0.65,12,13.504189,0,23,0,2,0
2,0.0,0.88,0,9.124374,0,12,0,0,0
2,0.0,0.88,0,12.050976,0,14,0,3,0
1,5.0,0.73,5,10.634744,0,14,0,1,0
1,5.0,0.82,2,10.646977,0,18,0,1,0
0,70.2,0.2124,10,11.288856,0,0,0,1,1
2,0.0,0.88,0,9.962617,0,12,1,1,0
1,5.0,0.76,4,10.736073,0,11,0,0,0
3,0.0,0.85,1,13.698551,1,1,0,2,0
0,0.0,0.85,1,10.104286,0,10,0,0,0
3,0.0,0.85,1,10.253689,1,18,0,2,0
3,0.0,0.88,0,12.305779,1,5,0,1,0
2,0.0,0.88,0,8.551108,0,10,1,0,0
1,5.0,0.82,2,10.919525,0,19,0,1,0
1,5.0,0.65,9,10.334678,0,16,1,0,0
0,0.0,0.85,1,11.473574,0,6,0,0,0
1,5.0,0.79,3,10.941595,0,10,1,0,0
1,5.0,0.73,5,13.001156,0,10,0,1,0
1,5.0,0.73,5,13.147935,0,13,0,2,0
1,5.0,0.73,5,12.616464,0,2,0,1,0
2,0.0,0.88,0,10.657609,0,12,0,1,0
2,0.0,0.88,0,9.245693,0,11,1,0,0
2,0.0,0.88,0,8.95826,0,8,0,0,0
1,5.0,0.76,4,10.606855,0,17,0,0,0
2,0.0,0.88,0,6.423847,0,14,0,0,0
2,0.0,0.85,1,6.82635,0,10,0,0,0
1,5.0,0.79,3,11.113117,0,13,1,1,0
1,5.0,0.79,3,9.190814,0,21,1,2,0
2,0.0,0.88,0,10.390984,0,9,0,1,0
0,0.0,0.85,1,11.39852,0,18,0,1,0
1,5.0,0.73,5,13.114746,0,16,0,2,0
1,5.0,0.7,6,11.321455,0,16,1,0,0
1,5.0,0.76,4,12.973407,0,17,0,1,0
0,0.0,0.85,1,9.544289,0,21,0,2,0
3,0.0,0.85,1,13.720184,1,10,1,2,0
1,5.0,0.82,2,10.731629,0,13,0,1,0
2,0.0,0.88,0,8.811445,0,10,0,2,0
1,5.0,0.7,6,12.478982,0,11,0,2,0
1,5.0,0.65,9,12.016174,0,23,1,1,0
0,0.0,0.85,1,12.193003,0,13,1,2,0
2,0.0,0.88,0,8.519808,0,16,0,0,0
0,0.0,0.85,1,9.983004,0,11,0,2,0
2,0.0,0.88,0,10.75207,0,22,1,2,0
1,5.0,0.73,5,5.16781,0,14,1,2,0
1,5.0,0.7,6,11.395555,0,12,1,2,0
2,0.0,0.88,0,8.811886,0,14,0,0,0
0,0.0,0.85,1,8.804202,0,19,0,0,0
1,5.0,0.73,5,7.792597,0,10,1,0,0
1,67.0,0.182,2,13.315939,0,23,0,3,1
1,5.0,0.73,5,12.328126,0,0,0,1,0
3,0.0,0.85,1,10.228808,1,3,0,0,0
1,49.2,0.1152,1,16.293761,0,14,0,1,1
3,0.0,0.88,0,12.390693,1,23,1,2,0
2,0.0,0.85,1,8.647584,0,19,0,0,0
1,5.0,0.76,4,12.735833,0,22,0,1,0
2,0.0,0.85,1,5.074111,0,10,0,0,0
2,0.0,0.85,1,10.254841,0,11,0,2,0
1,5.0,0.76,4,7.848512,0,15,0,3,0
3,0.0,0.85,1,13.212914,1,10,0,1,0
0,0.0,0.85,1,9.775392,0,14,0,1,0
3,0.0,0.85,1,13.114812,1,22,0,1,0
1,5.0,0.79,3,11.758592,0,21,0,1,0
1,5.0,0.65,9,9.873528,0,14,1,3,0
0,0.0,0.85,1,8.194688,0,19,0,2,0
1,5.0,0.7,6,10.678584,0,11,1,0,0
3,0.0,0.88,0,10.638169,1,5,0,0,0
1,5.0,0.65,9,12.768422,0,16,1,1,0
2,0.0,0.88,0,7.430179,0,9,0,0,0
2,0.0,0.88,0,7.613695,0,15,0,0,0
1,5.0,0.76,4,12.42156,0,8,0,2,0
2,0.0,0.88,0,7.837191,0,15,0,3,0
2,0.0,0.88,0,10.156084,0,14,0,1,0
0,0.0,0.85,1,10.682283,0,20,0,1,0
1,5.0,0.73,5,11.39526,0,20,0,0,0
3,0.0,0.85,1,13.028912,1,1,0,1,0
1,5.0,0.79,3,9.960868,0,10,0,0,0
3,0.0,0.85,1,12.470605,1,19,0,1,0
2,0.0,0.85,1,8.634903,0,13,0,0,0
1,5.0,0.79,3,11.959834,0,8,0,1,0
1,5.0,0.76,4,13.092318,0,18,0,1,0
1,5.0,0.76,4,9.319089,0,1,1,0,0
0,0.0,0.85,1,8.419904,0,18,0,0,0
2,0.0,0.85,1,9.465379,0,13,0,1,0
1,5.0,0.82,2,13.227784,0,13,1,1,0
1,5.0,0.79,3,8.359636,0,11,0,0,0
2,0.0,0.85,1,7.867098,0,17,1,0,0
1,5.0,0.79,3,13.39184,0,22,1,2,0
0,0.0,0.85,1,10.049368,0,18,1,1,0
2,0.0,0.85,1,9.072244,0,12,1,0,0
2,0.0,0.85,1,5.191901,0,11,0,3,0
2,0.0,0.88,0,9.111805,0,17,0,0,0
2,0.0,0.85,1,9.598093,0,14,0,0,0
1,5.0,0.79,3,8.578288,0,19,0,0,0
1,5.0,0.73,5,12.921599,0,11,0,2,0
3,0.0,0.85,1,11.331371,1,14,0,0,0
3,0.0,0.88,0,13.012084,1,22,0,1,0
2,0.0,0.88,0,10.414557,0,16,0,1,0
1,5.0,0.73,5,13.22649,0,13,0,2,0
0,0.0,0.85,1,11.109182,0,17,0,1,0
0,0.0,0.85,1,9.910161,0,10,0,2,0
1,5.0,0.65,12,13.197932,0,16,0,2,0
3,0.0,0.88,0,11.051372,1,0,0,3,0
1,5.0,0.82,2,10.780084,0,19,0,0,0
2,0.0,0.85,1,8.203282,0,14,1,3,0
1,5.0,0.79,3,10.692216,0,17,1,1,0
1,5.0,0.76,4,13.534178,0,9,0,2,0
2,0.0,0.85,1,6.650499,0,21,1,0,0
1,5.0,0.82,2,8.854345,0,16,1,1,0
2,0.0,0.88,0,9.155557,0,11,1,0,0
1,5.0,0.76,4,13.531918,0,13,0,2,0
2,0.0,0.85,1,7.855789,0,15,0,3,0
1,5.0,0.82,2,8.556643,0,20,0,1,0
3,0.0,0.88,0,12.525078,1,20,0,2,0
1,5.0,0.82,2,11.683707,0,8,0,1,0
3,0.0,0.85,1,11.130906,1,12,0,0,0
1,5.0,0.82,2,10.810128,0,15,0,1,0
1,5.0,0.82,2,8.62127,0,11,1,3,0
1,5.0,0.82,2,11.578508,0,19,0,1,0
2,0.0,0.85,1,5.535679,0,15,0,0,0
1,5.0,0.73,5,14.090851,0,20,0,2,0
3,0.0,0.88,0,13.455445,1,11,1,2,0
1,5.0,0.82,2,11.521443,0,12,1,1,0
0,0.0,0.88,0,13.811416,0,19,0,2,0
3,0.0,0.88,0,13.612705,1,23,0,2,0
3,0.0,0.85,1,10.200822,1,13,1,3,0
0,0.0,0.85,1,12.102939,0,13,0,1,0
0,0.0,0.85,1,9.835421,0,17,0,0,0
2,0.0,0.88,0,8.305664,0,11,0,0,0
1,47.1,0.0914,1,14.283412,0,11,0,0,1
0,0.0,0.85,1,13.32511,0,13,1,1,0
1,5.0,0.82,2,13.322585,0,3,0,2,0
1,5.0,0.7,6,10.633862,0,0,1,0,0
1,5.0,0.82,2,9.809486,0,2,1,0,0
2,0.0,0.85,1,11.610856,0,13,1,2,0
1,5.0,0.76,4,13.346039,0,10,0,2,0
0,0.0,0.85,1,9.060142,0,23,0,1,0
0,0.0,0.85,1,10.146535,0,17,0,1,0
2,0.0,0.88,0,8.329009,0,21,0,3,0
1,5.0,0.82,2,13.074553,0,11,0,2,0
1,64.6,0.1495,1,11.955254,0,15,0,0,1
3,0.0,0.85,1,8.414545,1,2,0,0,0
2,0.0,0.85,1,10.057099,0,8,1,1,0
3,0.0,0.88,0,11.217456,1,8,0,0,0
2,0.0,0.88,0,7.684756,0,7,1,3,0
1,5.0,0.79,3,11.179298,0,19,1,1,0
1,5.0,0.65,12,11.99632,0,10,0,1,0
1,5.0,0.79,3,10.987836,0,17,1,1,0
1,5.0,0.73,5,12.13138,0,14,0,0,0
0,0.0,0.85,1,10.108777,0,16,1,0,0
1,5.0,0.65,10,9.050093,0,14,1,3,0
1,5.0,0.67,7,12.66346,0,0,0,1,0
1,5.0,0.79,3,10.591227,0,19,0,1,0
0,0.0,0.85,1,10.546291,0,20,0,1,0
1,5.0,0.79,3,10.487417,0,18,0,0,0
3,0.0,0.88,0,8.614561,1,12,0,3,0
3,0.0,0.88,0,10.886973,1,9,0,0,0
2,0.0,0.85,1,9.376925,0,12,1,0,0
1,5.0,0.82,2,10.643663,0,10,0,0,0
0,0.0,0.85,1,10.482249,0,11,0,0,0
1,5.0,0.73,5,13.806855,0,14,1,2,0
1,5.0,0.79,3,11.168739,0,15,0,1,0
1,5.0,0.67,7,10.386971,0,13,0,0,0
0,0.0,0.85,1,13.464261,0,15,1,2,0
2,0.0,0.88,0,11.13182,0,12,0,1,0
3,0.0,0.85,1,11.212162,1,23,0,1,0
1,5.0,0.79,3,7.147433,0,18,0,3,0
1,5.0,0.79,3,11.53142,0,16,0,1,0
2,0.0,0.88,0,9.298944,0,11,0,0,0
3,0.0,0.88,0,12.610422,1,23,0,1,0
1,5.0,0.79,3,11.344204,0,12,0,2,0
1,5.0,0.7,6,7.027403,0,9,1,3,0
1,5.0,0.79,3,11.75799,0,14,1,1,0
3,0.0,0.85,1,12.402588,1,3,0,2,0
2,0.0,0.85,1,9.803406,0,19,1,1,0
1,75.1,0.063,0,13.087371,0,2,1,0,1
2,0.0,0.85,1,11.19449,0,21,0,1,0
1,5.0,0.73,5,11.990314,0,22,0,2,0
1,5.0,0.7,6,9.688742,0,13,0,3,0
1,5.0,0.82,2,10.42828,0,18,0,2,0
1,5.0,0.65,10,12.889854,0,18,0,1,0
1,5.0,0.76,4,10.984499,0,10,0,0,0
2,0.0,0.88,0,10.429455,0,19,0,1,0
1,5.0,0.82,2,10.610959,0,21,1,1,0
1,5.0,0.79,3,9.091584,0,16,0,0,0
1,5.0,0.76,4,13.675856,0,22,0,2,0
1,5.0,0.73,5,11.504804,0,0,0,1,0
1,5.0,0.76,4,11.021893,0,23,1,0,0
1,5.0,0.7,6,9.794115,0,15,0,3,0
1,5.0,0.76,4,11.179082,0,23,0,0,0
2,0.0,0.88,0,11.059814,0,11,0,1,0
3,0.0,0.88,0,10.722632,1,22,1,1,0
0,41.6,0.1573,5,3.108168,0,10,1,2,1
1,5.0,0.73,5,13.446101,0,22,0,2,0
2,0.0,0.88,0,8.692863,0,16,1,0,0
1,5.0,0.76,4,11.609425,0,12,0,0,0
1,5.0,0.82,2,11.209625,0,14,0,2,0
0,0.0,0.85,1,7.926462,0,17,0,1,0
2,0.0,0.88,0,9.430129,0,15,1,0,0
1,5.0,0.82,2,12.317898,0,18,1,1,0
0,0.0,0.85,1,9.363902,0,16,1,2,0
3,0.0,0.85,1,11.145812,1,12,0,0,0
2,0.0,0.88,0,9.193118,0,20,0,0,0
1,5.0,0.73,5,12.284503,0,11,0,1,0
1,5.0,0.7,6,12.996037,0,18,1,1,0
2,0.0,0.88,0,7.867684,0,10,0,0,0
0,0.0,0.85,1,10.077854,0,13,0,0,0
2,0.0,0.88,0,5.076173,0,10,0,3,0
1,5.0,0.82,2,11.933218,0,19,0,1,0
1,5.0,0.79,3,12.894226,0,19,0,1,0
0,0.0,0.85,1,11.849077,0,15,0,2,0
2,0.0,0.88,0,7.732137,0,19,0,0,0
0,0.0,0.85,1,10.458306,0,19,0,1,0
1,5.0,0.7,6,9.816016,0,19,1,3,0
2,0.0,0.88,0,11.87772,0,19,0,2,0
2,0.0,0.85,1,8.059807,0,12,1,3,0
1,5.0,0.79,3,9.895726,0,13,0,0,0
1,5.0,0.82,2,9.796666,0,19,0,2,0
1,5.0,0.82,2,12.746753,0,16,0,2,0
1,5.0,0.7,6,12.451765,0,13,0,1,0
2,0.0,0.85,1,8.284461,0,13,0,1,0
1,5.0,0.76,4,8.613846,0,20,1,1,0
1,5.0,0.76,4,12.550228,0,11,0,1,0
1,5.0,0.65,8,7.765421,0,12,1,3,0
0,0.0,0.85,1,14.159204,0,15,1,2,0
1,5.0,0.73,5,12.287101,0,13,0,2,0
1,5.0,0.79,3,9.558901,0,13,1,1,0
1,5.0,0.65,12,13.661872,0,14,1,2,0
2,0.0,0.85,1,9.59217,0,21,0,0,0
2,0.0,0.85,1,8.80823,0,10,0,0,0
3,0.0,0.88,0,12.683381,1,17,0,2,0
3,0.0,0.85,1,12.014608,1,0,0,1,0
1,5.0,0.82,2,12.762637,0,23,0,2,0
1,5.0,0.76,4,8.442422,0,9,0,3,0
2,0.0,0.85,1,8.191554,0,10,1,3,0
2,0.0,0.88,0,11.606578,0,16,0,2,0
2,0.0,0.88,0,10.894831,0,12,1,1,0
2,0.0,0.85,1,6.610265,0,0,0,0,0
3,0.0,0.85,1,10.289195,1,1,0,3,0
1,5.0,0.73,5,8.561838,0,22,0,3,0
3,0.0,0.85,1,13.36358,1,2,0,1,0
1,5.0,0.82,2,9.560982,0,12,1,0,0
0,0.0,0.85,1,10.09001,0,19,0,2,0
1,5.0,0.79,3,7.991454,0,14,1,0,0
2,0.0,0.88,0,9.951438,0,13,0,1,0
1,5.0,0.82,2,12.756558,0,13,0,1,0
2,0.0,0.85,1,10.073754,0,11,0,1,0
3,0.0,0.88,0,12.491764,1,3,0,1,0
0,0.0,0.85,1,11.645009,0,10,0,1,0
1,5.0,0.73,5,12.395733,0,12,0,1,0
1,5.0,0.7,6,13.211672,0,12,0,2,0
1,5.0,0.73,5,9.695939,0,13,1,0,0
2,0.0,0.85,1,7.484385,0,4,1,0,0
2,0.0,0.85,1,12.404753,0,14,0,3,0
1,5.0,0.82,2,11.146989,0,13,0,1,0
3,0.0,0.85,1,9.034448,1,19,0,3,0
3,0.0,0.85,1,9.551977,1,12,0,2,0
0,0.0,0.85,1,9.577341,0,13,0,2,0
1,5.0,0.76,4,12.922662,0,22,1,1,0
2,0.0,0.85,1,13.967317,0,13,1,1,0
2,0.0,0.85,1,7.165293,0,15,0,0,0
1,5.0,0.79,3,10.11631,0,19,0,0,0
0,0.0,0.85,1,11.041914,0,20,0,1,0
1,5.0,0.65,11,11.059277,0,3,0,1,0
0,0.0,0.85,1,12.646744,0,12,0,1,0
2,0.0,0.85,1,7.816348,0,13,1,0,0
1,5.0,0.82,2,11.104735,0,10,0,0,0
1,5.0,0.79,3,13.094615,0,15,0,2,0
1,5.0,0.82,2,11.710057,0,8,0,2,0
1,5.0,0.82,2,7.502137,0,15,0,0,0
3,0.0,0.88,0,12.676856,1,23,0,1,0
3,0.0,0.85,1,13.373534,1,0,0,2,0
0,0.0,0.85,1,6.213688,0,17,0,1,0
1,5.0,0.79,3,12.138916,0,1,0,1,0
2,0.0,0.85,1,9.157532,0,14,1,0,0
2,0.0,0.82,2,11.905709,0,12,0,1,0
0,0.0,0.85,1,14.309934,0,14,0,2,0
1,5.0,0.82,2,12.768053,0,12,0,1,0
2,0.0,0.88,0,7.414814,0,10,0,0,0
2,0.0,0.85,1,10.996602,0,13,1,2,0
1,5.0,0.65,8,11.077315,0,6,1,0,0
2,0.0,0.85,1,9.243426,0,14,1,0,0
1,5.0,0.79,3,10.966139,0,21,0,2,0
1,5.0,0.73,5,10.489064,0,15,0,0,0
0,0.0,0.85,1,8.499907,0,18,0,0,0
2,0.0,0.85,1,10.456817,0,16,0,1,0
2,0.0,0.76,4,9.101654,0,23,1,1,0
1,5.0,0.79,3,9.016861,0,19,0,0,0
0,0.0,0.85,1,11.173675,0,0,0,1,0
3,0.0,0.88,0,12.250884,1,1,0,2,0
1,5.0,0.79,3,8.479244,0,12,0,1,0
0,0.0,0.85,1,7.225816,0,23,1,3,0
0,0.0,0.85,1,11.374731,0,13,0,1,0
1,5.0,0.76,4,12.914171,0,20,0,2,0
2,0.0,0.88,0,11.309826,0,20,0,1,0
1,5.0,0.73,5,11.679754,0,23,0,2,0
1,5.0,0.79,3,11.155738,0,17,0,1,0
1,5.0,0.79,3,8.342592,0,8,0,3,0
0,0.0,0.85,1,11.486825,0,11,0,1,0
1,5.0,0.82,2,11.255322,0,10,0,1,0
0,0.0,0.85,1,12.839172,0,11,0,1,0
1,5.0,0.79,3,9.796538,0,22,0,0,0
1,5.0,0.76,4,12.731569,0,22,1,1,0
3,0.0,0.88,0,9.761984,1,15,0,0,0
1,5.0,0.82,2,14.075092,0,10,0,2,0
2,0.0,0.88,0,11.173283,0,12,1,1,0
1,5.0,0.82,2,11.108034,0,11,0,0,0
2,0.0,0.88,0,8.756232,0,13,1,1,0
1,5.0,0.7,6,12.376835,0,1,0,2,0
2,0.0,0.88,0,8.749409,0,10,0,0,0
1,5.0,0.76,4,12.914931,0,11,0,2,0
0,0.0,0.85,1,10.490328,0,17,0,1,0
1,5.0,0.7,6,12.577379,0,12,0,2,0
2,0.0,0.88,0,7.880154,0,20,0,0,0
2,0.0,0.88,0,11.546832,0,12,0,2,0
2,0.0,0.85,1,8.736322,0,13,0,0,0
1,5.0,0.82,2,10.280684,0,11,0,0,0
1,5.0,0.82,2,9.860342,0,19,1,2,0
1,5.0,0.7,6,12.726083,0,15,1,1,0
2,0.0,0.88,0,7.744501,0,9,0,0,0
0,0.0,0.88,0,13.685596,0,1,0,1,0
1,5.0,0.82,2,11.494419,0,18,0,1,0
1,5.0,0.7,6,10.029941,0,9,0,3,0
2,0.0,0.88,0,10.718834,0,12,0,1,0
1,5.0,0.7,6,11.420399,0,11,0,1,0
1,5.0,0.82,2,10.675317,0,21,0,0,0
1,5.0,0.79,3,11.872047,0,10,0,2,0
2,0.0,0.88,0,10.153709,0,15,0,1,0
3,0.0,0.85,1,14.080525,1,11,0,2,0
1,5.0,0.76,4,11.723323,0,13,0,1,0
0,0.0,0.85,1,9.800953,0,16,1,2,0
1,49.7,0.1723,1,3.102791,0,12,0,0,1
2,0.0,0.88,0,10.824209,0,5,1,1,0
3,0.0,0.85,1,12.491822,1,1,0,1,0
1,5.0,0.79,3,12.619381,0,17,0,1,0
2,0.0,0.85,1,8.911062,0,13,1,0,0
1,5.0,0.82,2,9.137701,0,11,0,0,0
1,5.0,0.65,8,10.93218,0,9,0,0,0
0,0.0,0.88,0,10.077604,0,1,0,3,0
1,5.0,0.65,8,13.373069,0,11,0,2,0
1,5.0,0.7,6,9.22513,0,1,1,0,0
1,5.0,0.65,12,13.450038,0,12,1,2,0
0,0.0,0.85,1,8.053083,0,19,1,1,0
1,5.0,0.79,3,9.45204,0,11,1,2,0
1,5.0,0.82,2,8.687078,0,15,0,0,0
1,5.0,0.76,4,11.101132,0,4,0,0,0
1,5.0,0.73,5,12.906264,0,0,1,2,0
0,0.0,0.85,1,12.16121,0,10,0,1,0
1,5.0,0.7,6,11.413779,0,14,0,0,0
0,0.0,0.85,1,11.735172,0,20,1,0,0
0,0.0,0.85,1,13.34949,0,11,1,1,0
1,5.0,0.82,2,11.384111,0,10,1,1,0
2,0.0,0.85,1,8.154931,0,14,0,0,0
1,5.0,0.65,12,11.427183,0,16,0,2,0
1,5.0,0.7,6,13.407079,0,10,0,2,0
1,5.0,0.82,2,10.744246,0,20,0,1,0
1,5.0,0.73,5,9.444502,0,1,0,0,0
1,5.0,0.7,6,10.880718,0,17,0,0,0
3,0.0,0.85,1,11.627761,1,12,0,1,0
3,0.0,0.85,1,13.522994,1,20,0,2,0
2,0.0,0.88,0,10.830291,0,12,0,2,0
1,5.0,0.82,2,8.87429,0,17,0,2,0
2,0.0,0.85,1,8.586781,0,16,0,3,0
2,0.0,0.85,1,10.740368,0,17,0,1,0
0,0.0,0.85,1,11.895818,0,13,1,1,0
1,5.0,0.82,2,11.395642,0,12,0,2,0
0,49.6,0.1929,1,3.006672,0,10,0,1,1
1,5.0,0.82,2,8.758524,0,23,0,0,0
2,0.0,0.88,0,8.27252,0,11,0,3,0
2,0.0,0.85,1,8.83533,0,5,0,3,0
2,0.0,0.88,0,9.302312,0,14,0,0,0
3,0.0,0.88,0,13.11511,1,14,0,2,0
2,0.0,0.85,1,11.457107,0,22,0,2,0
1,5.0,0.82,2,11.748817,0,22,0,1,0
1,5.0,0.65,9,11.2307,0,23,1,0,0
1,5.0,0.82,2,10.867546,0,0,0,2,0
0,0.0,0.85,1,10.608235,0,20,0,1,0
1,5.0,0.79,3,11.772471,0,1,0,0,0
2,0.0,0.85,1,9.855284,0,10,1,0,0
0,0.0,0.85,1,12.959895,0,10,0,1,0
1,78.6,0.2465,2,2.687847,0,10,0,0,1
1,5.0,0.82,2,7.633684,0,18,0,1,0
1,5.0,0.82,2,8.197305,0,21,0,3,0
2,0.0,0.85,1,10.788011,0,9,0,1,0
2,0.0,0.88,0,9.761597,0,8,0,0,0
2,0.0,0.88,0,10.136801,0,14,0,1,0
1,5.0,0.73,5,13.185994,0,13,0,2,0
1,5.0,0.79,3,11.439547,0,2,1,0,0
1,5.0,0.76,4,9.536914,0,15,0,3,0
1,5.0,0.82,2,11.775878,0,11,0,2,0
0,0.0,0.85,1,9.282652,0,11,0,2,0
2,0.0,0.88,0,11.391975,0,16,0,1,0
1,5.0,0.82,2,11.063679,0,1,0,1,0
1,5.0,0.79,3,10.400198,0,22,1,2,0
1,5.0,0.7,6,9.518944,0,1,0,3,0
2,0.0,0.88,0,12.158601,0,14,1,2,0
1,5.0,0.76,4,9.354597,0,15,0,3,0
2,0.0,0.85,1,8.082186,0,17,1,0,0
0,0.0,0.85,1,9.52491,0,19,0,0,0
2,0.0,0.85,1,11.485688,0,14,0,1,0
0,0.0,0.85,1,10.762918,0,19,1,1,0
1,5.0,0.76,4,8.609238,0,9,1,2,0
1,5.0,0.79,3,11.39528,0,16,0,1,0
0,0.0,0.85,1,11.793067,0,20,1,1,0
1,5.0,0.82,2,11.644722,0,14,1,1,0
1,5.0,0.76,4,13.532372,0,16,1,2,0
0,55.8,0.1014,3,14.159064,0,15,0,1,1
2,0.0,0.85,1,8.48991,0,9,0,0,0
2,0.0,0.88,0,8.647793,0,12,0,0,0
2,0.0,0.88,0,8.55972,0,22,0,0,0
2,0.0,0.85,1,12.028414,0,13,0,2,0
2,0.0,0.85,1,8.521056,0,15,0,0,0
2,0.0,0.88,0,10.322822,0,11,0,2,0
1,5.0,0.82,2,9.839962,0,20,0,0,0
1,5.0,0.79,3,10.92947,0,9,0,1,0
2,0.0,0.88,0,9.12448,0,11,0,2,0
1,5.0,0.73,5,9.164094,0,17,0,0,0
1,5.0,0.79,3,10.181492,0,7,1,0,0
2,0.0,0.88,0,10.344666,0,11,0,1,0
3,0.0,0.85,1,9.017487,1,20,1,0,0
0,0.0,0.85,1,10.949319,0,20,0,1,0
1,5.0,0.79,3,9.910467,0,19,1,3,0
1,5.0,0.79,3,9.608393,0,11,0,3,0
0,0.0,0.85,1,11.440193,0,17,1,1,0
3,0.0,0.85,1,13.610863,1,1,1,2,0
1,5.0,0.82,2,12.625577,0,0,0,1,0
3,0.0,0.85,1,13.700756,1,8,1,2,0
1,5.0,0.7,6,11.315127,0,0,1,1,0
1,5.0,0.79,3,10.364238,0,15,0,0,0
1,5.0,0.79,3,11.751499,0,15,0,1,0
2,0.0,0.85,1,10.225086,0,10,0,1,0
2,0.0,0.85,1,9.463835,0,18,0,0,0
1,5.0,0.79,3,11.416223,0,20,0,1,0
0,0.0,0.85,1,12.34426,0,14,0,1,0
2,0.0,0.82,2,12.213314,0,13,0,2,0
2,0.0,0.88,0,9.61189,0,15,0,1,0
1,5.0,0.82,2,11.508553,0,11,1,0,0
2,0.0,0.88,0,11.641846,0,19,0,2,0
2,0.0,0.88,0,7.679709,0,9,0,0,0
1,5.0,0.82,2,12.534156,0,12,0,1,0
1,5.0,0.79,3,12.215525,0,17,0,1,0
2,0.0,0.85,1,9.226517,0,12,1,0,0
0,0.0,0.85,1,13.172478,0,12,0,1,0
1,5.0,0.79,3,11.667749,0,18,1,1,0
3,0.0,0.88,0,13.665719,1,1,0,2,0
1,5.0,0.73,5,9.478361,0,0,0,3,0
1,5.0,0.7,6,8.302392,0,8,0,3,0
3,0.0,0.88,0,13.39922,1,0,1,2,0
1,5.0,0.82,2,9.622062,0,11,0,3,0
0,0.0,0.85,1,8.206382,0,19,1,0,0
1,5.0,0.79,3,11.258211,0,21,1,1,0
1,5.0,0.76,4,11.623424,0,13,0,0,0
1,5.0,0.82,2,9.55245,0,18,1,2,0
0,64.1,0.0652,2,3.110399,0,13,0,2,1
2,0.0,0.85,1,10.556273,0,14,0,1,0
2,0.0,0.85,1,6.044365,0,10,0,3,0
1,5.0,0.79,3,11.164629,0,19,0,1,0
1,5.0,0.65,11,10.997404,0,16,1,2,0
0,0.0,0.85,1,11.035961,0,20,0,1,0
1,5.0,0.79,3,12.461326,0,13,0,2,0
1,5.0,0.82,2,9.622241,0,9,0,0,0
3,0.0,0.85,1,10.96683,1,3,0,2,0
1,5.0,0.82,2,9.514887,0,17,0,0,0
3,0.0,0.88,0,8.456207,1,16,0,0,0
1,5.0,0.7,6,12.381698,0,12,0,1,0
0,0.0,0.85,1,9.77163,0,13,0,0,0
1,5.0,0.82,2,10.056262,0,20,1,1,0
1,5.0,0.7,6,11.316137,0,1,0,0,0
2,0.0,0.85,1,5.6666,0,12,0,0,0
0,0.0,0.85,1,9.308598,0,3,0,1,0
0,0.0,0.85,1,9.726142,0,16,1,3,0
1,76.9,0.1193,4,14.15993,0,0,0,1,1
1,5.0,0.79,3,11.862483,0,2,0,0,0
2,0.0,0.85,1,12.09826,0,11,1,2,0
3,0.0,0.85,1,13.110706,1,0,0,1,0
3,0.0,0.85,1,11.064292,1,6,0,1,0
3,0.0,0.85,1,11.41271,1,17,0,2,0
1,5.0,0.7,6,12.614761,0,15,0,1,0
1,5.0,0.82,2,12.516324,0,16,0,1,0
2,0.0,0.85,1,10.856498,0,12,0,1,0
1,5.0,0.79,3,11.343748,0,17,0,0,0
1,5.0,0.79,3,7.409784,0,14,0,0,0
3,0.0,0.88,0,13.104214,1,12,0,1,0
2,0.0,0.82,2,11.763381,0,16,0,2,0
1,5.0,0.7,6,12.813844,0,16,0,1,0
1,5.0,0.65,11,9.224141,0,11,1,3,0
2,0.0,0.88,0,9.101789,0,17,0,0,0
1,5.0,0.73,5,11.296202,0,13,0,0,0
2,0.0,0.88,0,7.433483,0,16,0,3,0
0,0.0,0.85,1,10.50776,0,9,0,2,0
2,0.0,0.85,1,10.378528,0,9,0,2,0
1,5.0,0.79,3,10.14759,0,20,0,2,0
2,0.0,0.88,0,8.280407,0,11,1,0,0
2,0.0,0.88,0,10.829654,0,16,0,1,0
1,5.0,0.7,6,8.855083,0,21,0,3,0
3,0.0,0.85,1,13.721853,1,2,1,2,0
1,5.0,0.73,5,10.691039,0,18,0,1,0
3,0.0,0.88,0,10.04848,1,3,1,0,0
1,5.0,0.79,3,12.328677,0,6,1,2,0
1,5.0,0.82,2,10.815423,0,19,0,1,0
1,5.0,0.76,4,11.530399,0,13,0,0,0
2,0.0,0.85,1,6.887767,0,16,0,3,0
0,0.0,0.85,1,11.245328,0,11,1,0,0
1,5.0,0.73,5,12.58635,0,15,0,1,0
1,5.0,0.73,5,11.932176,0,10,0,2,0
1,5.0,0.82,2,10.85719,0,15,0,1,0
3,0.0,0.85,1,11.426839,1,23,1,0,0
1,5.0,0.76,4,11.495552,0,17,0,0,0
1,5.0,0.76,4,13.880482,0,12,0,2,0
2,0.0,0.85,1,8.654768,0,10,1,0,0
0,42.7,0.1501,4,13.525285,0,3,0,2,1
0,0.0,0.85,1,10.998551,0,17,1,1,0
1,5.0,0.73,5,8.417302,0,13,0,0,0
1,5.0,0.82,2,10.91318,0,14,1,0,0
1,5.0,0.73,5,11.466663,0,2,0,0,0
1,5.0,0.79,3,11.600772,0,14,1,1,0
2,0.0,0.85,1,11.72406,0,16,0,2,0
3,0.0,0.85,1,12.070152,1,2,0,1,0
2,0.0,0.88,0,12.400298,0,12,0,2,0
1,5.0,0.7,6,8.411157,0,18,0,3,0
2,0.0,0.85,1,5.973759,0,10,0,3,0
2,0.0,0.88,0,7.600682,0,16,1,3,0
2,0.0,0.85,1,7.202922,0,9,1,3,0
1,5.0,0.79,3,10.55784,0,12,0,1,0
3,0.0,0.85,1,12.480059,1,15,0,0,0
0,0.0,0.85,1,11.811339,0,10,0,1,0
1,5.0,0.67,7,8.432293,0,17,0,3,0
3,0.0,0.82,2,11.844594,1,2,0,0,0
3,0.0,0.88,0,11.993782,1,23,1,0,0
2,0.0,0.85,1,7.958192,0,9,0,3,0
0,0.0,0.85,1,10.61842,0,22,1,1,0
1,5.0,0.79,3,9.490693,0,10,0,1,0
0,78.7,0.1517,16,12.674375,0,19,0,1,1
1,5.0,0.79,3,12.084344,0,14,1,1,0
1,5.0,0.7,6,12.311768,0,11,0,1,0
0,0.0,0.85,1,10.591854,0,20,0,0,0
1,5.0,0.79,3,11.69836,0,18,1,1,0
2,0.0,0.85,1,9.184437,0,20,0,0,0
1,5.0,0.65,12,10.659008,0,1,0,0,0
1,5.0,0.79,3,8.958227,0,17,1,0,0
2,0.0,0.88,0,11.519416,0,13,0,2,0
1,43.7,0.1149,14,8.744646,0,11,1,0,1
2,0.0,0.85,1,9.22964,0,16,0,0,0
1,5.0,0.79,3,10.006229,0,17,0,1,0
1,5.0,0.79,3,11.153876,0,22,1,0,0
3,0.0,0.85,1,11.695342,1,13,0,1,0
1,5.0,0.7,6,11.474743,0,14,0,1,0
1,62.2,0.1626,3,11.937487,0,10,0,1,1
2,0.0,0.85,1,6.058352,0,12,0,0,0
3,0.0,0.88,0,13.527387,1,1,1,1,0
1,5.0,0.79,3,11.521342,0,1,1,1,0
1,5.0,0.73,5,11.989488,0,10,0,2,0
1,5.0,0.73,5,11.075761,0,17,0,0,0
1,5.0,0.7,6,10.917984,0,22,0,0,0
0,0.0,0.85,1,12.637796,0,22,0,2,0
1,5.0,0.73,5,12.941874,0,2,0,1,0
1,5.0,0.79,3,7.564441,0,19,0,0,0
2,0.0,0.88,0,7.493913,0,20,1,0,0
1,5.0,0.7,6,11.388016,0,0,0,2,0
2,0.0,0.88,0,12.927298,0,13,0,0,0
1,5.0,0.7,6,13.080183,0,10,0,2,0
1,5.0,0.82,2,10.780055,0,12,1,0,0
2,0.0,0.88,0,10.845212,0,8,0,2,0
1,5.0,0.79,3,11.919351,0,14,1,2,0
1,5.0,0.67,7,12.95055,0,14,0,1,0
1,5.0,0.76,4,10.862495,0,12,1,1,0
0,0.0,0.85,1,10.664022,0,9,1,1,0
1,5.0,0.79,3,11.939956,0,13,0,1,0
2,0.0,0.88,0,7.871246,0,17,0,3,0
2,0.0,0.85,1,8.052978,0,16,0,0,0
1,5.0,0.82,2,12.101802,0,2,0,2,0
1,5.0,0.73,5,11.351929,0,15,1,0,0
0,0.0,0.85,1,9.692449,0,18,1,1,0
1,5.0,0.82,2,12.814587,0,6,0,2,0
0,0.0,0.85,1,13.210063,0,22,0,2,0
1,5.0,0.82,2,13.23664,0,10,0,2,0
1,5.0,0.79,3,8.784605,0,20,0,0,0
1,5.0,0.82,2,11.499321,0,14,0,1,0
3,0.0,0.88,0,12.801101,1,17,0,1,0
1,5.0,0.76,4,9.660843,0,2,0,3,0
2,0.0,0.88,0,10.803465,0,7,1,1,0
2,0.0,0.85,1,8.344158,0,15,0,3,0
2,0.0,0.85,1,8.454901,0,10,1,0,0
3,0.0,0.88,0,13.241835,1,0,0,1,0
0,0.0,0.85,1,11.72921,0,13,0,0,0
2,0.0,0.85,1,10.564663,0,16,0,1,0
1,5.0,0.79,3,10.436337,0,21,0,1,0
1,5.0,0.82,2,13.279837,0,22,0,2,0
1,5.0,0.82,2,12.860419,0,13,1,1,0
0,0.0,0.85,1,8.892631,0,21,0,3,0
2,0.0,0.85,1,9.674772,0,6,0,1,0
0,0.0,0.85,1,11.869117,0,17,0,1,0
3,0.0,0.88,0,11.136492,1,0,0,1,0
3,0.0,0.88,0,12.202372,1,21,0,0,0
1,5.0,0.73,5,10.747414,0,12,1,0,0
2,0.0,0.88,0,13.817804,0,4,1,0,0
1,5.0,0.79,3,10.11236,0,17,0,1,0
0,0.0,0.85,1,13.890453,0,14,0,2,0
3,0.0,0.88,0,10.884555,1,23,0,1,0
1,5.0,0.82,2,10.129759,0,10,0,3,0
2,0.0,0.88,0,9.245558,0,15,1,1,0
1,5.0,0.82,2,10.580391,0,15,0,2,0
1,5.0,0.76,4,13.363302,0,13,0,1,0
1,5.0,0.82,2,8.079618,0,17,0,3,0
1,5.0,0.79,3,9.626511,0,11,0,2,0
0,0.0,0.85,1,7.889957,0,15,0,1,0
2,0.0,0.88,0,8.432482,0,6,0,1,0
1,5.0,0.79,3,12.667001,0,14,0,1,0
1,5.0,0.7,6,7.471141,0,11,0,0,0
1,5.0,0.73,5,11.291182,0,2,0,1,0
1,5.0,0.76,4,13.668851,0,14,0,2,0
2,0.0,0.85,1,9.329095,0,12,0,1,0
3,0.0,0.85,1,12.283839,1,0,0,0,0
1,5.0,0.82,2,10.558035,0,13,0,0,0
1,5.0,0.65,12,10.610952,0,2,0,1,0
1,5.0,0.79,3,10.002198,0,18,1,2,0
2,0.0,0.88,0,10.913311,0,18,0,1,0
2,0.0,0.88,0,11.029468,0,10,0,1,0
1,5.0,0.65,11,12.831137,0,7,0,2,0
2,0.0,0.88,0,9.646278,0,7,1,0,0
1,5.0,0.7,6,13.025557,0,2,0,2,0
2,0.0,0.88,0,11.663949,0,18,0,2,0
2,0.0,0.88,0,10.67176,0,10,1,1,0
1,5.0,0.82,2,12.531569,0,8,0,1,0
1,5.0,0.82,2,10.696825,0,5,1,0,0
1,5.0,0.79,3,10.356218,0,17,1,1,0
3,0.0,0.85,1,12.791812,1,3,0,1,0
0,0.0,0.85,1,11.389067,0,22,0,1,0
1,5.0,0.79,3,8.666473,0,15,1,0,0
2,0.0,0.88,0,8.65557,0,11,0,0,0
2,0.0,0.88,0,8.748356,0,11,1,0,0
2,0.0,0.88,0,11.475108,0,16,0,2,0
1,5.0,0.73,5,9.080989,0,15,0,3,0
1,5.0,0.79,3,7.671659,0,17,0,2,0
2,0.0,0.88,0,9.949453,0,10,0,2,0
1,5.0,0.65,11,13.418754,0,11,0,2,0
1,5.0,0.82,2,11.385635,0,13,1,1,0
2,0.0,0.85,1,9.047825,0,10,0,0,0
1,5.0,0.82,2,11.013252,0,18,0,1,0
2,0.0,0.85,1,8.997678,0,12,0,0,0
1,5.0,0.82,2,9.520261,0,18,0,1,0
3,0.0,0.85,1,10.959881,1,17,0,1,0
1,5.0,0.76,4,13.233253,0,16,0,2,0
1,5.0,0.7,6,10.541933,0,1,0,0,0
2,0.0,0.85,1,11.723526,0,12,0,2,0
1,5.0,0.7,6,10.503684,0,8,1,1,0
2,0.0,0.85,1,8.940498,0,17,1,0,0
2,0.0,0.85,1,8.851344,0,15,0,0,0
2,0.0,0.85,1,7.088142,0,15,0,0,0
1,5.0,0.76,4,10.54613,0,23,1,1,0
2,0.0,0.88,0,8.928958,0,16,0,0,0
1,5.0,0.82,2,13.027966,0,12,0,2,0
3,0.0,0.88,0,12.229614,1,9,1,1,0
1,5.0,0.79,3,8.973658,0,15,1,0,0
2,0.0,0.88,0,6.988386,0,16,1,0,0
2,0.0,0.85,1,10.990409,0,21,0,1,0
0,0.0,0.85,1,13.391321,0,6,0,2,0
0,0.0,0.85,1,13.876447,0,14,0,2,0
2,0.0,0.88,0,10.382345,0,19,0,1,0
3,0.0,0.88,0,11.835425,1,1,0,1,0
1,5.0,0.82,2,10.447008,0,11,0,1,0
1,5.0,0.7,6,10.958422,0,21,1,0,0
2,0.0,0.88,0,11.651605,0,9,1,2,0
1,5.0,0.79,3,8.508366,0,11,0,1,0
1,5.0,0.73,5,10.161785,0,18,0,1,0
2,0.0,0.88,0,9.267481,0,10,0,1,0
3,0.0,0.85,1,13.136427,1,11,0,1,0
2,0.0,0.85,1,10.21745,0,18,1,3,0
0,0.0,0.85,1,12.466594,0,4,0,1,0
1,5.0,0.65,8,12.519962,0,13,0,1,0
1,5.0,0.7,6,8.965741,0,14,0,3,0
0,0.0,0.85,1,11.835481,0,11,0,0,0
2,0.0,0.85,1,9.343368,0,15,0,0,0
0,0.0,0.85,1,9.517518,0,11,0,3,0
0,0.0,0.85,1,11.573622,0,20,0,1,0
0,0.0,0.85,1,9.866683,0,22,1,0,0
1,5.0,0.76,4,12.554223,0,13,0,1,0
3,0.0,0.85,1,12.930517,1,23,0,1,0
1,5.0,0.82,2,9.690885,0,12,0,0,0
1,5.0,0.79,3,11.295555,0,19,0,0,0
1,5.0,0.7,6,10.773024,0,10,0,0,0
3,0.0,0.88,0,10.310874,1,1,0,3,0
1,5.0,0.76,4,12.778083,0,23,0,1,0
1,5.0,0.73,5,8.834092,0,15,0,3,0
2,0.0,0.88,0,9.452744,0,15,0,0,0
1,5.0,0.76,4,12.063445,0,2,0,1,0
3,0.0,0.85,1,12.187921,1,11,0,1,0
1,5.0,0.79,3,10.803264,0,16,0,1,0
2,0.0,0.88,0,9.107656,0,12,1,2,0
2,0.0,0.85,1,11.679934,0,11,1,1,0
0,71.2,0.1208,1,2.619583,0,20,0,1,1
0,0.0,0.85,1,11.156395,0,20,0,1,0
0,0.0,0.85,1,10.860663,0,23,0,0,0
0,0.0,0.85,1,8.067221,0,21,1,1,0
2,0.0,0.88,0,11.825569,0,12,0,2,0
1,5.0,0.82,2,12.177338,0,13,1,1,0
2,0.0,0.85,1,10.676329,0,9,1,2,0
2,0.0,0.88,0,8.914958,0,15,1,0,0
3,0.0,0.88,0,12.841645,1,19,0,2,0
1,5.0,0.79,3,11.478952,0,16,0,1,0
1,5.0,0.79,3,10.640649,0,17,0,0,0
1,5.0,0.79,3,13.094614,0,13,0,2,0
0,0.0,0.85,1,11.058293,0,13,0,0,0
0,0.0,0.85,1,9.283918,0,17,1,0,0
3,0.0,0.85,1,11.788683,1,8,1,1,0
2,0.0,0.85,1,10.297747,0,17,1,2,0
2,0.0,0.82,2,11.767488,0,13,1,1,0
1,5.0,0.82,2,12.896254,0,12,1,1,0
1,5.0,0.76,4,11.381416,0,13,0,0,0
1,5.0,0.82,2,10.715397,0,18,1,3,0
2,0.0,0.85,1,10.4137,0,19,1,1,0
1,5.0,0.79,3,11.361823,0,23,0,1,0
1,5.0,0.82,2,10.318789,0,13,0,3,0
1,5.0,0.73,5,12.39093,0,12,0,1,0
2,0.0,0.88,0,9.003116,0,12,1,0,0
1,5.0,0.82,2,11.936266,0,13,0,1,0
0,0.0,0.85,1,13.581146,0,13,0,2,0
2,0.0,0.88,0,11.243482,0,14,1,2,0
0,0.0,0.85,1,13.092152,0,17,0,2,0
1,5.0,0.79,3,11.12622,0,18,0,1,0
1,5.0,0.79,3,10.966891,0,18,0,1,0
2,0.0,0.85,1,10.774792,0,16,0,1,0
1,5.0,0.79,3,9.412855,0,16,0,0,0
2,0.0,0.73,5,7.921884,0,12,0,0,0
1,5.0,0.76,4,12.947424,0,18,0,2,0
2,0.0,0.85,1,8.818718,0,13,0,0,0
2,0.0,0.85,1,7.988835,0,14,0,0,0
0,0.0,0.85,1,13.976072,0,17,0,2,0
3,0.0,0.85,1,9.405722,1,1,0,1,0
2,0.0,0.88,0,10.882601,0,16,1,2,0
2,0.0,0.85,1,8.789994,0,15,0,0,0
2,0.0,0.88,0,11.202846,0,8,1,2,0
3,0.0,0.88,0,9.677161,1,0,1,0,0
1,5.0,0.79,3,11.700579,0,20,0,1,0
2,0.0,0.88,0,7.621803,0,12,0,3,0
2,0.0,0.85,1,11.329003,0,12,1,0,0
3,0.0,0.88,0,13.179761,1,17,1,1,0
0,0.0,0.85,1,11.464511,0,17,0,1,0
1,5.0,0.65,9,10.117214,0,17,1,0,0
3,0.0,0.85,1,13.35063,1,1,0,1,0
1,5.0,0.76,4,9.165057,0,11,0,3,0
1,5.0,0.79,3,10.014894,0,1,1,0,0
1,5.0,0.79,3,9.288318,0,18,1,2,0
2,0.0,0.88,0,9.277955,0,1,1,0,0
3,0.0,0.85,1,11.164639,1,10,1,1,0
0,0.0,0.85,1,8.298353,0,12,0,2,0
0,0.0,0.85,1,9.600933,0,21,0,2,0
1,5.0,0.82,2,7.90231,0,10,1,3,0
0,0.0,0.85,1,9.766404,0,19,0,1,0
3,0.0,0.85,1,12.627619,1,0,0,1,0
1,70.1,0.1894,1,0.932164,0,18,1,1,1
1,5.0,0.82,2,10.509712,0,21,1,2,0
3,0.0,0.85,1,12.290965,1,21,0,1,0
3,0.0,0.85,1,11.939503,1,13,0,2,0
1,5.0,0.79,3,10.794914,0,13,1,2,0
2,0.0,0.85,1,11.179752,0,16,1,1,0
3,0.0,0.85,1,12.638156,1,10,0,1,0
0,46.5,0.1597,14,10.848702,0,0,0,1,1
3,0.0,0.85,1,11.407903,1,5,0,1,0
1,5.0,0.79,3,11.10799,0,19,0,1,0
0,0.0,0.85,1,11.822165,0,19,0,1,0
2,0.0,0.85,1,8.780022,0,10,0,0,0
3,0.0,0.88,0,8.860252,1,2,1,2,0
1,5.0,0.79,3,9.616113,0,23,0,0,0
3,0.0,0.85,1,12.772189,1,12,0,1,0
0,0.0,0.85,1,10.554612,0,16,0,1,0
1,5.0,0.82,2,8.312577,0,22,1,2,0
1,5.0,0.65,11,12.971785,0,16,0,2,0
2,0.0,0.88,0,8.75333,0,11,0,0,0
3,0.0,0.85,1,13.033383,1,0,0,1,0
2,0.0,0.85,1,9.02983,0,12,1,0,0
1,5.0,0.73,5,9.79909,0,19,0,3,0
1,5.0,0.79,3,13.528884,0,1,0,2,0
3,0.0,0.88,0,13.307,1,14,0,2,0
0,0.0,0.85,1,11.787845,0,11,1,2,0
2,0.0,0.85,1,8.438323,0,10,0,3,0
1,5.0,0.7,6,10.765418,0,1,0,2,0
1,5.0,0.7,6,10.967793,0,1,1,0,0
1,5.0,0.65,8,11.565379,0,13,0,1,0
3,0.0,0.88,0,12.151381,1,13,0,1,0
2,0.0,0.88,0,10.316801,0,10,0,1,0
1,5.0,0.79,3,11.012242,0,16,1,1,0
2,0.0,0.85,1,11.314619,0,14,0,0,0
2,0.0,0.88,0,10.628742,0,14,0,2,0
2,0.0,0.88,0,8.824988,0,11,0,0,0
2,0.0,0.88,0,11.380007,0,17,0,1,0
2,0.0,0.88,0,9.698547,0,10,0,2,0
3,0.0,0.85,1,13.203514,1,15,1,1,0
1,5.0,0.79,3,10.623033,0,11,0,2,0
1,5.0,0.73,5,9.724947,0,0,0,3,0
1,5.0,0.76,4,11.158454,0,0,1,1,0
3,0.0,0.88,0,10.64263,1,23,0,0,0
2,0.0,0.88,0,7.601357,0,1,1,1,0
0,0.0,0.85,1,8.566084,0,2,0,3,0
2,0.0,0.85,1,11.599069,0,11,0,2,0
1,5.0,0.82,2,13.653858,0,0,0,2,0
2,0.0,0.85,1,8.34724,0,9,1,0,0
0,0.0,0.85,1,9.098503,0,18,0,3,0
3,0.0,0.85,1,12.907863,1,14,0,1,0
2,0.0,0.88,0,8.22595,0,17,0,1,0
0,61.0,0.1633,5,13.716919,0,3,0,2,1
0,0.0,0.85,1,12.124567,0,22,0,1,0
3,0.0,0.88,0,10.008629,1,14,0,0,0
2,0.0,0.88,0,8.627625,0,8,1,0,0
1,5.0,0.82,2,8.532208,0,11,1,2,0
1,5.0,0.7,6,11.408537,0,8,0,0,0
2,0.0,0.88,0,8.354964,0,10,0,0,0
3,0.0,0.85,1,12.634017,1,20,1,2,0
1,5.0,0.76,4,13.364863,0,19,0,2,0
0,0.0,0.85,1,13.470827,0,9,0,2,0
1,5.0,0.7,6,11.414958,0,10,0,0,0
2,0.0,0.88,0,10.393772,0,13,1,1,0
1,5.0,0.65,10,13.667999,0,11,0,2,0
3,0.0,0.85,1,11.845522,1,5,0,0,0
3,0.0,0.85,1,12.551889,1,23,0,1,0
1,5.0,0.73,5,11.102914,0,19,1,2,0
0,0.0,0.85,1,11.254321,0,15,0,0,0
2,0.0,0.85,1,9.892857,0,14,0,0,0
0,0.0,0.85,1,10.631439,0,12,0,1,0
1,5.0,0.79,3,9.555258,0,5,0,1,0
3,0.0,0.85,1,11.326064,1,1,0,1,0
3,0.0,0.85,1,13.043079,1,2,0,1,0
1,5.0,0.73,5,12.57447,0,11,0,1,0
1,5.0,0.79,3,11.22055,0,17,1,1,0
2,0.0,0.85,1,8.571454,0,8,0,0,0
1,5.0,0.73,5,11.331735,0,11,0,0,0
1,5.0,0.73,5,9.108559,0,14,1,3,0
1,5.0,0.79,3,8.51974,0,12,1,2,0
0,0.0,0.85,1,7.310443,0,16,0,0,0
2,0.0,0.88,0,7.111846,0,15,0,0,0
1,5.0,0.82,2,13.10172,0,14,0,1,0
1,5.0,0.82,2,9.983915,0,10,0,2,0
2,0.0,0.88,0,9.07558,0,21,1,2,0
2,0.0,0.88,0,9.280487,0,23,1,0,0
3,0.0,0.88,0,12.161698,1,1,1,1,0
1,5.0,0.82,2,9.547423,0,16,0,1,0
3,0.0,0.85,1,12.761366,1,14,0,2,0
2,0.0,0.85,1,9.185966,0,12,0,0,0
1,5.0,0.82,2,12.298115,0,15,1,1,0
2,0.0,0.85,1,9.982997,0,9,0,1,0
1,5.0,0.82,2,10.013878,0,12,1,0,0
0,0.0,0.85,1,10.996102,0,20,0,1,0
1,5.0,0.76,4,11.292639,0,11,1,0,0
0,0.0,0.85,1,9.644806,0,17,0,0,0
1,5.0,0.7,6,13.611517,0,11,0,2,0
1,5.0,0.82,2,10.425384,0,12,0,0,0
1,5.0,0.82,2,8.044129,0,18,0,0,0
1,5.0,0.76,4,13.713288,0,14,0,2,0
2,0.0,0.88,0,8.866184,0,15,1,0,0
2,0.0,0.85,1,9.218829,0,19,0,0,0
2,0.0,0.85,1,10.568553,0,9,0,1,0
1,5.0,0.82,2,10.749196,0,11,0,0,0
2,0.0,0.88,0,11.452824,0,10,0,1,0
1,5.0,0.73,5,12.651023,0,21,0,1,0
1,5.0,0.76,4,10.769009,0,15,0,1,0
1,5.0,0.73,5,13.396676,0,16,0,2,0
2,0.0,0.79,3,8.849323,0,14,0,1,0
1,5.0,0.79,3,8.93287,0,12,0,0,0
2,0.0,0.85,1,10.722655,0,13,0,1,0
2,0.0,0.88,0,8.697551,0,12,0,3,0
1,5.0,0.76,4,14.099704,0,12,0,2,0
3,0.0,0.88,0,12.693397,1,22,1,1,0
2,0.0,0.88,0,9.244803,0,16,1,0,0
2,0.0,0.88,0,7.53303,0,3,1,0,0
1,5.0,0.79,3,7.338674,0,16,0,3,0
2,0.0,0.88,0,10.665414,0,17,1,1,0
1,5.0,0.65,8,10.703727,0,12,1,0,0
1,5.0,0.7,6,12.621326,0,0,1,1,0
1,5.0,0.79,3,11.463358,0,19,0,1,0
1,5.0,0.67,7,10.80795,0,21,0,0,0
1,5.0,0.7,6,9.813866,0,9,0,3,0
1,5.0,0.65,10,10.279822,0,11,1,0,0
2,0.0,0.85,1,9.567045,0,2,1,0,0
3,0.0,0.85,1,13.057389,1,19,0,2,0
1,5.0,0.7,6,11.98482,0,5,1,0,0
1,5.0,0.65,8,11.829566,0,19,1,2,0
2,0.0,0.88,0,12.158671,0,11,0,2,0
3,0.0,0.88,0,10.22667,1,17,1,1,0
1,5.0,0.82,2,11.828322,0,12,0,1,0
1,5.0,0.73,5,9.319809,0,13,0,3,0
2,0.0,0.85,1,7.895831,0,13,0,0,0
1,5.0,0.73,5,9.62417,0,8,0,0,0
0,57.9,0.2483,2,14.002507,0,12,0,2,1
1,5.0,0.7,6,8.276743,0,8,0,0,0
2,0.0,0.7,6,8.557137,0,16,0,0,0
1,5.0,0.73,5,11.185418,0,13,0,0,0
1,5.0,0.7,6,11.311278,0,13,0,2,0
1,5.0,0.79,3,13.557276,0,18,0,2,0
1,5.0,0.82,2,10.59617,0,12,0,1,0
1,5.0,0.79,3,8.037411,0,13,0,3,0
3,0.0,0.88,0,12.847944,1,20,0,1,0
1,5.0,0.7,6,13.417379,0,10,0,2,0
2,0.0,0.85,1,10.918003,0,22,0,2,0
1,5.0,0.76,4,10.743622,0,12,0,1,0
2,0.0,0.85,1,9.383234,0,8,0,0,0
3,0.0,0.85,1,12.180891,1,0,1,0,0
1,5.0,0.76,4,11.386159,0,13,0,0,0
1,5.0,0.67,7,9.884515,0,20,0,1,0
2,0.0,0.88,0,8.635845,0,13,0,0,0
2,0.0,0.88,0,8.34136,0,13,0,3,0
2,0.0,0.85,1,13.273971,0,15,0,1,0
2,0.0,0.88,0,7.43601,0,15,0,0,0
3,0.0,0.88,0,10.587668,1,8,0,3,0
1,5.0,0.82,2,9.990432,0,20,0,2,0
1,5.0,0.67,7,10.797993,0,14,0,0,0
0,0.0,0.85,1,8.106891,0,11,0,1,0
1,5.0,0.65,12,11.844549,0,11,0,1,0
0,0.0,0.85,1,11.358082,0,21,0,1,0
0,0.0,0.85,1,10.924837,0,0,1,0,0
2,0.0,0.88,0,8.932168,0,12,0,0,0
2,0.0,0.85,1,7.757479,0,4,1,0,0
0,0.0,0.85,1,11.580681,0,18,0,1,0
1,5.0,0.73,5,9.917144,0,12,0,1,0
1,5.0,0.79,3,10.031656,0,2,0,1,0
1,5.0,0.76,4,8.381914,0,12,0,0,0
0,0.0,0.85,1,9.569826,0,1,0,3,0
2,0.0,0.88,0,11.257979,0,15,1,1,0
0,0.0,0.85,1,11.461911,0,13,1,1,0
1,5.0,0.82,2,13.470307,0,9,0,2,0
2,0.0,0.88,0,8.983998,0,10,0,0,0
2,0.0,0.85,1,11.240869,0,11,0,2,0
3,0.0,0.88,0,9.093711,1,23,0,1,0
3,0.0,0.88,0,10.833301,1,20,1,3,0
1,5.0,0.79,3,13.183444,0,11,0,2,0
0,0.0,0.85,1,9.405478,0,13,0,1,0
1,5.0,0.65,8,13.437944,0,12,0,2,0
1,5.0,0.65,9,11.816881,0,0,0,1,0
1,5.0,0.65,9,11.618131,0,1,0,0,0
0,0.0,0.85,1,10.827668,0,2,0,0,0
1,5.0,0.82,2,8.981875,0,19,0,0,0
2,0.0,0.88,0,9.577649,0,18,1,1,0
3,0.0,0.85,1,12.158144,1,17,0,1,0
1,5.0,0.7,6,13.141891,0,5,0,2,0
2,0.0,0.7,6,12.767454,0,10,1,2,0
1,5.0,0.73,5,8.504645,0,15,0,0,0
2,0.0,0.88,0,10.608723,0,13,0,1,0
2,0.0,0.88,0,10.301114,0,11,1,1,0
1,5.0,0.82,2,11.115612,0,10,0,0,0
2,0.0,0.88,0,8.278634,0,12,0,3,0
3,0.0,0.88,0,10.864794,1,7,0,3,0
1,5.0,0.65,11,11.791697,0,10,0,2,0
3,0.0,0.85,1,8.20859,1,9,0,2,0
3,0.0,0.88,0,13.473041,1,0,0,2,0
1,5.0,0.76,4,11.522857,0,13,0,0,0
3,0.0,0.85,1,13.064054,1,9,0,1,0
1,5.0,0.73,5,14.203374,0,12,1,2,0
2,0.0,0.88,0,10.841412,0,11,1,1,0
2,0.0,0.88,0,9.818991,0,12,0,1,0
0,0.0,0.85,1,7.081902,0,17,0,0,0
1,5.0,0.76,4,11.332124,0,1,0,0,0
2,0.0,0.85,1,10.637672,0,12,0,1,0
2,0.0,0.85,1,8.932581,0,14,0,0,0
2,0.0,0.88,0,9.356486,0,8,0,0,0
0,0.0,0.88,0,13.762675,0,17,0,2,0
3,0.0,0.88,0,11.953059,1,2,0,0,0
0,0.0,0.85,1,11.642763,0,12,0,1,0
1,5.0,0.82,2,10.653126,0,14,0,0,0
1,5.0,0.82,2,11.422548,0,18,0,1,0
1,5.0,0.79,3,11.455698,0,13,1,1,0
2,0.0,0.85,1,10.546056,0,14,1,1,0
1,5.0,0.67,7,9.487642,0,17,1,0,0
1,5.0,0.82,2,9.808596,0,17,1,0,0
3,0.0,0.88,0,11.400345,1,11,1,0,0
1,5.0,0.79,3,9.399789,0,9,0,3,0
2,0.0,0.88,0,8.871911,0,9,0,0,0
3,0.0,0.85,1,10.963625,1,23,1,3,0
0,0.0,0.85,1,11.417384,0,21,0,1,0
3,0.0,0.88,0,13.157486,1,7,1,1,0
3,0.0,0.85,1,11.032609,1,3,0,1,0
0,0.0,0.85,1,13.939964,0,22,0,2,0
1,5.0,0.73,5,7.826144,0,16,1,0,0
1,5.0,0.82,2,11.441732,0,21,0,1,0
1,5.0,0.7,6,12.197966,0,18,0,1,0
1,5.0,0.76,4,12.714779,0,14,0,1,0
1,5.0,0.76,4,10.872884,0,15,0,0,0
1,5.0,0.76,4,11.192891,0,11,0,1,0
1,5.0,0.82,2,8.383058,0,8,0,3,0
1,5.0,0.79,3,10.222908,0,13,0,0,0
2,0.0,0.88,0,8.981469,0,17,0,0,0
2,0.0,0.85,1,9.110574,0,13,1,0,0
1,5.0,0.79,3,11.770684,0,16,0,1,0
3,0.0,0.85,1,13.258426,1,1,0,1,0
2,0.0,0.88,0,7.889613,0,7,1,3,0
1,5.0,0.76,4,10.342506,0,0,0,0,0
1,5.0,0.7,6,11.362208,0,15,0,0,0
3,0.0,0.88,0,10.663594,1,17,0,1,0
2,0.0,0.85,1,10.434653,0,16,1,1,0
1,5.0,0.79,3,10.603513,0,15,0,2,0
0,0.0,0.85,1,11.208351,0,21,0,1,0
2,0.0,0.85,1,11.872766,0,10,1,2,0
1,5.0,0.79,3,10.256983,0,17,0,2,0
3,0.0,0.88,0,12.207136,1,4,0,2,0
1,5.0,0.82,2,11.606481,0,14,0,0,0
2,0.0,0.85,1,9.993957,0,9,0,1,0
3,0.0,0.85,1,12.253801,1,16,0,1,0
1,5.0,0.79,3,12.151069,0,16,0,2,0
1,5.0,0.7,6,13.817477,0,10,1,2,0
3,0.0,0.85,1,10.119644,1,0,1,3,0
1,5.0,0.82,2,8.257777,0,17,0,1,0
0,0.0,0.85,1,9.86366,0,11,0,1,0
2,0.0,0.85,1,10.181126,0,11,1,2,0
2,0.0,0.88,0,6.941954,0,17,0,3,0
2,0.0,0.85,1,11.788458,0,12,0,2,0
0,0.0,0.85,1,11.318579,0,21,0,1,0
2,0.0,0.85,1,7.310029,0,12,0,0,0
1,5.0,0.82,2,10.168367,0,19,0,2,0
0,44.7,0.2047,6,5.663898,0,0,0,0,1
3,0.0,0.88,0,11.489558,1,17,0,0,0
1,5.0,0.82,2,10.784687,0,13,0,2,0
1,5.0,0.79,3,10.18903,0,20,1,2,0
1,5.0,0.76,4,11.010663,0,0,0,0,0
1,41.2,0.2233,0,14.10773,0,15,1,3,1
2,0.0,0.88,0,11.229623,0,18,1,1,0
1,5.0,0.82,2,11.120039,0,0,0,0,0
2,0.0,0.85,1,8.504195,0,13,0,0,0
0,0.0,0.85,1,8.231554,0,2,1,3,0
1,5.0,0.79,3,10.694528,0,20,0,1,0
1,5.0,0.79,3,13.818235,0,6,0,2,0
2,0.0,0.88,0,11.918691,0,11,0,1,0
1,5.0,0.76,4,14.120969,0,13,1,2,0
1,5.0,0.79,3,12.043856,0,13,0,1,0
1,5.0,0.73,5,14.034348,0,12,0,2,0
1,5.0,0.76,4,9.529724,0,14,1,3,0
1,5.0,0.7,6,12.507258,0,15,0,2,0
2,0.0,0.88,0,8.480977,0,23,0,0,0
2,0.0,0.88,0,7.886991,0,6,0,0,0
1,5.0,0.76,4,9.675659,0,23,1,0,0
2,0.0,0.85,1,8.166196,0,16,0,0,0
3,0.0,0.85,1,12.628515,1,13,0,1,0
1,5.0,0.7,6,12.538748,0,11,1,2,0
0,0.0,0.85,1,13.153103,0,14,0,2,0
1,5.0,0.79,3,11.765718,0,15,1,1,0
1,5.0,0.82,2,10.530032,0,15,1,1,0
3,0.0,0.85,1,9.26868,1,10,0,3,0
2,0.0,0.88,0,10.041418,0,11,0,1,0
2,0.0,0.88,0,9.201719,0,20,0,0,0
1,5.0,0.76,4,7.94074,0,12,1,1,0
3,0.0,0.88,0,10.424672,1,1,1,3,0
2,0.0,0.88,0,8.117238,0,21,1,0,0
1,5.0,0.82,2,11.692004,0,20,0,1,0
1,5.0,0.79,3,12.71387,0,2,0,2,0
1,5.0,0.82,2,9.19528,0,20,0,0,0
1,5.0,0.79,3,11.874911,0,14,0,2,0
2,0.0,0.88,0,8.757623,0,16,0,0,0
0,0.0,0.85,1,11.916835,0,23,0,1,0
1,5.0,0.73,5,8.406181,0,19,0,1,0
1,56.9,0.1538,2,3.068518,0,10,0,0,1
2,0.0,0.88,0,6.89466,0,12,0,3,0
2,0.0,0.88,0,9.110827,0,16,1,0,0
1,5.0,0.7,6,11.305172,0,19,0,0,0
1,5.0,0.82,2,8.533295,0,22,0,0,0
0,0.0,0.85,1,11.187556,0,0,1,0,0
0,0.0,0.85,1,10.098902,0,16,1,2,0
1,5.0,0.73,5,11.19172,0,14,1,0,0
1,5.0,0.7,6,13.254627,0,18,0,1,0
1,5.0,0.79,3,10.7856,0,12,1,2,0
1,5.0,0.79,3,8.341181,0,11,0,0,0
3,0.0,0.88,0,13.687734,1,17,1,2,0
0,0.0,0.88,0,11.317324,0,5,0,1,0
2,0.0,0.85,1,14.205533,0,3,0,1,0
2,0.0,0.85,1,11.363688,0,17,0,1,0
1,5.0,0.65,10,11.796228,0,0,0,0,0
3,0.0,0.85,1,12.117167,1,23,1,1,0
1,5.0,0.82,2,11.16922,0,22,1,1,0
1,5.0,0.82,2,10.445889,0,20,0,1,0
1,5.0,0.73,5,10.90515,0,14,0,1,0
1,5.0,0.73,5,11.470533,0,12,0,0,0
3,0.0,0.88,0,12.817335,1,0,0,2,0
3,0.0,0.85,1,10.702517,1,12,0,1,0
1,5.0,0.82,2,9.387865,0,14,0,1,0
1,5.0,0.7,6,10.937218,0,10,0,2,0
0,0.0,0.85,1,13.411321,0,11,0,2,0
1,5.0,0.76,4,12.253159,0,18,0,2,0
3,0.0,0.88,0,11.231127,1,3,1,0,0
0,0.0,0.85,1,11.468912,0,19,0,1,0
0,0.0,0.85,1,7.987001,0,20,1,0,0
2,0.0,0.88,0,10.878356,0,12,0,1,0
1,5.0,0.73,5,13.088912,0,11,0,1,0
2,0.0,0.88,0,11.066114,0,12,1,1,0
2,0.0,0.88,0,9.326585,0,4,1,0,0
1,5.0,0.79,3,12.477126,0,12,0,1,0
1,5.0,0.82,2,12.689396,0,12,0,1,0
3,0.0,0.85,1,11.583277,1,1,0,1,0
2,0.0,0.85,1,9.195139,0,11,0,1,0
1,5.0,0.82,2,6.106265,0,15,0,0,0
2,0.0,0.88,0,5.792404,0,11,0,0,0
1,5.0,0.76,4,11.506952,0,14,1,0,0
0,0.0,0.88,0,9.291888,0,12,1,0,0
1,5.0,0.79,3,11.216305,0,11,0,1,0
0,0.0,0.85,1,10.118895,0,12,0,0,0
1,5.0,0.79,3,9.579501,0,11,0,0,0
2,0.0,0.88,0,11.774146,0,14,0,0,0
1,5.0,0.79,3,11.616412,0,14,1,1,0
2,0.0,0.85,1,11.865996,0,15,1,2,0
0,0.0,0.85,1,11.338008,0,23,1,0,0
3,0.0,0.88,0,13.272998,1,13,0,2,0
1,5.0,0.7,6,13.228211,0,13,0,1,0
1,5.0,0.79,3,10.116901,0,21,0,0,0
2,0.0,0.88,0,8.88012,0,17,0,0,0
3,0.0,0.88,0,11.626745,1,0,0,1,0
2,0.0,0.85,1,7.141768,0,18,1,3,0
3,0.0,0.88,0,12.610378,1,0,0,2,0
1,5.0,0.73,5,10.169898,0,0,1,3,0
0,0.0,0.85,1,11.247677,0,14,0,1,0
1,5.0,0.65,8,13.16907,0,23,1,2,0
1,5.0,0.67,7,12.127203,0,14,0,1,0
0,0.0,0.85,1,9.62339,0,10,0,2,0
0,0.0,0.85,1,10.93254,0,2,0,1,0
1,5.0,0.73,5,13.071997,0,15,0,1,0
2,0.0,0.85,1,8.810849,0,15,0,0,0
3,0.0,0.85,1,9.371824,1,0,0,1,0
3,0.0,0.85,1,12.814849,1,5,1,2,0
1,5.0,0.7,6,14.139981,0,17,0,2,0
2,0.0,0.88,0,7.967675,0,13,0,0,0
3,0.0,0.85,1,12.338077,1,14,0,1,0
1,5.0,0.82,2,10.995176,0,10,1,0,0
1,5.0,0.73,5,9.754102,0,11,1,3,0
2,0.0,0.85,1,9.022736,0,13,0,1,0
2,0.0,0.85,1,11.46389,0,14,0,2,0
0,0.0,0.85,1,11.927336,0,6,1,1,0
1,5.0,0.7,6,9.386299,0,10,1,2,0
1,50.1,0.0887,11,12.454861,0,1,0,2,1
2,0.0,0.88,0,11.353024,0,18,0,1,0
3,0.0,0.88,0,12.65896,1,1,0,2,0
2,0.0,0.85,1,11.221479,0,13,1,2,0
1,5.0,0.82,2,10.427957,0,8,0,0,0
1,5.0,0.79,3,10.707847,0,12,0,3,0
0,0.0,0.85,1,10.224581,0,19,0,2,0
2,0.0,0.85,1,11.521889,0,16,1,2,0
2,0.0,0.85,1,9.99319,0,0,1,2,0
1,5.0,0.82,2,12.078562,0,11,1,1,0
0,0.0,0.85,1,8.740869,0,17,0,3,0
3,0.0,0.88,0,10.158876,1,0,1,3,0
0,0.0,0.85,1,9.798584,0,13,1,2,0
1,5.0,0.76,4,11.328814,0,15,0,0,0
3,0.0,0.88,0,12.275398,1,15,0,2,0
1,5.0,0.82,2,10.541094,0,19,0,1,0
0,0.0,0.85,1,10.439825,0,0,0,3,0
2,0.0,0.88,0,9.899124,0,17,0,1,0
1,5.0,0.79,3,12.426402,0,18,0,1,0
2,0.0,0.85,1,9.952994,0,14,1,1,0
2,0.0,0.85,1,10.53529,0,16,0,1,0
3,0.0,0.88,0,11.2334,1,0,0,1,0
1,5.0,0.79,3,12.972314,0,9,1,1,0
1,5.0,0.7,6,12.471849,0,13,0,1,0
0,0.0,0.85,1,9.462137,0,17,1,1,0
1,5.0,0.82,2,11.730105,0,17,0,0,0
2,0.0,0.88,0,10.022071,0,12,0,1,0
2,0.0,0.85,1,9.988774,0,6,0,1,0
1,5.0,0.79,3,11.23606,0,12,0,1,0
1,5.0,0.65,11,13.158245,0,12,0,1,0
1,5.0,0.65,8,9.107299,0,16,1,2,0
0,0.0,0.85,1,11.095276,0,2,0,1,0
1,72.6,0.0749,12,12.188068,0,0,0,1,1
1,5.0,0.7,6,11.454055,0,15,0,0,0
1,5.0,0.79,3,12.790521,0,11,1,1,0
2,0.0,0.85,1,8.961217,0,14,1,2,0
2,0.0,0.88,0,12.037834,0,11,0,2,0
3,0.0,0.85,1,13.222741,1,0,0,2,0
1,5.0,0.73,5,11.105825,0,0,1,2,0
1,64.2,0.124,10,10.841062,0,19,0,2,1
1,5.0,0.76,4,11.71258,0,10,1,2,0
2,0.0,0.88,0,8.201479,0,11,0,3,0
2,0.0,0.85,1,9.233536,0,12,0,1,0
1,5.0,0.73,5,10.658362,0,15,0,2,0
2,0.0,0.85,1,10.19332,0,15,0,2,0
2,0.0,0.85,1,10.48404,0,11,0,2,0
1,5.0,0.79,3,12.639064,0,20,1,2,0
1,5.0,0.76,4,7.104448,0,0,1,0,0
1,5.0,0.73,5,12.201667,0,16,0,1,0
1,5.0,0.82,2,11.59155,0,3,0,1,0
1,5.0,0.82,2,11.888952,0,17,0,1,0
0,0.0,0.85,1,11.110066,0,19,0,1,0
2,0.0,0.85,1,9.06677,0,18,0,1,0
2,0.0,0.88,0,10.68888,0,17,1,1,0
1,5.0,0.79,3,8.282367,0,15,0,0,0
2,0.0,0.88,0,8.335273,0,13,0,3,0
3,0.0,0.85,1,12.232385,1,23,1,1,0
1,5.0,0.7,6,11.719678,0,13,0,0,0
3,0.0,0.88,0,11.893286,1,16,0,0,0
2,0.0,0.85,1,7.595342,0,11,1,3,0
0,0.0,0.85,1,10.421817,0,22,0,2,0
1,5.0,0.73,5,13.901784,0,0,0,2,0
0,0.0,0.85,1,10.359822,0,19,0,0,0
2,0.0,0.88,0,9.520704,0,9,1,1,0
3,0.0,0.88,0,13.032067,1,1,0,2,0
2,0.0,0.88,0,10.496986,0,14,0,1,0
2,0.0,0.85,1,10.066436,0,10,0,2,0
2,0.0,0.88,0,10.68205,0,20,1,1,0
2,0.0,0.88,0,11.337277,0,14,1,1,0
0,0.0,0.85,1,11.584751,0,18,0,2,0
1,5.0,0.7,6,10.542791,0,17,0,0,0
0,0.0,0.85,1,7.91461,0,3,0,2,0
1,5.0,0.79,3,9.426308,0,18,0,1,0
1,5.0,0.82,2,11.497367,0,18,1,1,0
2,0.0,0.88,0,6.120297,0,13,0,3,0
0,0.0,0.85,1,11.738153,0,13,1,1,0
2,0.0,0.85,1,7.830883,0,15,0,3,0
2,0.0,0.85,1,7.290382,0,16,0,3,0
2,0.0,0.85,1,11.93594,0,12,0,2,0
2,0.0,0.88,0,11.106966,0,16,0,1,0
2,0.0,0.85,1,7.713543,0,12,0,0,0
3,0.0,0.88,0,13.580719,1,0,0,2,0
1,5.0,0.82,2,10.88371,0,17,0,2,0
1,5.0,0.82,2,10.170717,0,15,1,0,0
0,0.0,0.85,1,11.289639,0,17,1,1,0
1,5.0,0.79,3,8.959459,0,21,0,0,0
1,5.0,0.76,4,13.241566,0,22,0,1,0
3,0.0,0.85,1,12.918898,1,12,0,2,0
2,0.0,0.85,1,9.791237,0,13,1,2,0
2,0.0,0.88,0,8.502727,0,15,0,1,0
2,0.0,0.88,0,8.105105,0,12,1,0,0
2,0.0,0.88,0,7.557614,0,11,0,0,0
0,0.0,0.85,1,7.661668,0,15,0,1,0
2,0.0,0.85,1,9.287374,0,16,0,0,0
3,0.0,0.82,2,12.424585,1,3,0,1,0
0,0.0,0.85,1,11.62765,0,14,1,0,0
1,5.0,0.82,2,10.899867,0,18,1,1,0
3,0.0,0.88,0,12.323496,1,12,1,1,0
1,5.0,0.76,4,12.774696,0,12,0,1,0
1,5.0,0.79,3,10.993399,0,20,0,1,0
0,0.0,0.85,1,9.797444,0,17,0,1,0
1,5.0,0.79,3,11.487907,0,12,0,2,0
1,5.0,0.82,2,6.987481,0,18,0,0,0
1,5.0,0.79,3,6.652385,0,12,1,0,0
0,0.0,0.85,1,10.355948,0,20,0,1,0
2,0.0,0.85,1,11.266061,0,16,0,1,0
1,5.0,0.7,6,11.192046,0,7,0,0,0
1,5.0,0.65,11,13.773873,0,11,0,2,0
1,5.0,0.73,5,10.759834,0,16,0,0,0
2,0.0,0.85,1,10.761489,0,16,1,2,0
1,5.0,0.73,5,9.916733,0,19,0,3,0
2,0.0,0.88,0,8.790852,0,10,0,0,0
1,5.0,0.79,3,11.363992,0,13,0,1,0
2,0.0,0.88,0,11.567446,0,20,0,2,0
2,0.0,0.88,0,7.576518,0,10,0,3,0
0,0.0,0.85,1,10.234125,0,13,0,0,0
2,0.0,0.82,2,8.862676,0,18,1,0,0
1,5.0,0.65,8,13.61426,0,0,0,1,0
2,0.0,0.85,1,10.237869,0,13,1,1,0
1,5.0,0.65,11,9.68119,0,3,0,3,0
3,0.0,0.88,0,12.642479,1,0,1,2,0
2,0.0,0.82,2,8.982643,0,12,0,0,0
2,0.0,0.88,0,12.127294,0,12,0,2,0
2,0.0,0.85,1,8.36197,0,2,1,1,0
1,5.0,0.82,2,11.88294,0,15,0,1,0
1,5.0,0.73,5,13.630636,0,17,1,2,0
2,0.0,0.85,1,10.87671,0,19,1,1,0
1,5.0,0.82,2,13.094238,0,0,0,2,0
2,0.0,0.88,0,10.240258,0,15,0,1,0
1,5.0,0.73,5,9.804727,0,11,0,0,0
1,5.0,0.73,5,13.330831,0,11,0,2,0
2,0.0,0.85,1,8.709011,0,14,1,0,0
1,5.0,0.79,3,10.533385,0,13,0,3,0
1,5.0,0.76,4,13.302553,0,13,1,1,0
2,0.0,0.85,1,9.470827,0,10,0,0,0
1,5.0,0.7,6,10.87884,0,11,0,1,0
2,0.0,0.85,1,10.285979,0,7,0,1,0
1,5.0,0.79,3,7.706158,0,11,0,2,0
1,5.0,0.82,2,9.772388,0,14,0,3,0
1,5.0,0.73,5,12.601714,0,0,1,1,0
1,5.0,0.82,2,9.673455,0,19,1,0,0
2,0.0,0.88,0,11.164323,0,8,0,2,0
2,0.0,0.85,1,9.587493,0,10,1,1,0
1,5.0,0.76,4,13.314553,0,9,0,2,0
0,0.0,0.85,1,12.979588,0,16,0,1,0
2,0.0,0.85,1,7.735302,0,11,0,3,0
2,0.0,0.85,1,11.176254,0,8,0,1,0
2,0.0,0.88,0,8.155753,0,12,0,0,0
1,5.0,0.73,5,12.978207,0,11,0,1,0
1,5.0,0.79,3,13.847754,0,14,0,2,0
0,0.0,0.85,1,9.092744,0,11,0,0,0
1,5.0,0.7,6,12.71274,0,17,1,2,0
3,0.0,0.85,1,11.811771,1,20,0,1,0
1,5.0,0.73,5,6.867797,0,22,0,3,0
1,5.0,0.79,3,8.493759,0,13,1,0,0
2,0.0,0.88,0,9.190403,0,9,0,0,0
1,5.0,0.79,3,11.057642,0,12,1,0,0
2,0.0,0.88,0,10.743386,0,14,0,1,0
1,5.0,0.79,3,11.756299,0,20,1,1,0
0,0.0,0.85,1,12.563521,0,19,0,3,0
2,0.0,0.88,0,9.006065,0,18,0,0,0
2,0.0,0.85,1,7.488316,0,18,0,0,0
1,5.0,0.82,2,11.244246,0,14,0,1,0
1,5.0,0.79,3,8.797187,0,10,1,1,0
1,5.0,0.79,3,12.555404,0,12,1,2,0
2,0.0,0.88,0,9.149502,0,10,0,0,0
3,0.0,0.88,0,13.287957,1,2,0,1,0
2,0.0,0.85,1,10.426064,0,14,1,1,0
1,5.0,0.76,4,10.972841,0,8,0,0,0
3,0.0,0.88,0,10.673572,1,0,0,2,0
1,5.0,0.79,3,13.296137,0,16,0,2,0
2,0.0,0.88,0,7.885784,0,13,0,3,0
3,0.0,0.88,0,12.804105,1,18,0,1,0
1,5.0,0.82,2,10.060292,0,12,0,0,0
0,0.0,0.85,1,9.540337,0,17,0,0,0
2,0.0,0.88,0,11.660793,0,18,0,1,0
2,0.0,0.85,1,8.030351,0,10,0,3,0
2,0.0,0.88,0,11.796955,0,16,0,2,0
1,5.0,0.7,6,11.288071,0,12,1,0,0
3,0.0,0.88,0,11.258225,1,13,1,1,0
1,5.0,0.76,4,10.343443,0,10,1,1,0
0,73.9,0.0646,3,13.681797,0,12,0,1,1
1,5.0,0.7,6,9.770212,0,11,0,2,0
1,5.0,0.76,4,11.279601,0,12,0,0,0
2,0.0,0.88,0,7.443272,0,15,1,0,0
2,0.0,0.88,0,8.174787,0,11,0,0,0
2,0.0,0.88,0,7.715498,0,21,0,3,0
2,0.0,0.88,0,12.814657,0,1,0,1,0
3,0.0,0.85,1,13.682412,1,0,0,2,0
1,5.0,0.82,2,11.716894,0,14,1,1,0
1,5.0,0.76,4,10.888165,0,23,1,3,0
2,0.0,0.85,1,9.556592,0,12,0,1,0
1,5.0,0.79,3,11.543346,0,14,0,0,0
3,0.0,0.88,0,12.871173,1,1,0,1,0
3,0.0,0.85,1,9.288339,1,0,1,3,0
1,5.0,0.79,3,9.820268,0,16,0,3,0
1,5.0,0.82,2,6.25454,0,21,0,3,0
3,0.0,0.88,0,13.076806,1,2,0,1,0
1,5.0,0.79,3,14.116531,0,12,0,2,0
1,63.8,0.1565,0,12.102155,0,11,0,1,1
2,0.0,0.85,1,13.350133,0,13,0,0,0
2,0.0,0.88,0,9.890724,0,8,1,1,0
0,0.0,0.85,1,7.696044,0,17,0,1,0
3,0.0,0.88,0,10.508926,1,22,1,1,0
2,0.0,0.88,0,6.892631,0,13,0,0,0
3,0.0,0.88,0,12.38659,1,10,0,1,0
0,59.6,0.119,1,3.272606,0,21,0,1,1
2,0.0,0.88,0,5.056883,0,13,1,0,0
1,5.0,0.82,2,10.989676,0,23,0,0,0
1,5.0,0.7,6,11.192075,0,21,0,0,0
1,5.0,0.73,5,12.315833,0,23,0,1,0
1,5.0,0.82,2,13.129962,0,10,0,1,0
2,0.0,0.85,1,8.005501,0,13,0,0,0
1,5.0,0.82,2,7.026942,0,9,0,0,0
1,5.0,0.76,4,11.048685,0,2,1,2,0
1,5.0,0.82,2,9.861782,0,17,0,2,0
1,5.0,0.79,3,11.110218,0,15,0,1,0
1,5.0,0.76,4,10.492054,0,7,0,0,0
2,0.0,0.88,0,8.31574,0,15,0,3,0
2,0.0,0.88,0,10.674765,0,12,1,1,0
3,0.0,0.85,1,10.451346,1,19,0,3,0
1,5.0,0.82,2,9.549488,0,20,1,0,0
3,0.0,0.88,0,11.538815,1,0,0,1,0
0,74.7,0.2451,6,16.414472,0,10,0,2,1
1,5.0,0.82,2,7.691136,0,21,1,3,0
1,5.0,0.82,2,10.250326,0,19,1,0,0
1,5.0,0.79,3,11.877754,0,10,0,1,0
1,5.0,0.82,2,10.147994,0,17,1,0,0
1,5.0,0.82,2,7.535852,0,14,0,1,0
2,0.0,0.85,1,9.026926,0,13,1,0,0
1,5.0,0.79,3,11.135315,0,18,1,0,0
0,0.0,0.85,1,6.880651,0,17,0,2,0
1,5.0,0.79,3,12.89142,0,11,0,1,0
1,5.0,0.82,2,13.657338,0,12,1,2,0
0,0.0,0.85,1,8.890624,0,17,0,0,0
1,5.0,0.79,3,11.305266,0,15,0,0,0
1,5.0,0.76,4,9.116497,0,12,0,1,0
1,5.0,0.73,5,9.244379,0,10,0,0,0
0,0.0,0.85,1,9.556251,0,18,0,1,0
1,5.0,0.79,3,11.517571,0,21,1,1,0
1,5.0,0.76,4,13.258621,0,11,1,2,0
1,5.0,0.76,4,10.430578,0,2,0,2,0
2,0.0,0.85,1,12.287874,0,11,1,0,0
2,0.0,0.85,1,10.382889,0,11,0,2,0
3,0.0,0.88,0,9.630753,1,18,0,0,0
1,5.0,0.82,2,12.211725,0,21,0,1,0
1,5.0,0.7,6,11.932067,0,3,0,1,0
2,0.0,0.85,1,7.863432,0,15,0,3,0
3,0.0,0.88,0,12.076574,1,1,1,0,0
0,0.0,0.85,1,9.34255,0,15,1,0,0
1,5.0,0.82,2,10.284826,0,14,0,2,0
1,5.0,0.79,3,11.966466,0,20,0,3,0
2,0.0,0.88,0,11.170357,0,6,1,1,0
2,0.0,0.85,1,8.361769,0,9,0,2,0
1,5.0,0.82,2,10.069705,0,20,0,2,0
2,0.0,0.85,1,8.162813,0,17,0,0,0
1,5.0,0.79,3,9.020887,0,19,1,3,0
2,0.0,0.88,0,9.200563,0,10,0,1,0
2,0.0,0.88,0,9.589244,0,18,1,1,0
2,0.0,0.85,1,8.170494,0,10,1,0,0
2,0.0,0.88,0,11.649922,0,13,0,2,0
1,5.0,0.82,2,11.77225,0,20,1,0,0
2,0.0,0.88,0,10.136274,0,10,0,1,0
3,0.0,0.88,0,12.510812,1,23,0,1,0
1,5.0,0.7,6,9.021326,0,14,0,0,0
1,5.0,0.79,3,8.976949,0,11,0,3,0
1,5.0,0.79,3,7.713744,0,1,1,0,0
3,0.0,0.85,1,10.746921,1,23,0,2,0
2,0.0,0.85,1,8.43778,0,11,0,3,0
2,0.0,0.88,0,7.3,0,11,0,3,0
1,5.0,0.82,2,11.552424,0,21,0,1,0
1,5.0,0.79,3,12.346088,0,12,1,1,0
1,5.0,0.82,2,10.53594,0,11,1,1,0
1,5.0,0.79,3,9.910491,0,18,1,1,0
2,0.0,0.85,1,10.741845,0,9,0,1,0
3,0.0,0.88,0,12.408986,1,22,1,0,0
1,45.2,0.1579,1,15.407414,0,8,1,1,1
3,0.0,0.88,0,11.488164,1,8,0,1,0
2,0.0,0.88,0,6.981563,0,17,0,0,0
1,5.0,0.82,2,13.079664,0,12,0,2,0
2,0.0,0.85,1,7.294173,0,20,0,3,0
1,5.0,0.79,3,8.619616,0,0,0,1,0
2,0.0,0.88,0,10.885633,0,3,0,1,0
1,5.0,0.65,9,11.852225,0,11,0,1,0
0,0.0,0.85,1,14.042192,0,13,1,2,0
1,5.0,0.82,2,8.994871,0,12,0,0,0
2,0.0,0.85,1,8.569968,0,11,0,1,0
1,5.0,0.73,5,12.796427,0,12,1,1,0
1,5.0,0.73,5,11.180702,0,0,1,1,0
0,0.0,0.85,1,8.928483,0,14,0,0,0
0,0.0,0.85,1,8.122947,0,19,0,0,0
1,5.0,0.7,6,12.009333,0,12,0,2,0
1,5.0,0.79,3,8.285397,0,20,0,0,0
1,5.0,0.7,6,9.011408,0,5,0,3,0
1,5.0,0.79,3,10.640811,0,15,0,1,0
1,5.0,0.82,2,9.986928,0,11,1,2,0
2,0.0,0.85,1,12.343243,0,16,1,2,0
2,0.0,0.85,1,9.40035,0,8,0,0,0
1,5.0,0.65,9,11.19368,0,12,0,0,0
1,5.0,0.79,3,12.110046,0,12,0,1,0
1,5.0,0.79,3,10.527729,0,11,0,0,0
1,5.0,0.65,9,12.71703,0,15,0,2,0
2,0.0,0.88,0,8.47059,0,13,0,0,0
1,5.0,0.79,3,12.37375,0,0,0,1,0
1,5.0,0.65,12,9.749655,0,22,0,3,0
1,5.0,0.82,2,12.576214,0,15,1,1,0
2,0.0,0.88,0,5.472019,0,16,1,3,0
1,5.0,0.82,2,11.212249,0,20,0,1,0
0,0.0,0.85,1,9.009955,0,17,1,0,0
0,0.0,0.85,1,10.789837,0,10,1,1,0
1,5.0,0.65,8,9.138045,0,22,0,3,0
0,0.0,0.85,1,12.152821,0,19,1,1,0
2,0.0,0.88,0,11.256691,0,7,0,2,0
1,5.0,0.76,4,10.863719,0,16,1,0,0
2,0.0,0.85,1,10.396628,0,20,0,2,0
3,0.0,0.88,0,12.14875,1,3,0,1,0
0,0.0,0.88,0,11.364108,0,0,1,1,0
1,5.0,0.65,9,9.068539,0,13,0,2,0
1,5.0,0.76,4,10.068605,0,17,0,3,0
2,0.0,0.85,1,7.968129,0,15,1,0,0
1,5.0,0.73,5,13.369246,0,11,0,2,0
2,0.0,0.88,0,10.432744,0,18,0,2,0
0,0.0,0.85,1,7.413693,0,0,0,0,0
3,0.0,0.88,0,11.747001,1,0,0,1,0
0,0.0,0.85,1,11.173087,0,20,0,1,0
2,0.0,0.88,0,9.1183,0,15,0,0,0
2,0.0,0.85,1,11.674276,0,13,1,2,0
1,5.0,0.65,10,12.499655,0,14,1,1,0
1,5.0,0.76,4,11.920655,0,8,0,1,0
3,0.0,0.88,0,12.713415,1,1,1,1,0
1,5.0,0.79,3,10.79333,0,20,0,2,0
2,0.0,0.85,1,8.965992,0,12,0,0,0
1,5.0,0.79,3,9.770531,0,18,1,0,0
1,5.0,0.76,4,9.98864,0,10,1,0,0
2,0.0,0.85,1,9.810308,0,20,1,1,0
1,5.0,0.79,3,11.24381,0,22,0,1,0
1,5.0,0.82,2,8.796362,0,21,0,1,0
2,0.0,0.88,0,8.868548,0,16,0,0,0
1,5.0,0.65,9,10.507838,0,11,0,0,0
1,5.0,0.79,3,12.848929,0,0,0,1,0
1,5.0,0.7,6,10.797293,0,15,0,2,0
3,0.0,0.88,0,13.069225,1,5,0,2,0
0,0.0,0.85,1,11.637004,0,6,0,1,0
1,5.0,0.65,9,9.320768,0,12,0,0,0
1,5.0,0.79,3,11.952224,0,17,0,1,0
1,5.0,0.79,3,11.873571,0,15,1,1,0
3,0.0,0.85,1,13.680626,1,18,0,2,0
2,0.0,0.88,0,9.405077,0,13,0,0,0
0,0.0,0.85,1,10.504865,0,2,1,1,0
1,5.0,0.79,3,10.401637,0,23,0,1,0
2,0.0,0.85,1,12.127124,0,22,0,2,0
1,5.0,0.82,2,12.144151,0,19,0,1,0
1,5.0,0.65,11,12.840985,0,0,0,1,0
0,0.0,0.85,1,10.947423,0,18,0,2,0
1,5.0,0.79,3,13.806911,0,19,1,2,0
1,5.0,0.82,2,12.921507,0,12,0,1,0
0,0.0,0.85,1,9.429288,0,15,1,1,0
2,0.0,0.88,0,11.057971,0,3,0,1,0
0,0.0,0.85,1,12.631599,0,12,1,1,0
1,5.0,0.79,3,5.156408,0,2,1,0,0
2,0.0,0.88,0,9.641917,0,15,0,2,0
1,5.0,0.7,6,13.437862,0,10,1,2,0
2,0.0,0.85,1,11.663542,0,18,1,2,0
2,0.0,0.85,1,10.424609,0,10,0,2,0
1,5.0,0.76,4,13.370132,0,17,0,2,0
1,5.0,0.73,5,12.154741,0,16,0,1,0
0,0.0,0.85,1,11.43615,0,23,0,1,0
1,5.0,0.73,5,11.414837,0,9,0,2,0
1,5.0,0.65,10,10.650752,0,14,1,2,0
1,58.4,0.2062,16,11.929731,0,16,0,2,1
1,5.0,0.7,6,10.934319,0,19,0,2,0
1,5.0,0.7,6,9.118568,0,20,0,1,0
0,0.0,0.85,1,8.285188,0,1,1,3,0
2,0.0,0.88,0,8.13201,0,14,0,0,0
2,0.0,0.88,0,6.841615,0,11,0,0,0
2,0.0,0.88,0,8.834723,0,11,1,1,0
2,0.0,0.85,1,5.803899,0,8,0,0,0
2,0.0,0.88,0,9.447169,0,8,1,1,0
0,0.0,0.85,1,11.027633,0,15,1,0,0
1,5.0,0.79,3,12.283424,0,11,0,1,0
3,0.0,0.88,0,11.122372,1,3,0,0,0
0,0.0,0.85,1,11.68645,0,12,0,1,0
2,0.0,0.85,1,10.016389,0,13,0,2,0
1,5.0,0.76,4,11.961334,0,10,0,1,0
1,5.0,0.82,2,9.894369,0,19,0,1,0
1,5.0,0.73,5,11.195313,0,12,0,1,0
1,5.0,0.79,3,8.868896,0,18,0,0,0
3,0.0,0.85,1,10.570404,1,7,0,1,0
1,5.0,0.82,2,11.284296,0,14,1,1,0
0,0.0,0.85,1,12.530166,0,10,0,1,0
1,5.0,0.7,6,13.519451,0,11,0,2,0
1,5.0,0.79,3,11.404322,0,16,0,1,0
0,0.0,0.85,1,11.520608,0,10,1,1,0
1,5.0,0.73,5,13.443628,0,11,0,2,0
0,0.0,0.85,1,8.39613,0,10,0,3,0
1,5.0,0.82,2,8.953886,0,22,0,1,0
3,0.0,0.85,1,9.356879,1,18,1,1,0
1,5.0,0.79,3,11.079512,0,18,1,1,0
0,0.0,0.88,0,9.397239,0,18,0,0,0
2,0.0,0.88,0,8.294957,0,17,0,1,0
1,5.0,0.73,5,8.262107,0,0,1,0,0
1,5.0,0.76,4,7.811994,0,16,0,3,0
2,0.0,0.88,0,10.764792,0,12,1,1,0
3,0.0,0.79,3,12.857512,1,0,0,1,0
1,5.0,0.76,4,12.035465,0,14,0,1,0
2,0.0,0.85,1,9.74766,0,16,0,1,0
3,0.0,0.88,0,13.138618,1,8,1,1,0
1,5.0,0.65,9,13.085676,0,15,0,1,0
1,5.0,0.79,3,11.260377,0,12,1,0,0
0,0.0,0.85,1,9.860927,0,20,1,1,0
1,5.0,0.82,2,13.349343,0,10,0,1,0
3,0.0,0.88,0,12.670408,1,13,1,1,0
1,5.0,0.82,2,8.456787,0,7,0,1,0
1,5.0,0.79,3,11.956492,0,12,0,2,0
1,5.0,0.82,2,10.63962,0,16,0,1,0
0,0.0,0.85,1,12.922191,0,14,0,1,0
3,0.0,0.85,1,9.31164,1,4,0,1,0
2,0.0,0.88,0,11.128897,0,13,1,1,0
2,0.0,0.88,0,10.455755,0,2,0,1,0
3,0.0,0.88,0,10.604716,1,22,0,0,0
1,5.0,0.79,3,13.159848,0,18,0,2,0
1,5.0,0.82,2,9.955413,0,19,0,2,0
1,5.0,0.79,3,10.005845,0,23,0,0,0
2,0.0,0.85,1,11.523334,0,15,0,2,0
1,5.0,0.79,3,10.728972,0,11,1,1,0
2,0.0,0.88,0,9.004279,0,11,0,0,0
2,0.0,0.88,0,9.241189,0,14,1,0,0
2,0.0,0.88,0,6.391431,0,11,0,0,0
1,5.0,0.82,2,10.365393,0,10,0,1,0
0,0.0,0.85,1,13.691888,0,12,0,2,0
0,0.0,0.85,1,11.37927,0,20,0,1,0
3,0.0,0.85,1,12.307432,1,5,0,1,0
3,0.0,0.88,0,12.235233,1,0,1,0,0
1,5.0,0.79,3,9.844867,0,4,0,2,0
1,5.0,0.7,6,11.289579,0,10,0,1,0
2,0.0,0.85,1,10.463606,0,12,0,1,0
2,0.0,0.88,0,9.158824,0,15,0,1,0
0,0.0,0.85,1,10.725947,0,21,0,1,0
1,5.0,0.82,2,13.009239,0,14,0,2,0
1,5.0,0.65,8,9.223944,0,12,0,3,0
2,0.0,0.88,0,10.506565,0,14,0,2,0
1,5.0,0.82,2,7.312333,0,20,1,2,0
3,0.0,0.88,0,13.609925,1,21,0,2,0
1,5.0,0.65,10,11.974085,0,12,0,1,0
0,0.0,0.85,1,13.844,0,16,0,2,0
1,5.0,0.65,11,9.406268,0,15,0,3,0
1,5.0,0.65,9,13.194755,0,16,0,2,0
2,0.0,0.88,0,9.972032,0,15,0,1,0
2,0.0,0.85,1,9.540678,0,18,0,0,0
3,0.0,0.85,1,12.586489,1,1,1,0,0
2,0.0,0.85,1,11.562264,0,16,0,2,0
3,0.0,0.88,0,9.343292,1,21,0,3,0
1,5.0,0.82,2,8.317983,0,13,0,1,0
1,5.0,0.79,3,13.110364,0,2,0,2,0
2,0.0,0.88,0,11.537374,0,19,0,2,0
0,0.0,0.85,1,8.455747,0,20,1,2,0
2,0.0,0.85,1,9.110505,0,19,1,0,0
1,5.0,0.79,3,7.063228,0,19,0,3,0
1,5.0,0.73,5,6.705174,0,23,0,3,0
3,0.0,0.85,1,13.821312,1,8,0,2,0
2,0.0,0.85,1,8.658566,0,12,0,3,0
1,5.0,0.82,2,10.819421,0,20,0,0,0
3,0.0,0.88,0,10.613735,1,2,0,0,0
0,42.5,0.0862,4,14.064279,0,11,1,0,1
2,0.0,0.85,1,8.130863,0,10,0,3,0
2,0.0,0.88,0,8.446494,0,13,0,0,0
2,0.0,0.85,1,9.52868,0,11,0,3,0
2,0.0,0.88,0,10.78214,0,7,0,0,0
1,5.0,0.73,5,13.218064,0,12,0,2,0
2,0.0,0.85,1,11.010304,0,17,0,1,0
1,5.0,0.79,3,11.085005,0,3,1,1,0
2,0.0,0.85,1,10.886001,0,7,1,2,0
1,45.3,0.0594,15,11.131545,0,10,0,1,1
0,0.0,0.88,0,12.021638,0,20,0,1,0
1,5.0,0.79,3,12.376943,0,20,0,1,0
1,5.0,0.76,4,13.714707,0,0,0,2,0
2,0.0,0.88,0,8.721356,0,13,0,0,0
2,0.0,0.88,0,7.250408,0,9,0,3,0
1,5.0,0.79,3,7.926054,0,18,1,0,0
1,5.0,0.79,3,8.202776,0,14,0,0,0
0,0.0,0.85,1,8.270817,0,19,0,0,0
3,0.0,0.82,2,12.830611,1,8,1,1,0
3,0.0,0.85,1,12.129685,1,5,1,1,0
2,0.0,0.85,1,10.317092,0,10,1,1,0
1,5.0,0.82,2,13.583993,0,11,0,2,0
2,0.0,0.88,0,10.518114,0,12,1,1,0
2,0.0,0.88,0,9.089979,0,20,0,0,0
2,0.0,0.88,0,11.035331,0,16,0,1,0
0,0.0,0.85,1,13.057439,0,15,0,1,0
2,0.0,0.88,0,11.699898,0,2,1,2,0
2,0.0,0.88,0,10.208319,0,18,0,1,0
2,0.0,0.82,2,9.868499,0,12,0,2,0
1,5.0,0.7,6,11.636261,0,11,1,2,0
2,0.0,0.88,0,9.639427,0,10,1,1,0
2,0.0,0.85,1,10.666782,0,18,0,2,0
1,5.0,0.82,2,11.902289,0,18,0,1,0
3,0.0,0.88,0,12.451448,1,21,0,2,0
1,5.0,0.7,6,9.133918,0,11,0,3,0
0,0.0,0.85,1,12.917278,0,11,0,2,0
1,5.0,0.7,6,13.737547,0,21,1,2,0
0,0.0,0.85,1,13.000763,0,15,0,1,0
1,5.0,0.65,10,12.030153,0,9,1,1,0
1,5.0,0.79,3,8.50474,0,21,1,3,0
0,0.0,0.85,1,13.502799,0,14,0,2,0
3,0.0,0.88,0,11.303591,1,0,1,1,0
1,5.0,0.79,3,10.233569,0,18,1,1,0
1,5.0,0.7,6,12.05267,0,13,1,1,0
2,0.0,0.85,1,10.476073,0,22,0,2,0
2,0.0,0.88,0,8.212159,0,17,0,0,0
0,0.0,0.85,1,11.303426,0,11,0,1,0
2,0.0,0.85,1,11.37058,0,17,0,1,0
1,5.0,0.76,4,13.854706,0,10,1,2,0
2,0.0,0.79,3,6.546197,0,16,0,0,0
0,0.0,0.85,1,13.604367,0,22,1,2,0
2,0.0,0.88,0,10.063989,0,18,0,1,0
2,0.0,0.88,0,7.906985,0,15,0,3,0
1,5.0,0.82,2,10.831767,0,16,0,1,0
1,5.0,0.82,2,11.522974,0,12,1,1,0
0,0.0,0.85,1,10.13312,0,7,1,2,0
1,5.0,0.82,2,9.481674,0,12,0,3,0
1,5.0,0.79,3,12.119759,0,21,1,1,0
1,5.0,0.79,3,9.781584,0,22,1,2,0
1,5.0,0.82,2,9.251048,0,21,0,2,0
2,0.0,0.88,0,10.029166,0,20,1,1,0
1,5.0,0.76,4,13.391853,0,13,0,2,0
2,0.0,0.88,0,12.138478,0,6,0,2,0
1,5.0,0.76,4,11.595536,0,17,1,1,0
3,0.0,0.85,1,12.572973,1,2,0,1,0
3,0.0,0.88,0,12.909965,1,6,1,1,0
2,0.0,0.88,0,10.347545,0,10,0,1,0
1,5.0,0.65,10,9.163067,0,13,1,0,0
0,0.0,0.85,1,11.768686,0,11,0,1,0
1,5.0,0.82,2,8.146118,0,14,0,0,0
2,0.0,0.85,1,10.497363,0,15,0,2,0
2,0.0,0.88,0,7.900429,0,11,0,0,0
0,0.0,0.85,1,11.113333,0,14,0,1,0
1,5.0,0.76,4,10.274224,0,2,0,0,0
3,0.0,0.85,1,12.683975,1,1,0,2,0
1,5.0,0.65,10,13.759522,0,9,0,2,0
2,0.0,0.85,1,12.312503,0,1,0,0,0
3,0.0,0.88,0,10.542626,1,20,0,0,0
2,0.0,0.88,0,8.775982,0,15,0,0,0
1,5.0,0.73,5,12.20988,0,2,0,1,0
1,5.0,0.73,5,12.076334,0,12,0,1,0
1,5.0,0.79,3,12.776761,0,10,0,2,0
1,5.0,0.7,6,11.266985,0,23,0,2,0
1,5.0,0.79,3,8.75489,0,17,1,3,0
2,0.0,0.85,1,11.831256,0,21,0,2,0
3,0.0,0.79,3,13.144447,1,3,0,1,0
3,0.0,0.85,1,12.292377,1,12,0,1,0
1,60.6,0.1928,10,10.742338,0,15,0,2,1
2,0.0,0.85,1,9.055723,0,15,1,0,0
2,0.0,0.85,1,10.312956,0,20,0,1,0
1,5.0,0.82,2,11.285919,0,21,0,1,0
1,5.0,0.76,4,12.319544,0,15,0,1,0
0,0.0,0.85,1,11.626665,0,12,0,1,0
3,0.0,0.88,0,12.001032,1,2,1,0,0
2,0.0,0.88,0,8.508282,0,11,1,0,0
2,0.0,0.88,0,7.559096,0,17,0,3,0
0,49.0,0.1573,2,13.886839,0,0,0,0,1
2,0.0,0.85,1,9.256351,0,14,0,0,0
1,5.0,0.7,6,12.441225,0,12,0,2,0
0,0.0,0.85,1,11.53259,0,18,0,1,0
1,5.0,0.76,4,12.593166,0,16,0,2,0
1,5.0,0.76,4,11.504663,0,11,0,1,0
1,5.0,0.79,3,12.016013,0,19,0,1,0
1,5.0,0.79,3,8.118383,0,23,1,0,0
2,0.0,0.88,0,10.246481,0,11,0,1,0
1,5.0,0.67,7,10.373919,0,1,0,0,0
1,5.0,0.82,2,10.497662,0,12,1,2,0
1,5.0,0.67,7,10.863509,0,13,0,2,0
1,5.0,0.82,2,10.930859,0,16,0,1,0
1,5.0,0.7,6,9.360785,0,12,0,2,0
0,0.0,0.85,1,10.713748,0,10,0,2,0
1,5.0,0.82,2,7.495131,0,20,0,2,0
1,5.0,0.82,2,10.430037,0,20,0,1,0
3,0.0,0.85,1,7.995394,1,0,0,1,0
1,5.0,0.82,2,13.444593,0,12,0,2,0
0,0.0,0.85,1,12.810783,0,10,0,1,0
1,5.0,0.82,2,11.142507,0,22,0,0,0
1,5.0,0.79,3,8.114534,0,18,0,0,0
0,0.0,0.85,1,10.891586,0,15,0,1,0
1,5.0,0.65,9,12.642325,0,12,0,1,0
1,5.0,0.65,12,13.426015,0,12,0,1,0
1,5.0,0.76,4,12.796736,0,13,0,2,0
1,5.0,0.73,5,13.207737,0,12,0,2,0
1,5.0,0.73,5,12.011866,0,10,0,1,0
0,0.0,0.85,1,8.16334,0,11,0,3,0
1,5.0,0.82,2,9.679803,0,15,0,0,0
1,5.0,0.7,6,10.213282,0,23,1,2,0
2,0.0,0.88,0,11.38384,0,13,0,2,0
0,0.0,0.85,1,9.282505,0,4,0,3,0
0,0.0,0.85,1,12.144455,0,0,0,1,0
0,0.0,0.85,1,6.653211,0,20,0,3,0
2,0.0,0.88,0,8.593426,0,9,1,1,0
3,0.0,0.85,1,10.723237,1,15,0,3,0
1,5.0,0.7,6,11.360267,0,8,1,0,0
2,0.0,0.85,1,10.89109,0,9,0,3,0
2,0.0,0.88,0,6.812807,0,17,1,3,0
0,0.0,0.85,1,11.692021,0,12,1,1,0
1,5.0,0.79,3,8.888588,0,17,1,1,0
1,5.0,0.65,8,10.9442,0,11,1,0,0
0,0.0,0.85,1,10.847779,0,6,1,0,0
1,5.0,0.79,3,13.089874,0,11,1,2,0
3,0.0,0.88,0,12.508311,1,12,1,1,0
3,0.0,0.88,0,12.266691,1,1,1,1,0
0,0.0,0.85,1,11.253084,0,16,1,0,0
3,0.0,0.85,1,13.163179,1,15,1,1,0
1,5.0,0.65,11,10.9376,0,14,1,0,0
1,5.0,0.82,2,8.335508,0,20,0,1,0
1,5.0,0.82,2,9.960198,0,20,0,1,0
1,5.0,0.79,3,11.436255,0,17,1,1,0
0,0.0,0.85,1,8.695011,0,21,0,1,0
1,5.0,0.79,3,9.420539,0,19,0,0,0
2,0.0,0.85,1,4.931809,0,14,0,0,0
0,0.0,0.85,1,8.248335,0,22,0,0,0
2,0.0,0.79,3,7.662548,0,10,1,3,0
1,5.0,0.82,2,10.439641,0,12,0,2,0
1,5.0,0.82,2,10.055286,0,11,0,0,0
3,0.0,0.88,0,12.441563,1,17,0,1,0
1,5.0,0.82,2,11.746114,0,18,0,1,0
3,0.0,0.85,1,10.331514,1,22,0,1,0
0,0.0,0.85,1,8.780222,0,11,1,0,0
0,0.0,0.85,1,12.936094,0,8,1,2,0
2,0.0,0.88,0,6.80746,0,9,0,0,0
1,5.0,0.79,3,8.94829,0,17,0,1,0
1,5.0,0.79,3,9.64752,0,7,0,1,0
2,0.0,0.85,1,10.075565,0,17,1,2,0
0,0.0,0.85,1,10.025495,0,19,1,2,0
0,0.0,0.85,1,9.285391,0,8,0,2,0
2,0.0,0.85,1,11.38597,0,12,0,2,0
2,0.0,0.88,0,8.419146,0,11,0,0,0
2,0.0,0.85,1,8.952425,0,1,1,0,0
0,0.0,0.85,1,9.129935,0,13,0,3,0
3,0.0,0.85,1,12.452229,1,0,0,1,0
1,5.0,0.73,5,13.224753,0,20,0,2,0
1,5.0,0.76,4,10.907079,0,18,0,1,0
3,0.0,0.88,0,11.264405,1,11,1,1,0
0,0.0,0.85,1,11.232219,0,17,0,1,0
1,5.0,0.7,6,12.071135,0,1,0,1,0
0,0.0,0.85,1,9.547988,0,14,1,3,0
3,0.0,0.88,0,11.962076,1,22,1,0,0
1,5.0,0.82,2,10.176452,0,19,0,1,0
2,0.0,0.88,0,9.882627,0,13,0,1,0
1,5.0,0.73,5,12.704255,0,14,1,2,0
0,0.0,0.85,1,9.467141,0,12,0,0,0
1,5.0,0.65,9,11.426288,0,23,0,1,0
1,5.0,0.65,10,10.444599,0,12,0,0,0
1,5.0,0.82,2,12.485264,0,15,0,2,0
0,0.0,0.85,1,11.086332,0,16,0,1,0
2,0.0,0.88,0,11.093135,0,20,0,2,0
2,0.0,0.85,1,8.06339,0,4,0,0,0
0,0.0,0.85,1,13.397251,0,9,0,2,0
0,0.0,0.85,1,10.813011,0,22,0,1,0
0,0.0,0.85,1,8.407481,0,10,0,0,0
2,0.0,0.88,0,11.091338,0,14,1,1,0
2,0.0,0.85,1,10.659928,0,19,0,1,0
2,0.0,0.85,1,11.717764,0,14,0,2,0
1,5.0,0.82,2,9.765988,0,15,0,0,0
1,5.0,0.79,3,13.789159,0,14,0,2,0
1,5.0,0.76,4,11.537081,0,15,1,0,0
1,5.0,0.79,3,8.937257,0,14,0,2,0
0,0.0,0.85,1,11.646917,0,14,0,1,0
1,79.9,0.0618,2,16.390621,0,1,0,2,1
1,5.0,0.82,2,12.398423,0,11,0,1,0
1,5.0,0.82,2,11.265489,0,12,0,1,0
2,0.0,0.88,0,11.830837,0,20,1,2,0
1,5.0,0.82,2,7.972607,0,19,0,3,0
0,0.0,0.85,1,12.675039,0,13,0,2,0
1,5.0,0.82,2,9.240378,0,12,0,3,0
1,5.0,0.65,12,13.206323,0,14,0,1,0
1,5.0,0.82,2,9.098562,0,13,0,0,0
1,5.0,0.82,2,10.326602,0,12,1,0,0
2,0.0,0.88,0,7.163428,0,12,0,1,0
1,5.0,0.65,12,13.381801,0,9,0,1,0
1,68.9,0.1196,1,3.598134,0,13,0,1,1
1,5.0,0.73,5,13.660365,0,12,0,2,0
1,5.0,0.79,3,11.549239,0,13,0,1,0
2,0.0,0.88,0,9.176638,0,1,0,0,0
3,0.0,0.88,0,11.514062,1,13,1,2,0
2,0.0,0.88,0,7.91857,0,16,0,1,0
1,5.0,0.79,3,11.591377,0,18,1,1,0
0,0.0,0.85,1,9.667784,0,17,0,1,0
0,73.9,0.1143,0,14.181625,0,10,0,0,1
2,0.0,0.88,0,6.586172,0,13,0,0,0
0,0.0,0.85,1,12.373651,0,1,1,1,0
3,0.0,0.88,0,12.557654,1,0,0,0,0
0,0.0,0.85,1,10.535208,0,1,0,1,0
1,5.0,0.82,2,13.702572,0,12,0,2,0
1,5.0,0.76,4,11.897415,0,12,0,1,0
1,5.0,0.7,6,8.815501,0,15,0,3,0
2,0.0,0.85,1,9.027125,0,17,1,0,0
1,5.0,0.7,6,7.484897,0,19,0,0,0
1,5.0,0.7,6,11.641911,0,10,1,1,0
3,0.0,0.88,0,12.817456,1,12,0,1,0
0,0.0,0.85,1,11.316091,0,9,0,1,0
1,5.0,0.73,5,10.866629,0,9,0,0,0
3,0.0,0.85,1,12.943498,1,2,0,1,0
2,0.0,0.88,0,6.472779,0,8,0,3,0
1,5.0,0.79,3,10.047835,0,20,0,2,0
1,5.0,0.73,5,13.440707,0,0,1,2,0
2,0.0,0.88,0,8.978208,0,18,0,0,0
1,5.0,0.65,8,9.420086,0,2,1,0,0
0,0.0,0.85,1,11.47584,0,18,0,1,0
2,0.0,0.85,1,9.076728,0,12,0,0,0
3,0.0,0.85,1,12.544732,1,8,1,1,0
1,5.0,0.79,3,11.843821,0,16,1,1,0
2,0.0,0.88,0,9.414468,0,14,0,0,0
2,0.0,0.76,4,9.89639,0,9,1,1,0
1,5.0,0.82,2,7.88325,0,16,0,3,0
1,5.0,0.65,9,11.476405,0,0,0,1,0
2,0.0,0.88,0,9.367857,0,5,0,0,0
1,5.0,0.82,2,8.374235,0,17,1,2,0
1,5.0,0.7,6,10.309363,0,13,0,0,0
1,5.0,0.76,4,11.00253,0,14,0,2,0
1,5.0,0.67,7,11.987746,0,10,1,1,0
2,0.0,0.88,0,11.107896,0,14,0,1,0
2,0.0,0.88,0,10.81057,0,18,0,2,0
2,0.0,0.85,1,10.136986,0,13,0,2,0
1,5.0,0.79,3,10.642503,0,8,1,1,0
1,5.0,0.82,2,13.275688,0,18,1,2,0
1,5.0,0.82,2,13.282942,0,12,1,2,0
2,0.0,0.88,0,8.924901,0,11,1,0,0
1,5.0,0.7,6,12.795769,0,9,0,1,0
1,5.0,0.65,9,9.07641,0,14,0,3,0
1,5.0,0.79,3,11.598919,0,18,1,1,0
0,78.9,0.1517,18,7.894396,0,10,0,3,1
1,5.0,0.65,10,9.997344,0,0,1,0,0
1,5.0,0.7,6,10.757863,0,12,1,2,0
1,5.0,0.82,2,10.883984,0,9,0,1,0
2,0.0,0.88,0,7.9517,0,23,1,1,0
1,5.0,0.79,3,11.729231,0,16,0,1,0
0,0.0,0.88,0,11.342259,0,11,0,0,0
3,0.0,0.88,0,12.503214,1,23,0,1,0
2,0.0,0.88,0,11.566506,0,16,0,2,0
0,0.0,0.85,1,10.711336,0,0,1,0,0
2,0.0,0.85,1,7.965948,0,15,1,0,0
2,0.0,0.88,0,10.737976,0,9,1,2,0
2,0.0,0.88,0,8.465234,0,16,0,0,0
2,0.0,0.88,0,11.677756,0,12,0,2,0
1,5.0,0.7,6,13.661339,0,18,1,2,0
1,5.0,0.79,3,12.407893,0,17,0,2,0
1,5.0,0.79,3,8.313825,0,0,1,3,0
